-- MySQL dump 10.13  Distrib 5.6.21, for Win32 (x86)
--
-- Host: localhost    Database: business-directory-2
-- ------------------------------------------------------
-- Server version	5.6.21

/*!40101 SET @OLD_CHARACTER_SET_CLIENT=@@CHARACTER_SET_CLIENT */;
/*!40101 SET @OLD_CHARACTER_SET_RESULTS=@@CHARACTER_SET_RESULTS */;
/*!40101 SET @OLD_COLLATION_CONNECTION=@@COLLATION_CONNECTION */;
/*!40101 SET NAMES utf8 */;
/*!40103 SET @OLD_TIME_ZONE=@@TIME_ZONE */;
/*!40103 SET TIME_ZONE='+00:00' */;
/*!40014 SET @OLD_UNIQUE_CHECKS=@@UNIQUE_CHECKS, UNIQUE_CHECKS=0 */;
/*!40014 SET @OLD_FOREIGN_KEY_CHECKS=@@FOREIGN_KEY_CHECKS, FOREIGN_KEY_CHECKS=0 */;
/*!40101 SET @OLD_SQL_MODE=@@SQL_MODE, SQL_MODE='NO_AUTO_VALUE_ON_ZERO' */;
/*!40111 SET @OLD_SQL_NOTES=@@SQL_NOTES, SQL_NOTES=0 */;

--
-- Table structure for table `ads`
--

DROP TABLE IF EXISTS `ads`;
/*!40101 SET @saved_cs_client     = @@character_set_client */;
/*!40101 SET character_set_client = utf8 */;
CREATE TABLE `ads` (
  `id` int(11) NOT NULL AUTO_INCREMENT,
  `code` varchar(45) COLLATE utf8_unicode_ci DEFAULT NULL,
  `title` varchar(45) COLLATE utf8_unicode_ci DEFAULT NULL,
  `type` varchar(45) COLLATE utf8_unicode_ci DEFAULT NULL,
  `description` varchar(45) COLLATE utf8_unicode_ci DEFAULT NULL,
  `width` varchar(15) COLLATE utf8_unicode_ci DEFAULT NULL,
  `height` varchar(15) COLLATE utf8_unicode_ci DEFAULT NULL,
  `link` varchar(160) COLLATE utf8_unicode_ci DEFAULT NULL,
  `repository_id` int(11) DEFAULT NULL,
  `is_activated` tinyint(1) DEFAULT '1',
  `is_hardlocked` tinyint(1) DEFAULT '0',
  `is_random` tinyint(1) DEFAULT '0',
  PRIMARY KEY (`id`)
) ENGINE=InnoDB AUTO_INCREMENT=5 DEFAULT CHARSET=utf8 COLLATE=utf8_unicode_ci;
/*!40101 SET character_set_client = @saved_cs_client */;

--
-- Dumping data for table `ads`
--

INSERT INTO `ads` VALUES (1,'Leaderboard','Jira','2','Leaderboard banner 728x90','728','90','https://www.atlassian.com',235,1,0,1),(3,'0','Volkswagen Golf','1','Volkswagen Golf banner','0','0','http://en.wikipedia.org/wiki/Volkswagen_Golf',238,1,0,1),(4,NULL,'webtechcon','0','webtechcon',NULL,NULL,'http://webtechcon.de',239,1,0,1);

--
-- Table structure for table `affilate_packages`
--

DROP TABLE IF EXISTS `affilate_packages`;
/*!40101 SET @saved_cs_client     = @@character_set_client */;
/*!40101 SET character_set_client = utf8 */;
CREATE TABLE `affilate_packages` (
  `id_affilate_packages` int(11) NOT NULL AUTO_INCREMENT,
  `user_id` int(11) DEFAULT NULL,
  `treefield_id` int(11) DEFAULT NULL,
  `date_last_payment` datetime DEFAULT NULL,
  `date_expire` datetime DEFAULT NULL,
  `paid_total` decimal(9,2) DEFAULT NULL,
  `currency` varchar(45) COLLATE utf8_unicode_ci DEFAULT NULL,
  PRIMARY KEY (`id_affilate_packages`)
) ENGINE=InnoDB DEFAULT CHARSET=utf8 COLLATE=utf8_unicode_ci;
/*!40101 SET character_set_client = @saved_cs_client */;

--
-- Dumping data for table `affilate_packages`
--


--
-- Table structure for table `agency_agent`
--

DROP TABLE IF EXISTS `agency_agent`;
/*!40101 SET @saved_cs_client     = @@character_set_client */;
/*!40101 SET character_set_client = utf8 */;
CREATE TABLE `agency_agent` (
  `id` int(11) NOT NULL AUTO_INCREMENT,
  `agency_id` int(11) DEFAULT NULL,
  `agent_id` int(11) DEFAULT NULL,
  PRIMARY KEY (`id`)
) ENGINE=InnoDB DEFAULT CHARSET=utf8 COLLATE=utf8_unicode_ci;
/*!40101 SET character_set_client = @saved_cs_client */;

--
-- Dumping data for table `agency_agent`
--


--
-- Table structure for table `backup`
--

DROP TABLE IF EXISTS `backup`;
/*!40101 SET @saved_cs_client     = @@character_set_client */;
/*!40101 SET character_set_client = utf8 */;
CREATE TABLE `backup` (
  `id` int(11) NOT NULL AUTO_INCREMENT,
  `date_created` datetime DEFAULT NULL,
  `sql_file` varchar(160) COLLATE utf8_unicode_ci DEFAULT NULL,
  `zip_file` varchar(160) COLLATE utf8_unicode_ci DEFAULT NULL,
  `script_version` varchar(45) COLLATE utf8_unicode_ci DEFAULT NULL,
  PRIMARY KEY (`id`)
) ENGINE=InnoDB DEFAULT CHARSET=utf8 COLLATE=utf8_unicode_ci;
/*!40101 SET character_set_client = @saved_cs_client */;

--
-- Dumping data for table `backup`
--


--
-- Table structure for table `cacher`
--

DROP TABLE IF EXISTS `cacher`;
/*!40101 SET @saved_cs_client     = @@character_set_client */;
/*!40101 SET character_set_client = utf8 */;
CREATE TABLE `cacher` (
  `id` int(11) NOT NULL AUTO_INCREMENT,
  `index_hash` varchar(40) COLLATE utf8_unicode_ci DEFAULT NULL,
  `index_real` varchar(100) COLLATE utf8_unicode_ci DEFAULT NULL,
  `value` text COLLATE utf8_unicode_ci,
  `expire_date` datetime DEFAULT NULL,
  PRIMARY KEY (`id`),
  UNIQUE KEY `index_chars_UNIQUE` (`index_hash`)
) ENGINE=InnoDB AUTO_INCREMENT=33 DEFAULT CHARSET=utf8 COLLATE=utf8_unicode_ci;
/*!40101 SET character_set_client = @saved_cs_client */;

--
-- Dumping data for table `cacher`
--

INSERT INTO `cacher` VALUES (31,'90f296016d429eb3ab7fc87af6c9d08c','zagreb','s:1537:\"{\n   \"results\" : [\n      {\n         \"address_components\" : [\n            {\n               \"long_name\" : \"Zagreb\",\n               \"short_name\" : \"Zagreb\",\n               \"types\" : [ \"locality\", \"political\" ]\n            },\n            {\n               \"long_name\" : \"City of Zagreb\",\n               \"short_name\" : \"City of Zagreb\",\n               \"types\" : [ \"administrative_area_level_1\", \"political\" ]\n            },\n            {\n               \"long_name\" : \"Croatia\",\n               \"short_name\" : \"HR\",\n               \"types\" : [ \"country\", \"political\" ]\n            }\n         ],\n         \"formatted_address\" : \"Zagreb, Croatia\",\n         \"geometry\" : {\n            \"bounds\" : {\n               \"northeast\" : {\n                  \"lat\" : 45.9395392,\n                  \"lng\" : 16.1069727\n               },\n               \"southwest\" : {\n                  \"lat\" : 45.7408527,\n                  \"lng\" : 15.8216904\n               }\n            },\n            \"location\" : {\n               \"lat\" : 45.8150108,\n               \"lng\" : 15.981919\n            },\n            \"location_type\" : \"APPROXIMATE\",\n            \"viewport\" : {\n               \"northeast\" : {\n                  \"lat\" : 45.9395392,\n                  \"lng\" : 16.1069727\n               },\n               \"southwest\" : {\n                  \"lat\" : 45.7408527,\n                  \"lng\" : 15.8216904\n               }\n            }\n         },\n         \"place_id\" : \"ChIJOcwCyZLWZUcRisL7KJYkRTo\",\n         \"types\" : [ \"locality\", \"political\" ]\n      }\n   ],\n   \"status\" : \"OK\"\n}\n\";','2023-05-23 18:09:16'),(32,'8f2c9eed77b1081513e05e2feb7a2d68','trg+slobode+9,+42000,+vara','s:2001:\"{\n   \"results\" : [\n      {\n         \"address_components\" : [\n            {\n               \"long_name\" : \"9\",\n               \"short_name\" : \"9\",\n               \"types\" : [ \"street_number\" ]\n            },\n            {\n               \"long_name\" : \"Trg slobode\",\n               \"short_name\" : \"Trg slobode\",\n               \"types\" : [ \"route\" ]\n            },\n            {\n               \"long_name\" : \"Varaždin\",\n               \"short_name\" : \"Varaždin\",\n               \"types\" : [ \"locality\", \"political\" ]\n            },\n            {\n               \"long_name\" : \"Općina Varaždin\",\n               \"short_name\" : \"Općina Varaždin\",\n               \"types\" : [ \"administrative_area_level_2\", \"political\" ]\n            },\n            {\n               \"long_name\" : \"Varaždinska županija\",\n               \"short_name\" : \"Varaždinska županija\",\n               \"types\" : [ \"administrative_area_level_1\", \"political\" ]\n            },\n            {\n               \"long_name\" : \"Croatia\",\n               \"short_name\" : \"HR\",\n               \"types\" : [ \"country\", \"political\" ]\n            },\n            {\n               \"long_name\" : \"42000\",\n               \"short_name\" : \"42000\",\n               \"types\" : [ \"postal_code\" ]\n            }\n         ],\n         \"formatted_address\" : \"Trg slobode 9, 42000, Varaždin, Croatia\",\n         \"geometry\" : {\n            \"location\" : {\n               \"lat\" : 46.30566839999999,\n               \"lng\" : 16.3365465\n            },\n            \"location_type\" : \"ROOFTOP\",\n            \"viewport\" : {\n               \"northeast\" : {\n                  \"lat\" : 46.30701738029149,\n                  \"lng\" : 16.3378954802915\n               },\n               \"southwest\" : {\n                  \"lat\" : 46.3043194197085,\n                  \"lng\" : 16.3351975197085\n               }\n            }\n         },\n         \"partial_match\" : true,\n         \"place_id\" : \"ChIJwQpBNdeqaEcRNww0x8Q7FbU\",\n         \"types\" : [ \"street_address\" ]\n      }\n   ],\n   \"status\" : \"OK\"\n}\n\";','2026-05-28 13:23:54');

--
-- Table structure for table `ci_sessions`
--

DROP TABLE IF EXISTS `ci_sessions`;
/*!40101 SET @saved_cs_client     = @@character_set_client */;
/*!40101 SET character_set_client = utf8 */;
CREATE TABLE `ci_sessions` (
  `session_id` varchar(40) COLLATE utf8_unicode_ci NOT NULL DEFAULT '0',
  `ip_address` varchar(45) COLLATE utf8_unicode_ci NOT NULL DEFAULT '0',
  `user_agent` varchar(120) COLLATE utf8_unicode_ci NOT NULL,
  `last_activity` int(10) unsigned NOT NULL DEFAULT '0',
  `user_data` text COLLATE utf8_unicode_ci NOT NULL,
  PRIMARY KEY (`session_id`),
  KEY `last_activity_idx` (`last_activity`)
) ENGINE=MyISAM DEFAULT CHARSET=utf8 COLLATE=utf8_unicode_ci;
/*!40101 SET character_set_client = @saved_cs_client */;

--
-- Dumping data for table `ci_sessions`
--


--
-- Table structure for table `conversions`
--

DROP TABLE IF EXISTS `conversions`;
/*!40101 SET @saved_cs_client     = @@character_set_client */;
/*!40101 SET character_set_client = utf8 */;
CREATE TABLE `conversions` (
  `id` int(11) NOT NULL,
  `currency_code` varchar(10) COLLATE utf8_unicode_ci DEFAULT NULL,
  `conversion_index` decimal(10,2) DEFAULT NULL,
  `currency_symbol` varchar(5) COLLATE utf8_unicode_ci DEFAULT NULL
) ENGINE=InnoDB DEFAULT CHARSET=utf8 COLLATE=utf8_unicode_ci;
/*!40101 SET character_set_client = @saved_cs_client */;

--
-- Dumping data for table `conversions`
--

INSERT INTO `conversions` VALUES (1,'HRK',1.00,NULL),(2,'EUR',7.50,''),(3,'USD',6.50,'$');

--
-- Table structure for table `custom_templates`
--

DROP TABLE IF EXISTS `custom_templates`;
/*!40101 SET @saved_cs_client     = @@character_set_client */;
/*!40101 SET character_set_client = utf8 */;
CREATE TABLE `custom_templates` (
  `id` int(11) NOT NULL AUTO_INCREMENT,
  `theme` varchar(150) COLLATE utf8_unicode_ci DEFAULT NULL,
  `template_name` varchar(150) COLLATE utf8_unicode_ci DEFAULT NULL,
  `type` varchar(45) COLLATE utf8_unicode_ci DEFAULT NULL COMMENT 'RIGHT|LEFT',
  `widgets_order` text COLLATE utf8_unicode_ci,
  PRIMARY KEY (`id`)
) ENGINE=InnoDB AUTO_INCREMENT=4 DEFAULT CHARSET=utf8 COLLATE=utf8_unicode_ci;
/*!40101 SET character_set_client = @saved_cs_client */;

--
-- Dumping data for table `custom_templates`
--

INSERT INTO `custom_templates` VALUES (1,'realocation','Custom Contact','RIGHT','{  \"header\": [  \"header_usermenu\", \"header_headertop\", \"header_menu\" ], \"top\": [  \"top_slogan\", \"top_companymap\" ], \"center\": [  \"center_defaultcontent\", \"center_contact\" ], \"right\": [  \"right_recentproperties\" ], \"bottom\": [ ], \"footer\": [  \"footer_rights\", \"footer_social\" ] }'),(2,'realsite','visual-test','RIGHT','{  \"header\": [  \"header_loginmenu\", \"header_mainmenu\" ], \"top\": [  \"top_slidercityguide\" ], \"center\": [  \"center_carouselrecentproperties\", \"center_defaultcontent\" ], \"right\": [  \"right_contact\" ], \"bottom\": [  \"bottom_choosecolor\", \"bottom_partners\" ], \"footer\": [  \"footer_allreserved\" ] }'),(3,'local','Home Categories','RIGHT','{\"header\":[\"header_searchbanner_menu_guide\"],\"top\":[\"top_categories_tiles\",\"top_lastlistings\",\"top_banner_wp_html\",\"top_location_html\"],\"center\":[],\"right\":[],\"bottom\":[\"bottom_recentreviews\"],\"footer\":[\"footer_logo\",\"footer_menu\",\"footer_topplaces\",\"footer_follow\"]}');

--
-- Table structure for table `dependent_field`
--

DROP TABLE IF EXISTS `dependent_field`;
/*!40101 SET @saved_cs_client     = @@character_set_client */;
/*!40101 SET character_set_client = utf8 */;
CREATE TABLE `dependent_field` (
  `id_dependent_field` int(11) NOT NULL AUTO_INCREMENT,
  `field_id` int(11) DEFAULT NULL COMMENT 'Dependent field/option id',
  `selected_index` int(11) DEFAULT NULL COMMENT 'Selected dropdown index',
  `selected_value` int(11) DEFAULT NULL COMMENT 'Dependent field value (not required)',
  `hidden_fields_list` text COLLATE utf8_unicode_ci COMMENT 'saparated with comma "1,2,3"',
  PRIMARY KEY (`id_dependent_field`)
) ENGINE=InnoDB DEFAULT CHARSET=utf8 COLLATE=utf8_unicode_ci;
/*!40101 SET character_set_client = @saved_cs_client */;

--
-- Dumping data for table `dependent_field`
--


--
-- Table structure for table `enquire`
--

DROP TABLE IF EXISTS `enquire`;
/*!40101 SET @saved_cs_client     = @@character_set_client */;
/*!40101 SET character_set_client = utf8 */;
CREATE TABLE `enquire` (
  `id` int(11) NOT NULL AUTO_INCREMENT,
  `property_id` int(11) DEFAULT NULL,
  `name_surname` varchar(45) COLLATE utf8_unicode_ci DEFAULT NULL,
  `phone` varchar(45) COLLATE utf8_unicode_ci DEFAULT NULL,
  `date` datetime DEFAULT NULL,
  `mail` varchar(45) COLLATE utf8_unicode_ci DEFAULT NULL,
  `message` text COLLATE utf8_unicode_ci,
  `readed` binary(1) DEFAULT '0',
  `address` text COLLATE utf8_unicode_ci,
  `fromdate` varchar(20) COLLATE utf8_unicode_ci DEFAULT NULL,
  `todate` varchar(20) COLLATE utf8_unicode_ci DEFAULT NULL,
  `last_reply` text COLLATE utf8_unicode_ci,
  `agent_id` int(11) DEFAULT NULL,
  `from_id` int(11) DEFAULT NULL,
  `to_id` int(11) DEFAULT NULL,
  `del_from` int(11) NOT NULL DEFAULT '0',
  `del_to` int(11) NOT NULL DEFAULT '0',
  PRIMARY KEY (`id`),
  KEY `fk_enquire_property1_idx` (`property_id`),
  CONSTRAINT `fk_enquire_property1` FOREIGN KEY (`property_id`) REFERENCES `property` (`id`) ON DELETE NO ACTION ON UPDATE NO ACTION
) ENGINE=InnoDB DEFAULT CHARSET=utf8 COLLATE=utf8_unicode_ci;
/*!40101 SET character_set_client = @saved_cs_client */;

--
-- Dumping data for table `enquire`
--


--
-- Table structure for table `favorites`
--

DROP TABLE IF EXISTS `favorites`;
/*!40101 SET @saved_cs_client     = @@character_set_client */;
/*!40101 SET character_set_client = utf8 */;
CREATE TABLE `favorites` (
  `id` int(11) NOT NULL AUTO_INCREMENT,
  `date_saved` datetime DEFAULT NULL,
  `lang_code` varchar(45) COLLATE utf8_unicode_ci DEFAULT 'en',
  `user_id` int(11) DEFAULT NULL,
  `property_id` int(11) DEFAULT NULL,
  `date_last_informed` datetime DEFAULT NULL,
  PRIMARY KEY (`id`)
) ENGINE=InnoDB AUTO_INCREMENT=2 DEFAULT CHARSET=utf8 COLLATE=utf8_unicode_ci;
/*!40101 SET character_set_client = @saved_cs_client */;

--
-- Dumping data for table `favorites`
--

INSERT INTO `favorites` VALUES (1,'2018-03-27 13:47:40','en',8,11,'2018-03-27 13:47:40');

--
-- Table structure for table `file`
--

DROP TABLE IF EXISTS `file`;
/*!40101 SET @saved_cs_client     = @@character_set_client */;
/*!40101 SET character_set_client = utf8 */;
CREATE TABLE `file` (
  `id` int(11) NOT NULL AUTO_INCREMENT,
  `order` int(11) DEFAULT NULL,
  `filename` varchar(200) COLLATE utf8_unicode_ci DEFAULT NULL,
  `filetype` varchar(45) COLLATE utf8_unicode_ci DEFAULT NULL,
  `repository_id` int(11) NOT NULL,
  `alt` varchar(100) COLLATE utf8_unicode_ci DEFAULT NULL,
  `description` text COLLATE utf8_unicode_ci,
  `title` varchar(255) COLLATE utf8_unicode_ci DEFAULT NULL,
  `link` varchar(255) COLLATE utf8_unicode_ci DEFAULT NULL,
  `listing_id` int(11) DEFAULT NULL,
  PRIMARY KEY (`id`),
  UNIQUE KEY `filename_UNIQUE` (`filename`),
  KEY `fk_file_repository1_idx` (`repository_id`),
  CONSTRAINT `fk_file_repository1` FOREIGN KEY (`repository_id`) REFERENCES `repository` (`id`) ON DELETE NO ACTION ON UPDATE NO ACTION
) ENGINE=InnoDB AUTO_INCREMENT=464 DEFAULT CHARSET=utf8 COLLATE=utf8_unicode_ci;
/*!40101 SET character_set_client = @saved_cs_client */;

--
-- Dumping data for table `file`
--

INSERT INTO `file` VALUES (1,1,'sandi.winter.jpg','image/jpeg',6,NULL,NULL,NULL,NULL,NULL),(2,2,'agent.jpg','image/jpeg',21,NULL,NULL,NULL,NULL,NULL),(64,30,'agent-lazo.jpg','image/jpeg',184,NULL,NULL,NULL,NULL,NULL),(65,31,'pero-agent.jpg','image/jpeg',185,NULL,NULL,NULL,NULL,NULL),(91,1,'413539183_cc8e400d9d_o.jpg','image/jpeg',24,NULL,NULL,NULL,NULL,NULL),(92,2,'413539186_5b9d7a1390_o.jpg','image/jpeg',24,NULL,NULL,NULL,NULL,NULL),(93,3,'413539179_0f7a2d340c_o.jpg','image/jpeg',24,NULL,NULL,NULL,NULL,NULL),(94,4,'413539182_ca0a93549d_o.jpg','image/jpeg',24,NULL,NULL,NULL,NULL,NULL),(95,39,'5388658660_975a93b2ae_b (1).jpg','image/jpeg',207,NULL,NULL,NULL,NULL,NULL),(96,40,'5388053335_81ea378b09_b (1).jpg','image/jpeg',207,NULL,NULL,NULL,NULL,NULL),(97,41,'5388053637_ba77c0b486_b (1).jpg','image/jpeg',207,NULL,NULL,NULL,NULL,NULL),(98,42,'5388050721_b84cf3a0a3_b (1).jpg','image/jpeg',208,NULL,NULL,NULL,NULL,NULL),(99,43,'5388050983_0bf177bb8a_b (1).jpg','image/jpeg',208,NULL,NULL,NULL,NULL,NULL),(100,44,'5388050419_e3ef95b8eb_b (1).jpg','image/jpeg',209,NULL,NULL,NULL,NULL,NULL),(101,45,'576752732_a5c79cbb1f_o (1).jpg','image/jpeg',209,NULL,NULL,NULL,NULL,NULL),(102,46,'5388051239_00764065f2_b (1).jpg','image/jpeg',211,NULL,NULL,NULL,NULL,NULL),(103,47,'1199605400_2b897736d1_o (1).jpg','image/jpeg',211,NULL,NULL,NULL,NULL,NULL),(104,48,'501843272_9479110f60_b.jpg','image/jpeg',24,NULL,NULL,NULL,NULL,NULL),(105,1,'jira-728x90jpg.jpg','image/jpeg',235,NULL,NULL,NULL,NULL,NULL),(107,2,'feedingamerica_728x90.gif','image/gif',235,NULL,NULL,NULL,NULL,NULL),(109,49,'creative-banners-volkswagen-golf-australia-launch.jpg','image/jpeg',238,NULL,NULL,NULL,NULL,NULL),(110,50,'moki-preka-draudimas-180x150px-1.jpg','image/jpeg',239,NULL,NULL,NULL,NULL,NULL),(111,51,'wtc_promobutton2.jpg','image/jpeg',239,NULL,NULL,NULL,NULL,NULL),(112,52,'5388057701_5a618e8a9e_b (1).jpg','image/jpeg',240,NULL,NULL,NULL,NULL,NULL),(113,53,'5388058111_cbf80b7902_b (1).jpg','image/jpeg',240,NULL,NULL,NULL,NULL,NULL),(122,1,'wap-logo v2.png','image/png',241,NULL,NULL,NULL,NULL,NULL),(123,2,'Row-of-New-Ties-in-the-Shop.jpg','image/jpeg',241,NULL,NULL,NULL,NULL,NULL),(124,4,'aresol-flat-tire-repair.jpg','image/jpeg',241,NULL,NULL,NULL,NULL,NULL),(125,3,'Tampa-Tire-Repair.jpg','image/jpeg',241,NULL,NULL,NULL,NULL,NULL),(126,54,'logo-350.png','image/png',243,NULL,NULL,NULL,NULL,NULL),(127,55,'14504018.jpg','image/jpeg',243,NULL,NULL,NULL,NULL,NULL),(128,56,'780354570.jpg','image/jpeg',243,NULL,NULL,NULL,NULL,NULL),(129,57,'cropped-logo2.png','image/png',244,NULL,NULL,NULL,NULL,NULL),(130,58,'ar123766726859378.jpg','image/jpeg',244,NULL,NULL,NULL,NULL,NULL),(131,59,'original.jpg','image/jpeg',244,NULL,NULL,NULL,NULL,NULL),(132,60,'sellers-market.jpg','image/jpeg',244,NULL,NULL,NULL,NULL,NULL),(133,61,'CV-example-1.doc','application/msword',21,NULL,NULL,NULL,NULL,NULL),(134,62,'alogo3.png','image/png',185,NULL,NULL,NULL,NULL,NULL),(136,64,'apartment-sketch (1).pdf','application/pdf',244,NULL,NULL,NULL,NULL,NULL),(137,65,'cute-baby-wallpapers-4.jpg','image/jpeg',247,NULL,NULL,NULL,NULL,NULL),(140,66,'adzoo_728x90 (4).gif','image/gif',235,NULL,NULL,NULL,NULL,NULL),(150,67,'remax.png','image/png',21,NULL,NULL,NULL,NULL,NULL),(151,68,'alogo4.png','image/png',184,NULL,NULL,NULL,NULL,NULL),(256,85,'real_estate_banneragent.jpg','image/jpeg',281,NULL,NULL,NULL,NULL,NULL),(257,86,'bg_hero_repair_930px_x_250px.png','image/png',280,NULL,NULL,NULL,NULL,NULL),(260,87,'zoom.jpg','image/jpeg',196,NULL,NULL,NULL,NULL,NULL),(261,6,'arena.jpg','image/jpeg',22,'','','','',12),(265,5,'center.jpg','image/jpeg',22,'','','','',4),(266,4,'castle.jpg','image/jpeg',22,'','testtesttesttesttest','test','',2),(339,108,'treefield_albania.jpg','image/jpeg',311,NULL,NULL,NULL,NULL,NULL),(340,109,'treefield_austria.jpg','image/jpeg',312,NULL,NULL,NULL,NULL,NULL),(341,110,'treefield_belarus.jpg','image/jpeg',313,NULL,NULL,NULL,NULL,NULL),(342,111,'treefield_belgium.jpg','image/jpeg',314,NULL,NULL,NULL,NULL,NULL),(343,112,'treefield_bosnia_herz.jpg','image/jpeg',315,NULL,NULL,NULL,NULL,NULL),(344,113,'treefield_bulgaria.jpg','image/jpeg',316,NULL,NULL,NULL,NULL,NULL),(345,114,'treefield_croatia.jpg','image/jpeg',317,NULL,NULL,NULL,NULL,NULL),(346,115,'treefield_czech.jpg','image/jpeg',318,NULL,NULL,NULL,NULL,NULL),(347,116,'treefield_denmark.jpg','image/jpeg',319,NULL,NULL,NULL,NULL,NULL),(348,117,'treefield_estonia.jpg','image/jpeg',320,NULL,NULL,NULL,NULL,NULL),(349,118,'treefield_finland.jpg','image/jpeg',321,NULL,NULL,NULL,NULL,NULL),(350,119,'treefield_france.jpg','image/jpeg',322,NULL,NULL,NULL,NULL,NULL),(351,120,'treefield_germany.jpg','image/jpeg',323,NULL,NULL,NULL,NULL,NULL),(352,121,'treefield_greece.jpg','image/jpeg',324,NULL,NULL,NULL,NULL,NULL),(353,122,'treefield_hungary.jpg','image/jpeg',325,NULL,NULL,NULL,NULL,NULL),(354,123,'treefield_iceland.jpg','image/jpeg',326,NULL,NULL,NULL,NULL,NULL),(355,124,'treefield_ireland.jpg','image/jpeg',327,NULL,NULL,NULL,NULL,NULL),(356,125,'treefield_italy.jpg','image/jpeg',328,NULL,NULL,NULL,NULL,NULL),(357,126,'treefield_latvia.jpg','image/jpeg',329,NULL,NULL,NULL,NULL,NULL),(358,127,'treefield_lithuania.jpg','image/jpeg',330,NULL,NULL,NULL,NULL,NULL),(359,128,'treefield_luxembourg.jpg','image/jpeg',331,NULL,NULL,NULL,NULL,NULL),(360,129,'treefield_macedonia.jpg','image/jpeg',332,NULL,NULL,NULL,NULL,NULL),(361,130,'treefield_moldova.jpg','image/jpeg',333,NULL,NULL,NULL,NULL,NULL),(362,131,'treefield_montenegro.jpg','image/jpeg',334,NULL,NULL,NULL,NULL,NULL),(363,132,'treefield_netherlands.jpg','image/jpeg',335,NULL,NULL,NULL,NULL,NULL),(364,133,'treefield_norway.jpg','image/jpeg',336,NULL,NULL,NULL,NULL,NULL),(365,134,'treefield_poland.jpg','image/jpeg',337,NULL,NULL,NULL,NULL,NULL),(366,135,'treefield_portugal.jpg','image/jpeg',338,NULL,NULL,NULL,NULL,NULL),(367,136,'treefield_romania.jpg','image/jpeg',339,NULL,NULL,NULL,NULL,NULL),(368,137,'treefield_serbia.jpg','image/jpeg',340,NULL,NULL,NULL,NULL,NULL),(369,138,'treefield_slovakia.jpg','image/jpeg',341,NULL,NULL,NULL,NULL,NULL),(370,139,'treefield_slovenia.jpg','image/jpeg',342,NULL,NULL,NULL,NULL,NULL),(371,140,'treefield_spain.jpg','image/jpeg',343,NULL,NULL,NULL,NULL,NULL),(372,141,'treefield_sweden.jpg','image/jpeg',344,NULL,NULL,NULL,NULL,NULL),(373,142,'treefield_switzerland.jpg','image/jpeg',345,NULL,NULL,NULL,NULL,NULL),(374,143,'treefield_ukraine.jpg','image/jpeg',346,NULL,NULL,NULL,NULL,NULL),(375,144,'treefield_united_kingdom.jpg','image/jpeg',347,NULL,NULL,NULL,NULL,NULL),(384,145,'image_3.jpg','image/jpeg',288,NULL,NULL,NULL,NULL,NULL),(385,146,'image_1.jpg','image/jpeg',288,NULL,NULL,NULL,NULL,NULL),(386,147,'image_2.jpg','image/jpeg',288,NULL,NULL,NULL,NULL,NULL),(387,148,'image_4.jpg','image/jpeg',289,NULL,NULL,NULL,NULL,NULL),(388,149,'image_8.jpg','image/jpeg',289,NULL,NULL,NULL,NULL,NULL),(389,150,'image_10.jpg','image/jpeg',289,NULL,NULL,NULL,NULL,NULL),(390,151,'image_16.jpg','image/jpeg',290,NULL,NULL,NULL,NULL,NULL),(391,152,'image_24.jpg','image/jpeg',290,NULL,NULL,NULL,NULL,NULL),(392,153,'image_23.jpg','image/jpeg',290,NULL,NULL,NULL,NULL,NULL),(393,154,'image_25.jpg','image/jpeg',291,NULL,NULL,NULL,NULL,NULL),(394,155,'image_17.jpg','image/jpeg',291,NULL,NULL,NULL,NULL,NULL),(395,156,'image_28.jpg','image/jpeg',291,NULL,NULL,NULL,NULL,NULL),(396,157,'image_19.jpg','image/jpeg',292,NULL,NULL,NULL,NULL,NULL),(397,158,'image_23 (1).jpg','image/jpeg',292,NULL,NULL,NULL,NULL,NULL),(398,159,'image_18.jpg','image/jpeg',292,NULL,NULL,NULL,NULL,NULL),(399,160,'image_24 (1).jpg','image/jpeg',293,NULL,NULL,NULL,NULL,NULL),(400,161,'image_28 (1).jpg','image/jpeg',293,NULL,NULL,NULL,NULL,NULL),(401,162,'image_30.jpg','image/jpeg',293,NULL,NULL,NULL,NULL,NULL),(402,163,'image_33.jpg','image/jpeg',294,NULL,NULL,NULL,NULL,NULL),(403,164,'image_32.jpg','image/jpeg',294,NULL,NULL,NULL,NULL,NULL),(404,165,'image_31.jpg','image/jpeg',294,NULL,NULL,NULL,NULL,NULL),(405,166,'image_41.jpg','image/jpeg',295,NULL,NULL,NULL,NULL,NULL),(406,167,'image_42.jpg','image/jpeg',295,NULL,NULL,NULL,NULL,NULL),(407,168,'image_43.jpg','image/jpeg',295,NULL,NULL,NULL,NULL,NULL),(408,2,'image_42 (1).jpg','image/jpeg',296,NULL,NULL,NULL,NULL,NULL),(409,3,'image_41 (1).jpg','image/jpeg',296,NULL,NULL,NULL,NULL,NULL),(410,1,'image_51.jpg','image/jpeg',296,NULL,NULL,NULL,NULL,NULL),(411,169,'image_41 (2).jpg','image/jpeg',297,NULL,NULL,NULL,NULL,NULL),(412,170,'image_53.jpg','image/jpeg',297,NULL,NULL,NULL,NULL,NULL),(413,171,'image_42 (2).jpg','image/jpeg',297,NULL,NULL,NULL,NULL,NULL),(414,2,'image_54.jpg','image/jpeg',298,NULL,NULL,NULL,NULL,NULL),(415,1,'image_58.jpg','image/jpeg',298,NULL,NULL,NULL,NULL,NULL),(416,3,'image_55.jpg','image/jpeg',298,NULL,NULL,NULL,NULL,NULL),(417,3,'image_68.jpg','image/jpeg',299,NULL,NULL,NULL,NULL,NULL),(418,2,'image_70.jpg','image/jpeg',299,NULL,NULL,NULL,NULL,NULL),(419,1,'image_69.jpg','image/jpeg',299,NULL,NULL,NULL,NULL,NULL),(420,172,'image_71.jpg','image/jpeg',300,NULL,NULL,NULL,NULL,NULL),(421,173,'image_68 (1).jpg','image/jpeg',300,NULL,NULL,NULL,NULL,NULL),(422,174,'image_72.jpg','image/jpeg',300,NULL,NULL,NULL,NULL,NULL),(423,4,'image_104.jpg','image/jpeg',301,NULL,NULL,NULL,NULL,NULL),(424,2,'image_105.jpg','image/jpeg',301,NULL,NULL,NULL,NULL,NULL),(425,3,'image_110.jpg','image/jpeg',301,NULL,NULL,NULL,NULL,NULL),(426,1,'image_96.jpg','image/jpeg',301,NULL,NULL,NULL,NULL,NULL),(427,175,'image_102.jpg','image/jpeg',302,NULL,NULL,NULL,NULL,NULL),(428,176,'image_105 (1).jpg','image/jpeg',302,NULL,NULL,NULL,NULL,NULL),(429,177,'image_101.jpg','image/jpeg',302,NULL,NULL,NULL,NULL,NULL),(430,178,'image_101 (1).jpg','image/jpeg',303,NULL,NULL,NULL,NULL,NULL),(431,179,'image_98.jpg','image/jpeg',303,NULL,NULL,NULL,NULL,NULL),(432,180,'image_93.jpg','image/jpeg',303,NULL,NULL,NULL,NULL,NULL),(433,181,'image_81.jpg','image/jpeg',304,NULL,NULL,NULL,NULL,NULL),(434,182,'image_80.jpg','image/jpeg',304,NULL,NULL,NULL,NULL,NULL),(435,183,'image_79.jpg','image/jpeg',304,NULL,NULL,NULL,NULL,NULL),(436,2,'image_54 (1).jpg','image/jpeg',305,NULL,NULL,NULL,NULL,NULL),(437,1,'image_59.jpg','image/jpeg',305,NULL,NULL,NULL,NULL,NULL),(438,3,'image_49.jpg','image/jpeg',305,NULL,NULL,NULL,NULL,NULL),(439,2,'image_60.jpg','image/jpeg',306,NULL,NULL,NULL,NULL,NULL),(440,3,'image_56.jpg','image/jpeg',306,NULL,NULL,NULL,NULL,NULL),(441,1,'image_74.jpg','image/jpeg',306,NULL,NULL,NULL,NULL,NULL),(442,1,'image_88.jpg','image/jpeg',307,NULL,NULL,NULL,NULL,NULL),(443,2,'image_87.jpg','image/jpeg',307,NULL,NULL,NULL,NULL,NULL),(444,3,'image_85.jpg','image/jpeg',307,NULL,NULL,NULL,NULL,NULL),(445,184,'type_image_3.jpg','image/jpeg',390,NULL,NULL,NULL,NULL,NULL),(446,185,'type_3.png','image/png',390,NULL,NULL,NULL,NULL,NULL),(448,186,'type_image_2.jpg','image/jpeg',391,NULL,NULL,NULL,NULL,NULL),(449,187,'type_2.png','image/png',391,NULL,NULL,NULL,NULL,NULL),(450,188,'type_image_11.jpg','image/jpeg',392,NULL,NULL,NULL,NULL,NULL),(451,189,'type_11.png','image/png',392,NULL,NULL,NULL,NULL,NULL),(452,190,'type_image_6.jpg','image/jpeg',393,NULL,NULL,NULL,NULL,NULL),(453,191,'type_6.png','image/png',393,NULL,NULL,NULL,NULL,NULL),(454,192,'type_image_8.jpg','image/jpeg',394,NULL,NULL,NULL,NULL,NULL),(455,193,'type_8.png','image/png',394,NULL,NULL,NULL,NULL,NULL),(456,194,'type_image_7.jpg','image/jpeg',395,NULL,NULL,NULL,NULL,NULL),(457,195,'type_7.png','image/png',395,NULL,NULL,NULL,NULL,NULL),(458,196,'type_image_4.jpg','image/jpeg',389,NULL,NULL,NULL,NULL,NULL),(459,197,'type_4.png','image/png',389,NULL,NULL,NULL,NULL,NULL),(462,198,'blonde_retro.jpg','image/jpeg',254,NULL,NULL,NULL,NULL,NULL),(463,199,'logo_system_mini.png','image/png',308,NULL,NULL,NULL,NULL,NULL);

--
-- Table structure for table `forms_search`
--

DROP TABLE IF EXISTS `forms_search`;
/*!40101 SET @saved_cs_client     = @@character_set_client */;
/*!40101 SET character_set_client = utf8 */;
CREATE TABLE `forms_search` (
  `id` int(11) NOT NULL AUTO_INCREMENT,
  `theme` varchar(150) COLLATE utf8_unicode_ci DEFAULT NULL,
  `form_name` varchar(150) COLLATE utf8_unicode_ci DEFAULT NULL,
  `type` varchar(45) COLLATE utf8_unicode_ci DEFAULT NULL,
  `fields_order_primary` text COLLATE utf8_unicode_ci COMMENT 'json data',
  `fields_order_secondary` text COLLATE utf8_unicode_ci COMMENT 'json data',
  PRIMARY KEY (`id`)
) ENGINE=InnoDB AUTO_INCREMENT=4 DEFAULT CHARSET=utf8 COLLATE=utf8_unicode_ci;
/*!40101 SET character_set_client = @saved_cs_client */;

--
-- Dumping data for table `forms_search`
--

INSERT INTO `forms_search` VALUES (1,'local','Standard search','MAIN','{  \"PRIMARY\": {  \"C_PURPOSE\":{\"direction\":\"NONE\", \"style\":\"\", \"class\":\"\", \"id\":\"NONE\", \"type\":\"C_PURPOSE\"} ,\"DROPDOWN_2\":{\"direction\":\"NONE\", \"style\":\"\", \"class\":\"\", \"id\":\"2\", \"type\":\"DROPDOWN\"} ,\"SMART_SEARCH\":{\"direction\":\"NONE\", \"style\":\"\", \"class\":\"\", \"id\":\"NONE\", \"type\":\"SMART_SEARCH\"} ,\"INPUTBOX_57_FROM\":{\"direction\":\"FROM\", \"style\":\"\", \"class\":\"col-sm-12\", \"id\":\"57\", \"type\":\"INPUTBOX\"} ,\"DATE_RANGE\":{\"direction\":\"NONE\", \"style\":\"\", \"class\":\"\", \"id\":\"NONE\", \"type\":\"DATE_RANGE\"} ,\"INPUTBOX_36_FROM\":{\"direction\":\"FROM\", \"style\":\"\", \"class\":\"\", \"id\":\"36\", \"type\":\"INPUTBOX\"} ,\"INPUTBOX_36_TO\":{\"direction\":\"TO\", \"style\":\"\", \"class\":\"\", \"id\":\"36\", \"type\":\"INPUTBOX\"} }, \"SECONDARY\": { } }',''),(2,'local','Horizontal search','MAIN','{  \"PRIMARY\": {  \"QUICK_SEARCH\":{\"direction\":\"NONE\", \"style\":\"\", \"class\":\"\", \"id\":\"NONE\", \"type\":\"QUICK_SEARCH\"} ,\"DROPDOWN_4\":{\"direction\":\"NONE\", \"style\":\"\", \"class\":\"\", \"id\":\"4\", \"type\":\"DROPDOWN\"} ,\"SMART_SEARCH\":{\"direction\":\"NONE\", \"style\":\"\", \"class\":\"\", \"id\":\"NONE\", \"type\":\"SMART_SEARCH\"} }, \"SECONDARY\": { } }','0'),(3,'local','Side version','MAIN','{  \"PRIMARY\": {  \"QUICK_SEARCH\":{\"direction\":\"NONE\", \"style\":\"\", \"class\":\"col-md-5\", \"id\":\"NONE\", \"type\":\"QUICK_SEARCH\"} ,\"SMART_SEARCH\":{\"direction\":\"NONE\", \"style\":\"\", \"class\":\"col-md-5\", \"id\":\"NONE\", \"type\":\"SMART_SEARCH\"} }, \"SECONDARY\": { } }','0');

--
-- Table structure for table `invoice`
--

DROP TABLE IF EXISTS `invoice`;
/*!40101 SET @saved_cs_client     = @@character_set_client */;
/*!40101 SET character_set_client = utf8 */;
CREATE TABLE `invoice` (
  `id_invoice` int(11) NOT NULL AUTO_INCREMENT,
  `invoice_num` varchar(100) COLLATE utf8_unicode_ci DEFAULT NULL,
  `date_created` datetime DEFAULT NULL,
  `user_id` int(11) DEFAULT NULL,
  `description` text COLLATE utf8_unicode_ci,
  `reference_id` int(11) DEFAULT NULL,
  `week` int(11) DEFAULT NULL,
  `price` decimal(10,2) DEFAULT NULL,
  `currency_code` varchar(45) COLLATE utf8_unicode_ci DEFAULT NULL,
  `is_confirmed` tinyint(1) DEFAULT NULL,
  `is_paid` tinyint(1) DEFAULT NULL,
  `is_activated` tinyint(1) DEFAULT NULL,
  `data_json` text COLLATE utf8_unicode_ci,
  PRIMARY KEY (`id_invoice`)
) ENGINE=InnoDB AUTO_INCREMENT=14 DEFAULT CHARSET=utf8 COLLATE=utf8_unicode_ci;
/*!40101 SET character_set_client = @saved_cs_client */;

--
-- Dumping data for table `invoice`
--

INSERT INTO `invoice` VALUES (11,'3_PAC_18_20.00_4','2015-04-02 15:08:31',18,'Package 3',3,4,20.00,'USD',1,0,1,'{\"settings\":{\"rating_enabled\":\"1\",\"address\":\"Ilica 345, HR-10000 Zagreb 1\",\"websitetitle\":\"Real estate point\",\"gps\":\"45.8129663, 15.976036000000022\",\"email\":\"sandi.winter@gmail.com\",\"email_alert\":\"0\",\"phone\":\"+385 (0)1 123 321\",\"fax\":\"+385 (0)1 123 322\",\"address_footer\":\"<b>Estate<\\/b>Point<br \\/>\\r\\nReal estate agency from Croatia<br \\/>\\r\\nIlica 345<br \\/>\\r\\nHR-10000 Zagreb\",\"noreply\":\"webform@my-website.com\",\"zoom\":\"8\",\"paypal_email\":\"sandi.winter@gmail.com\",\"listing_expiry_days\":\"0\",\"activation_price\":\"5\",\"featured_price\":\"10\",\"default_currency\":\"USD\",\"authorize_api_login_id\":\"593j9M9nPkgy\",\"authorize_api_hash_secret\":\"r564test\",\"authorize_api_transaction_key\":\"7p83CWXR3q5fq27t\",\"adsense728_90\":\"<script async src=\\\"\\/\\/pagead2.googlesyndication.com\\/pagead\\/js\\/adsbygoogle.js\\\"><\\/script>\\r\\n<!-- Real estate responsive -->\\r\\n<ins class=\\\"adsbygoogle\\\"\\r\\n     style=\\\"display:block\\\"\\r\\n     data-ad-client=\\\"ca-pub-6994200887384132\\\"\\r\\n     data-ad-slot=\\\"6454101571\\\"\\r\\n     data-ad-format=\\\"auto\\\"><\\/ins>\\r\\n<script>\\r\\n(adsbygoogle = window.adsbygoogle || []).push({});\\r\\n<\\/script>\",\"adsense160_600\":\"<script async src=\\\"\\/\\/pagead2.googlesyndication.com\\/pagead\\/js\\/adsbygoogle.js\\\"><\\/script>\\r\\n<!-- Real estate right -->\\r\\n<ins class=\\\"adsbygoogle\\\"\\r\\n     style=\\\"display:inline-block;width:160px;height:600px\\\"\\r\\n     data-ad-client=\\\"ca-pub-6994200887384132\\\"\\r\\n     data-ad-slot=\\\"7090863570\\\"><\\/ins>\\r\\n<script>\\r\\n(adsbygoogle = window.adsbygoogle || []).push({});\\r\\n<\\/script>\",\"reviews_enabled\":\"1\",\"reviews_public_visible_enabled\":\"1\",\"showroom_slideshow_enabled\":\"1\",\"withdrawal_details\":\"IBAN: HR43 2340009 3207462177<br\\/>\\r\\nSWIFT: PBZGHR2X\",\"booking_fee\":\"10\",\"template\":\"realia\",\"tracking\":\"<script type=\\\"text\\/javascript\\\">\\r\\n\\r\\n  var _gaq = _gaq || [];\\r\\n  _gaq.push([\'_setAccount\', \'UA-683342-5\']);\\r\\n  _gaq.push([\'_trackPageview\']);\\r\\n\\r\\n  (function() {\\r\\n    var ga = document.createElement(\'script\'); ga.type = \'text\\/javascript\'; ga.async = true;\\r\\n    ga.src = (\'https:\' == document.location.protocol ? \'https:\\/\\/ssl\' : \'http:\\/\\/www\') + \'.google-analytics.com\\/ga.js\';\\r\\n    var s = document.getElementsByTagName(\'script\')[0]; s.parentNode.insertBefore(ga, s);\\r\\n  })();\\r\\n\\r\\n<\\/script>\",\"facebook\":\"<!-- AddThis Button BEGIN -->\\r\\n<div class=\\\"addthis_toolbox addthis_default_style addthis_32x32_style\\\">\\r\\n<a class=\\\"addthis_button_facebook\\\">\\r\\n    <div class=\\\"custom-icon at15t_facebook\\\"> <\\/div>\\r\\n<\\/a>\\r\\n<a class=\\\"addthis_button_twitter\\\">\\r\\n    <div class=\\\"custom-icon at15t_twitter\\\"> <\\/div>\\r\\n<\\/a>\\r\\n<a class=\\\"addthis_button_google_plusone_share\\\">\\r\\n    <div class=\\\"custom-icon at15t_google_plusone_share\\\"> <\\/div>\\r\\n<\\/a>\\r\\n<\\/div>\\r\\n<script type=\\\"text\\/javascript\\\">var addthis_config = {\\\"data_track_addressbar\\\":false};<\\/script>\\r\\n<script type=\\\"text\\/javascript\\\" src=\\\"\\/\\/s7.addthis.com\\/js\\/300\\/addthis_widget.js#pubid=sandiwinter\\\"><\\/script>\\r\\n<!-- AddThis Button END -->\",\"facebook_jsdk\":\"<div id=\\\"fb-root\\\"><\\/div>\\r\\n<script>(function(d, s, id) {\\r\\n  var js, fjs = d.getElementsByTagName(s)[0];\\r\\n  if (d.getElementById(id)) return;\\r\\n  js = d.createElement(s); js.id = id;\\r\\n  js.src = \\\"\\/\\/connect.facebook.net\\/en_EN\\/sdk.js#xfbml=1&appId=349715428511591&version=v2.0\\\";\\r\\n  fjs.parentNode.insertBefore(js, fjs);\\r\\n}(document, \'script\', \'facebook-jssdk\'));<\\/script>\",\"facebook_comments\":\"<div class=\\\"fb-comments\\\" data-href=\\\"http:\\/\\/example.com\\/comments\\\" data-width=\\\"100%\\\" data-numposts=\\\"5\\\" data-colorscheme=\\\"light\\\"><\\/div>\",\"useful_links\":\"<ul class=\\\"menu nav\\\">\\r\\n                            <li class=\\\"first leaf\\\"><a href=\\\"#\\\">404 page<\\/a><\\/li>\\r\\n                            <li class=\\\"leaf\\\"><a href=\\\"#\\\">About us<\\/a><\\/li>\\r\\n                            <li class=\\\"leaf\\\"><a href=\\\"#\\\">Contact us<\\/a><\\/li>\\r\\n                            <li class=\\\"leaf\\\"><a href=\\\"#\\\">FAQ<\\/a><\\/li>\\r\\n                            <li class=\\\"leaf\\\"><a href=\\\"#\\\">Grid system<\\/a><\\/li>\\r\\n                            <li class=\\\"leaf\\\"><a href=\\\"#\\\">Our agents<\\/a><\\/li>\\r\\n                            <li class=\\\"last leaf\\\"><a href=\\\"#\\\">Typography<\\/a><\\/li>\\r\\n                        <\\/ul>\"},\"price\":\"20.00\",\"user\":{\"id\":\"18\",\"username\":\"user\",\"password\":\"f341be9a30\",\"name_surname\":\"Test user\",\"address\":\"Cyro trento 23\",\"description\":\"My description 2\",\"phone\":\"+385959055516\",\"mail\":\"sanljiljan@geniuscript.com\",\"last_login\":\"2015-04-02 13:59:01\",\"registration_date\":\"2014-01-26 12:23:26\",\"type\":\"USER\",\"language\":\"english\",\"repository_id\":\"196\",\"activated\":\"1\",\"qa_id\":\"0\",\"package_id\":\"3\",\"package_last_payment\":\"2015-08-04 12:29:02\",\"facebook_id\":\"0\",\"mail_verified\":\"0\",\"phone_verified\":\"0\",\"image_user_filename\":null,\"image_agency_filename\":null,\"company_name\":\"My real estate ltd\",\"zip_city\":\"21000\",\"prename_name\":\"Prename\",\"vat_number\":\"0945621378\"},\"lang_code\":\"en\",\"invoice_num\":\"3_PAC_18_20.00_4\",\"description\":\"Package 3\",\"reference_id\":\"3\",\"reference_code\":\"PAC\",\"currency_code\":\"USD\"}'),(13,'3_PAC_18_20.00_4','2015-04-02 15:13:45',18,'Package 3',3,4,20.00,'USD',1,1,1,'{\"settings\":{\"rating_enabled\":\"1\",\"address\":\"Ilica 345, HR-10000 Zagreb 1\",\"websitetitle\":\"Real estate point\",\"gps\":\"45.8129663, 15.976036000000022\",\"email\":\"sandi.winter@gmail.com\",\"email_alert\":\"0\",\"phone\":\"+385 (0)1 123 321\",\"fax\":\"+385 (0)1 123 322\",\"address_footer\":\"<b>Estate<\\/b>Point<br \\/>\\r\\nReal estate agency from Croatia<br \\/>\\r\\nIlica 345<br \\/>\\r\\nHR-10000 Zagreb\",\"noreply\":\"webform@my-website.com\",\"zoom\":\"8\",\"paypal_email\":\"sandi.winter@gmail.com\",\"listing_expiry_days\":\"0\",\"activation_price\":\"5\",\"featured_price\":\"10\",\"default_currency\":\"USD\",\"authorize_api_login_id\":\"593j9M9nPkgy\",\"authorize_api_hash_secret\":\"r564test\",\"authorize_api_transaction_key\":\"7p83CWXR3q5fq27t\",\"adsense728_90\":\"<script async src=\\\"\\/\\/pagead2.googlesyndication.com\\/pagead\\/js\\/adsbygoogle.js\\\"><\\/script>\\r\\n<!-- Real estate responsive -->\\r\\n<ins class=\\\"adsbygoogle\\\"\\r\\n     style=\\\"display:block\\\"\\r\\n     data-ad-client=\\\"ca-pub-6994200887384132\\\"\\r\\n     data-ad-slot=\\\"6454101571\\\"\\r\\n     data-ad-format=\\\"auto\\\"><\\/ins>\\r\\n<script>\\r\\n(adsbygoogle = window.adsbygoogle || []).push({});\\r\\n<\\/script>\",\"adsense160_600\":\"<script async src=\\\"\\/\\/pagead2.googlesyndication.com\\/pagead\\/js\\/adsbygoogle.js\\\"><\\/script>\\r\\n<!-- Real estate right -->\\r\\n<ins class=\\\"adsbygoogle\\\"\\r\\n     style=\\\"display:inline-block;width:160px;height:600px\\\"\\r\\n     data-ad-client=\\\"ca-pub-6994200887384132\\\"\\r\\n     data-ad-slot=\\\"7090863570\\\"><\\/ins>\\r\\n<script>\\r\\n(adsbygoogle = window.adsbygoogle || []).push({});\\r\\n<\\/script>\",\"reviews_enabled\":\"1\",\"reviews_public_visible_enabled\":\"1\",\"showroom_slideshow_enabled\":\"1\",\"withdrawal_details\":\"IBAN: HR43 2340009 3207462177<br\\/>\\r\\nSWIFT: PBZGHR2X\",\"booking_fee\":\"10\",\"template\":\"realia\",\"tracking\":\"<script type=\\\"text\\/javascript\\\">\\r\\n\\r\\n  var _gaq = _gaq || [];\\r\\n  _gaq.push([\'_setAccount\', \'UA-683342-5\']);\\r\\n  _gaq.push([\'_trackPageview\']);\\r\\n\\r\\n  (function() {\\r\\n    var ga = document.createElement(\'script\'); ga.type = \'text\\/javascript\'; ga.async = true;\\r\\n    ga.src = (\'https:\' == document.location.protocol ? \'https:\\/\\/ssl\' : \'http:\\/\\/www\') + \'.google-analytics.com\\/ga.js\';\\r\\n    var s = document.getElementsByTagName(\'script\')[0]; s.parentNode.insertBefore(ga, s);\\r\\n  })();\\r\\n\\r\\n<\\/script>\",\"facebook\":\"<!-- AddThis Button BEGIN -->\\r\\n<div class=\\\"addthis_toolbox addthis_default_style addthis_32x32_style\\\">\\r\\n<a class=\\\"addthis_button_facebook\\\">\\r\\n    <div class=\\\"custom-icon at15t_facebook\\\"> <\\/div>\\r\\n<\\/a>\\r\\n<a class=\\\"addthis_button_twitter\\\">\\r\\n    <div class=\\\"custom-icon at15t_twitter\\\"> <\\/div>\\r\\n<\\/a>\\r\\n<a class=\\\"addthis_button_google_plusone_share\\\">\\r\\n    <div class=\\\"custom-icon at15t_google_plusone_share\\\"> <\\/div>\\r\\n<\\/a>\\r\\n<\\/div>\\r\\n<script type=\\\"text\\/javascript\\\">var addthis_config = {\\\"data_track_addressbar\\\":false};<\\/script>\\r\\n<script type=\\\"text\\/javascript\\\" src=\\\"\\/\\/s7.addthis.com\\/js\\/300\\/addthis_widget.js#pubid=sandiwinter\\\"><\\/script>\\r\\n<!-- AddThis Button END -->\",\"facebook_jsdk\":\"<div id=\\\"fb-root\\\"><\\/div>\\r\\n<script>(function(d, s, id) {\\r\\n  var js, fjs = d.getElementsByTagName(s)[0];\\r\\n  if (d.getElementById(id)) return;\\r\\n  js = d.createElement(s); js.id = id;\\r\\n  js.src = \\\"\\/\\/connect.facebook.net\\/en_EN\\/sdk.js#xfbml=1&appId=349715428511591&version=v2.0\\\";\\r\\n  fjs.parentNode.insertBefore(js, fjs);\\r\\n}(document, \'script\', \'facebook-jssdk\'));<\\/script>\",\"facebook_comments\":\"<div class=\\\"fb-comments\\\" data-href=\\\"http:\\/\\/example.com\\/comments\\\" data-width=\\\"100%\\\" data-numposts=\\\"5\\\" data-colorscheme=\\\"light\\\"><\\/div>\",\"useful_links\":\"<ul class=\\\"menu nav\\\">\\r\\n                            <li class=\\\"first leaf\\\"><a href=\\\"#\\\">404 page<\\/a><\\/li>\\r\\n                            <li class=\\\"leaf\\\"><a href=\\\"#\\\">About us<\\/a><\\/li>\\r\\n                            <li class=\\\"leaf\\\"><a href=\\\"#\\\">Contact us<\\/a><\\/li>\\r\\n                            <li class=\\\"leaf\\\"><a href=\\\"#\\\">FAQ<\\/a><\\/li>\\r\\n                            <li class=\\\"leaf\\\"><a href=\\\"#\\\">Grid system<\\/a><\\/li>\\r\\n                            <li class=\\\"leaf\\\"><a href=\\\"#\\\">Our agents<\\/a><\\/li>\\r\\n                            <li class=\\\"last leaf\\\"><a href=\\\"#\\\">Typography<\\/a><\\/li>\\r\\n                        <\\/ul>\"},\"price\":\"20.00\",\"user\":{\"id\":\"18\",\"username\":\"user\",\"password\":\"f341be9a30\",\"name_surname\":\"Test user\",\"address\":\"Cyro trento 23\",\"description\":\"My description 2\",\"phone\":\"+385959055516\",\"mail\":\"sanljiljan@geniuscript.com\",\"last_login\":\"2015-04-02 13:59:01\",\"registration_date\":\"2014-01-26 12:23:26\",\"type\":\"USER\",\"language\":\"english\",\"repository_id\":\"196\",\"activated\":\"1\",\"qa_id\":\"0\",\"package_id\":\"3\",\"package_last_payment\":\"2015-09-03 12:29:02\",\"facebook_id\":\"0\",\"mail_verified\":\"0\",\"phone_verified\":\"0\",\"image_user_filename\":null,\"image_agency_filename\":null,\"company_name\":\"My real estate ltd\",\"zip_city\":\"21000\",\"prename_name\":\"Prename\",\"vat_number\":\"0945621378\"},\"lang_code\":\"en\",\"invoice_num\":\"3_PAC_18_20.00_4\",\"description\":\"Package 3\",\"reference_id\":\"3\",\"reference_code\":\"PAC\",\"currency_code\":\"USD\"}');

--
-- Table structure for table `language`
--

DROP TABLE IF EXISTS `language`;
/*!40101 SET @saved_cs_client     = @@character_set_client */;
/*!40101 SET character_set_client = utf8 */;
CREATE TABLE `language` (
  `id` int(11) NOT NULL AUTO_INCREMENT,
  `code` varchar(45) COLLATE utf8_unicode_ci DEFAULT NULL,
  `language` varchar(45) COLLATE utf8_unicode_ci DEFAULT NULL,
  `is_default` tinyint(1) DEFAULT '0',
  `is_locked` tinyint(1) DEFAULT '0',
  `is_frontend` tinyint(1) DEFAULT '1',
  `is_rtl` tinyint(1) DEFAULT '0',
  `currency_default` varchar(10) COLLATE utf8_unicode_ci DEFAULT 'USD',
  `domain` varchar(100) COLLATE utf8_unicode_ci DEFAULT '',
  `is_hidden_submission` tinyint(1) DEFAULT '0',
  `facebook_lang_code` varchar(32) COLLATE utf8_unicode_ci DEFAULT NULL,
  PRIMARY KEY (`id`),
  UNIQUE KEY `code_UNIQUE` (`code`)
) ENGINE=InnoDB AUTO_INCREMENT=3 DEFAULT CHARSET=utf8 COLLATE=utf8_unicode_ci;
/*!40101 SET character_set_client = @saved_cs_client */;

--
-- Dumping data for table `language`
--

INSERT INTO `language` VALUES (1,'en','english',1,1,1,0,'USD','',0,NULL),(2,'hr','croatian',0,0,1,0,'EUR','',1,NULL);

--
-- Table structure for table `map_report`
--

DROP TABLE IF EXISTS `map_report`;
/*!40101 SET @saved_cs_client     = @@character_set_client */;
/*!40101 SET character_set_client = utf8 */;
CREATE TABLE `map_report` (
  `id_mapreport` int(11) NOT NULL AUTO_INCREMENT,
  `lat` decimal(9,6) DEFAULT NULL,
  `lng` decimal(9,6) DEFAULT NULL,
  `address` varchar(160) COLLATE utf8_unicode_ci DEFAULT NULL,
  `outcome` varchar(45) COLLATE utf8_unicode_ci DEFAULT NULL COMMENT 'NOT_SOLD,SOLD\n',
  `price` int(11) DEFAULT NULL,
  `area` int(11) DEFAULT NULL,
  `date_removed` datetime DEFAULT NULL,
  `date_submited` varchar(45) COLLATE utf8_unicode_ci DEFAULT NULL,
  `purpose` varchar(45) COLLATE utf8_unicode_ci DEFAULT NULL,
  `type` varchar(45) COLLATE utf8_unicode_ci DEFAULT NULL,
  `property_json` text COLLATE utf8_unicode_ci COMMENT 'complete json details in english or default language',
  `id_old` int(11) DEFAULT NULL,
  `user_id_remover` int(11) DEFAULT NULL,
  `user_id_agent` int(11) DEFAULT NULL,
  PRIMARY KEY (`id_mapreport`)
) ENGINE=InnoDB AUTO_INCREMENT=7 DEFAULT CHARSET=utf8 COLLATE=utf8_unicode_ci;
/*!40101 SET character_set_client = @saved_cs_client */;

--
-- Dumping data for table `map_report`
--

INSERT INTO `map_report` VALUES (1,46.378570,16.079735,'Veliki lovrečan','NOT_SOLD',150,60,'2014-03-18 22:16:28','2014-03-07 20:12:14','Sale','House','{\"id\":\"29\",\"gps\":\"46.3785703, 16.0797348\",\"lat\":\"46.378570\",\"lng\":\"16.079735\",\"date\":\"2014-03-07 20:12:14\",\"date_modified\":\"2014-12-28 18:59:23\",\"address\":\"Veliki lovre\\u010dan\",\"type\":null,\"repository_id\":\"195\",\"is_featured\":\"0\",\"search_values\":\"id: 29Veliki lovre\\u010dan My property new house   Sale House Vara\\u017edinska Cestica   50-100m2 60 D 2 2 5    Agent  50 20 SKIP_ON_EMPTY   SKIP_ON_EMPTY       trueAir conditioning trueCable TV  trueBalcony        700 700    Moja nekretnina novo house   Prodaja Ku\\u0107a Vara\\u017edinska Cestica   50-100m2 60 D 2 2 5    Agent    SKIP_ON_EMPTY   SKIP_ON_EMPTY       trueKlimatizacija trueKabelska TV  trueBalkon        700 700   \",\"is_activated\":\"0\",\"activation_paid_date\":null,\"featured_paid_date\":null,\"counter_views\":\"0\",\"image_filename\":null,\"image_repository\":null,\"option10_1\":\"My property\",\"option8_1\":\"Lorem ipsum dolor sit amet, consectetur adipiscing elit. Sed vulputate \\r\\nnec neque gravida rhoncus. Donec sit amet blandit mauris, sed bibendum \\r\\nrisus.\",\"option17_1\":\"<p>\\r\\nLorem ipsum dolor sit amet, consectetur adipiscing elit. Sed vulputate \\r\\nnec neque gravida rhoncus. Donec sit amet blandit mauris, sed bibendum \\r\\nrisus. Cras ut urna semper, facilisis augue sed, imperdiet nulla. Duis \\r\\ntristique tellus tortor, dapibus gravida sem sodales id. Nullam quis \\r\\nconvallis libero, vitae pulvinar nisi.<\\/p><p><span style=\\\"font-weight: bold;\\\">Nam eget est facilisis, porta mi \\r\\nac, ultricies enim. Proin nisi diam, eleifend ac eleifend in, dapibus in\\r\\n orci. Vestibulum elementum lectus non nisl venenatis, tempus molestie \\r\\nnisi tempus. Pellentesque facilisis nibh nec purus blandit, id aliquam \\r\\nlorem fermentum.\\r\\n<\\/span><\\/p>\\r\\n<p>\\r\\n<span style=\\\"font-style: italic;\\\">Ut erat lacus, sagittis ac leo eu, molestie mattis libero. Nam sit amet \\r\\nmassa et magna porttitor eleifend a aliquam nunc. Pellentesque a est a \\r\\naugue dignissim tristique eu nec augue. Integer pretium sollicitudin \\r\\ntellus, quis hendrerit nunc accumsan et. Fusce bibendum a neque vel \\r\\nfringilla. Vivamus viverra enim at purus gravida, in elementum neque \\r\\neleifend. Curabitur sodales dapibus urna, at mattis lacus eleifend non. \\r\\nDonec ultricies porta orci eu congue. Nulla sodales arcu a libero \\r\\naliquet, nec aliquam ante sagittis.<\\/span><\\/p>\",\"option38_1\":\"new\",\"option6_1\":\"house\",\"option56_1\":\"\",\"option1_1\":\"0\",\"option4_1\":\"Sale\",\"option2_1\":\"House\",\"option5_1\":\"Vara\\u017edinska\",\"option7_1\":\"Cestica\",\"option40_1\":\"\",\"option64_1\":\"\",\"option3_1\":\"50-100m2\",\"option57_1\":\"60\",\"option39_1\":\"D\",\"option19_1\":\"2\",\"option20_1\":\"2\",\"option58_1\":\"5\",\"option36_1\":\"\",\"option55_1\":\"\",\"option37_1\":\"\",\"option54_1\":\"Agent\",\"option53_1\":\"\",\"option59_1\":\"50\",\"option60_1\":\"20\",\"option66_1\":\"0\",\"option67_1\":\"\",\"option68_1\":\"\",\"option69_1\":\"\",\"option70_1\":\"\",\"option71_1\":\"\",\"option72_1\":\"\",\"option73_1\":\"\",\"option21_1\":\"0\",\"option22_1\":\"true\",\"option23_1\":\"true\",\"option24_1\":\"0\",\"option25_1\":\"0\",\"option28_1\":\"0\",\"option29_1\":\"0\",\"option31_1\":\"0\",\"option52_1\":\"0\",\"option11_1\":\"true\",\"option30_1\":\"0\",\"option27_1\":\"0\",\"option33_1\":\"0\",\"option32_1\":\"0\",\"option43_1\":\"0\",\"option44_1\":\"\",\"option45_1\":\"\",\"option46_1\":\"\",\"option47_1\":\"\",\"option48_1\":\"\",\"option49_1\":\"\",\"option50_1\":\"700\",\"option51_1\":\"700\",\"option9_1\":\"0\",\"option12_1\":\"\",\"option42_1\":\"0\",\"option10_2\":\"Moja nekretnina\",\"option8_2\":\"Lorem ipsum dolor sit amet, consectetur adipiscing elit. Sed vulputate \\r\\nnec neque gravida rhoncus. Donec sit amet blandit mauris, sed bibendum \\r\\nrisus.\",\"option17_2\":\"<p>\\r\\nLorem ipsum dolor sit amet, consectetur adipiscing elit. Sed vulputate \\r\\nnec neque gravida rhoncus. Donec sit amet blandit mauris, sed bibendum \\r\\nrisus. Cras ut urna semper, facilisis augue sed, imperdiet nulla. Duis \\r\\ntristique tellus tortor, dapibus gravida sem sodales id. Nullam quis \\r\\nconvallis libero, vitae pulvinar nisi.<\\/p><p><span style=\\\"font-weight: bold;\\\">Nam eget est facilisis, porta mi \\r\\nac, ultricies enim. Proin nisi diam, eleifend ac eleifend in, dapibus in\\r\\n orci. Vestibulum elementum lectus non nisl venenatis, tempus molestie \\r\\nnisi tempus. Pellentesque facilisis nibh nec purus blandit, id aliquam \\r\\nlorem fermentum.\\r\\n<\\/span><\\/p>\\r\\n<p>\\r\\n<span style=\\\"font-style: italic;\\\">Ut erat lacus, sagittis ac leo eu, molestie mattis libero. Nam sit amet \\r\\nmassa et magna porttitor eleifend a aliquam nunc. Pellentesque a est a \\r\\naugue dignissim tristique eu nec augue. Integer pretium sollicitudin \\r\\ntellus, quis hendrerit nunc accumsan et. Fusce bibendum a neque vel \\r\\nfringilla. Vivamus viverra enim at purus gravida, in elementum neque \\r\\neleifend. Curabitur sodales dapibus urna, at mattis lacus eleifend non. \\r\\nDonec ultricies porta orci eu congue. Nulla sodales arcu a libero \\r\\naliquet, nec aliquam ante sagittis.<\\/span><\\/p>\",\"option38_2\":\"novo\",\"option6_2\":\"house\",\"option56_2\":\"\",\"option1_2\":\"0\",\"option4_2\":\"Prodaja\",\"option2_2\":\"Ku\\u0107a\",\"option5_2\":\"Vara\\u017edinska\",\"option7_2\":\"Cestica\",\"option40_2\":\"\",\"option64_2\":\"\",\"option3_2\":\"50-100m2\",\"option57_2\":\"60\",\"option39_2\":\"D\",\"option19_2\":\"2\",\"option20_2\":\"2\",\"option58_2\":\"5\",\"option36_2\":\"\",\"option55_2\":\"\",\"option37_2\":\"\",\"option54_2\":\"Agent\",\"option53_2\":\"\",\"option59_2\":\"\",\"option60_2\":\"\",\"option66_2\":\"0\",\"option67_2\":\"\",\"option68_2\":\"\",\"option69_2\":\"\",\"option70_2\":\"\",\"option71_2\":\"\",\"option72_2\":\"\",\"option73_2\":\"\",\"option21_2\":\"0\",\"option22_2\":\"true\",\"option23_2\":\"true\",\"option24_2\":\"0\",\"option25_2\":\"0\",\"option28_2\":\"0\",\"option29_2\":\"0\",\"option31_2\":\"0\",\"option52_2\":\"0\",\"option11_2\":\"true\",\"option30_2\":\"0\",\"option27_2\":\"0\",\"option33_2\":\"0\",\"option32_2\":\"0\",\"option43_2\":\"0\",\"option44_2\":\"\",\"option45_2\":\"\",\"option46_2\":\"\",\"option47_2\":\"\",\"option48_2\":\"\",\"option49_2\":\"\",\"option50_2\":\"700\",\"option51_2\":\"700\",\"option9_2\":\"0\",\"option12_2\":\"\",\"option42_2\":\"0\",\"agent\":\"18\",\"slug_1\":\"\",\"slug_2\":\"\"}',NULL,NULL,NULL),(2,46.373121,16.127040,'Cestica','SOLD',100,40,'2014-03-18 22:17:28','2014-01-07 13:32:50','Rent','Apartment','{\"id\":\"30\",\"gps\":\"46.3731205, 16.1270403\",\"lat\":\"46.373121\",\"lng\":\"16.127040\",\"date\":\"2015-01-07 13:32:50\",\"date_modified\":\"2015-02-22 15:04:06\",\"address\":\"Cestica\",\"type\":null,\"repository_id\":\"197\",\"is_featured\":\"0\",\"search_values\":\"id: 30Cestica Bjelovar estate empty apartment   Rent Apartment Bjelovarska Bjelovar  Less than 50m2 40 - 3 3 7 90,000.00   Agent - 70 20 262 Manitoba - Winnipeg -  FieldGate properties 264 1234567890 http:\\/\\/www.google.com http:\\/\\/www.facebook.com http:\\/\\/www.twitter.com 0-24  trueAir conditioning trueComputer trueHeating trueInternet trueMicrowave  trueBalcony trueGrill truePool trueParking  600 600 600 600        bjelovar-estate-1-en Bjelovar nekretnina empty apartment   Najam Stan Bjelovarska Bjelovar  Manje od 50m2 40 - 3 3 7 90,000.00   Agent - 70 20 263 Manitoba - Winnipeg -  FieldGate properties 2 265 1234567890 http:\\/\\/www.google.com http:\\/\\/www.facebook.com http:\\/\\/www.twitter.com 0-24  trueKlimatizacija trueRa\\u010dunalo trueGrijanje trueInternet trueMikrovalna  trueBalkon trueRo\\u0161tilj trueBazen trueParking  600 600 600 600        bjelovar-nekretnina\",\"is_activated\":\"1\",\"activation_paid_date\":null,\"featured_paid_date\":null,\"counter_views\":\"197\",\"image_filename\":\"431262903_9d77804a5b_o (1).jpg\",\"image_repository\":\"[\\\"431262903_9d77804a5b_o (1).jpg\\\",\\\"431267985_286ac5c8cd_o (1).jpg\\\"]\",\"option10_1\":\"Bjelovar estate\",\"option8_1\":\"Lorem ipsum dolor sit amet, consectetur adipiscing elit. Sed vulputate \\r\\nnec neque gravida rhoncus. Donec sit amet blandit mauris, sed bibendum \\r\\nrisus.\",\"option17_1\":\"<p>\\r\\nLorem ipsum dolor sit amet, consectetur adipiscing elit. Sed vulputate \\r\\nnec neque gravida rhoncus. Donec sit amet blandit mauris, sed bibendum \\r\\nrisus. Cras ut urna semper, facilisis augue sed, imperdiet nulla. Duis \\r\\ntristique tellus tortor, dapibus gravida sem sodales id. Nullam quis \\r\\nconvallis libero, vitae pulvinar nisi.<\\/p><p><span style=\\\"font-weight: bold;\\\">Nam eget est facilisis, porta mi \\r\\nac, ultricies enim. Proin nisi diam, eleifend ac eleifend in, dapibus in\\r\\n orci. Vestibulum elementum lectus non nisl venenatis, tempus molestie \\r\\nnisi tempus. Pellentesque facilisis nibh nec purus blandit, id aliquam \\r\\nlorem fermentum.\\r\\n<\\/span><\\/p>\\r\\n<p>\\r\\n<span style=\\\"font-style: italic;\\\">Ut erat lacus, sagittis ac leo eu, molestie mattis libero. Nam sit amet \\r\\nmassa et magna porttitor eleifend a aliquam nunc. Pellentesque a est a \\r\\naugue dignissim tristique eu nec augue. Integer pretium sollicitudin \\r\\ntellus, quis hendrerit nunc accumsan et. Fusce bibendum a neque vel \\r\\nfringilla. Vivamus viverra enim at purus gravida, in elementum neque \\r\\neleifend. Curabitur sodales dapibus urna, at mattis lacus eleifend non. \\r\\nDonec ultricies porta orci eu congue. Nulla sodales arcu a libero \\r\\naliquet, nec aliquam ante sagittis.<\\/span><\\/p>\",\"option38_1\":\"empty\",\"option6_1\":\"apartment\",\"option56_1\":\"\",\"option1_1\":\"0\",\"option4_1\":\"Rent\",\"option2_1\":\"Apartment\",\"option5_1\":\"Bjelovarska\",\"option7_1\":\"Bjelovar\",\"option40_1\":\"\",\"option3_1\":\"Less than 50m2\",\"option57_1\":\"40\",\"option39_1\":\"-\",\"option19_1\":\"3\",\"option20_1\":\"3\",\"option58_1\":\"7\",\"option36_1\":\"90,000.00\",\"option55_1\":\"\",\"option37_1\":\"\",\"option54_1\":\"Agent\",\"option53_1\":\"-\",\"option59_1\":\"70\",\"option60_1\":\"20\",\"option65_1\":\"262\",\"option64_1\":\"Manitoba - Winnipeg -\",\"option66_1\":\"0\",\"option67_1\":\"FieldGate properties\",\"option74_1\":\"264\",\"option68_1\":\"1234567890\",\"option69_1\":\"http:\\/\\/www.google.com\",\"option70_1\":\"http:\\/\\/www.facebook.com\",\"option71_1\":\"http:\\/\\/www.twitter.com\",\"option72_1\":\"345 Dixon Road\\r\\nToronto Ontario M9R 15G\\r\\n(Dixon &amp; Kipling)\",\"option73_1\":\"0-24\",\"option21_1\":\"0\",\"option22_1\":\"true\",\"option23_1\":\"0\",\"option24_1\":\"true\",\"option25_1\":\"0\",\"option28_1\":\"true\",\"option29_1\":\"true\",\"option31_1\":\"true\",\"option52_1\":\"0\",\"option11_1\":\"true\",\"option30_1\":\"0\",\"option27_1\":\"true\",\"option33_1\":\"true\",\"option32_1\":\"true\",\"option43_1\":\"0\",\"option44_1\":\"600\",\"option45_1\":\"600\",\"option46_1\":\"600\",\"option47_1\":\"600\",\"option48_1\":\"\",\"option49_1\":\"\",\"option50_1\":\"\",\"option51_1\":\"\",\"option9_1\":\"0\",\"option12_1\":\"\",\"option42_1\":\"0\",\"option10_2\":\"Bjelovar nekretnina\",\"option8_2\":\"Lorem ipsum dolor sit amet, consectetur adipiscing elit. Sed vulputate \\r\\nnec neque gravida rhoncus. Donec sit amet blandit mauris, sed bibendum \\r\\nrisus.\",\"option17_2\":\"<p>\\r\\nLorem ipsum dolor sit amet, consectetur adipiscing elit. Sed vulputate \\r\\nnec neque gravida rhoncus. Donec sit amet blandit mauris, sed bibendum \\r\\nrisus. Cras ut urna semper, facilisis augue sed, imperdiet nulla. Duis \\r\\ntristique tellus tortor, dapibus gravida sem sodales id. Nullam quis \\r\\nconvallis libero, vitae pulvinar nisi.<\\/p><p><span style=\\\"font-weight: bold;\\\">Nam eget est facilisis, porta mi \\r\\nac, ultricies enim. Proin nisi diam, eleifend ac eleifend in, dapibus in\\r\\n orci. Vestibulum elementum lectus non nisl venenatis, tempus molestie \\r\\nnisi tempus. Pellentesque facilisis nibh nec purus blandit, id aliquam \\r\\nlorem fermentum.\\r\\n<\\/span><\\/p>\\r\\n<p>\\r\\n<span style=\\\"font-style: italic;\\\">Ut erat lacus, sagittis ac leo eu, molestie mattis libero. Nam sit amet \\r\\nmassa et magna porttitor eleifend a aliquam nunc. Pellentesque a est a \\r\\naugue dignissim tristique eu nec augue. Integer pretium sollicitudin \\r\\ntellus, quis hendrerit nunc accumsan et. Fusce bibendum a neque vel \\r\\nfringilla. Vivamus viverra enim at purus gravida, in elementum neque \\r\\neleifend. Curabitur sodales dapibus urna, at mattis lacus eleifend non. \\r\\nDonec ultricies porta orci eu congue. Nulla sodales arcu a libero \\r\\naliquet, nec aliquam ante sagittis.<\\/span><\\/p>\",\"option38_2\":\"empty\",\"option6_2\":\"apartment\",\"option56_2\":\"\",\"option1_2\":\"0\",\"option4_2\":\"Najam\",\"option2_2\":\"Stan\",\"option5_2\":\"Bjelovarska\",\"option7_2\":\"Bjelovar\",\"option40_2\":\"\",\"option3_2\":\"Manje od 50m2\",\"option57_2\":\"40\",\"option39_2\":\"-\",\"option19_2\":\"3\",\"option20_2\":\"3\",\"option58_2\":\"7\",\"option36_2\":\"90,000.00\",\"option55_2\":\"\",\"option37_2\":\"\",\"option54_2\":\"Agent\",\"option53_2\":\"-\",\"option59_2\":\"70\",\"option60_2\":\"20\",\"option65_2\":\"263\",\"option64_2\":\"Manitoba - Winnipeg -\",\"option66_2\":\"0\",\"option67_2\":\"FieldGate properties 2\",\"option74_2\":\"265\",\"option68_2\":\"1234567890\",\"option69_2\":\"http:\\/\\/www.google.com\",\"option70_2\":\"http:\\/\\/www.facebook.com\",\"option71_2\":\"http:\\/\\/www.twitter.com\",\"option72_2\":\"My company description<br>\",\"option73_2\":\"0-24\",\"option21_2\":\"0\",\"option22_2\":\"true\",\"option23_2\":\"0\",\"option24_2\":\"true\",\"option25_2\":\"0\",\"option28_2\":\"true\",\"option29_2\":\"true\",\"option31_2\":\"true\",\"option52_2\":\"0\",\"option11_2\":\"true\",\"option30_2\":\"0\",\"option27_2\":\"true\",\"option33_2\":\"true\",\"option32_2\":\"true\",\"option43_2\":\"0\",\"option44_2\":\"600\",\"option45_2\":\"600\",\"option46_2\":\"600\",\"option47_2\":\"600\",\"option48_2\":\"\",\"option49_2\":\"\",\"option50_2\":\"\",\"option51_2\":\"\",\"option9_2\":\"0\",\"option12_2\":\"\",\"option42_2\":\"0\",\"agent\":\"18\",\"slug_1\":\"bjelovar-estate-1-en\",\"slug_2\":\"bjelovar-nekretnina\"}',NULL,NULL,NULL),(3,46.378570,16.079735,'Veliki lovrečan','SOLD',200,60,'2015-03-18 22:17:35','2014-03-07 20:12:14','Sale','House','{\"id\":\"29\",\"gps\":\"46.3785703, 16.0797348\",\"lat\":\"46.378570\",\"lng\":\"16.079735\",\"date\":\"2014-03-07 20:12:14\",\"date_modified\":\"2014-12-28 18:59:23\",\"address\":\"Veliki lovre\\u010dan\",\"type\":null,\"repository_id\":\"195\",\"is_featured\":\"0\",\"search_values\":\"id: 29Veliki lovre\\u010dan My property new house   Sale House Vara\\u017edinska Cestica   50-100m2 60 D 2 2 5    Agent  50 20 SKIP_ON_EMPTY   SKIP_ON_EMPTY       trueAir conditioning trueCable TV  trueBalcony        700 700    Moja nekretnina novo house   Prodaja Ku\\u0107a Vara\\u017edinska Cestica   50-100m2 60 D 2 2 5    Agent    SKIP_ON_EMPTY   SKIP_ON_EMPTY       trueKlimatizacija trueKabelska TV  trueBalkon        700 700   \",\"is_activated\":\"0\",\"activation_paid_date\":null,\"featured_paid_date\":null,\"counter_views\":\"0\",\"image_filename\":null,\"image_repository\":null,\"option10_1\":\"My property\",\"option8_1\":\"Lorem ipsum dolor sit amet, consectetur adipiscing elit. Sed vulputate \\r\\nnec neque gravida rhoncus. Donec sit amet blandit mauris, sed bibendum \\r\\nrisus.\",\"option17_1\":\"<p>\\r\\nLorem ipsum dolor sit amet, consectetur adipiscing elit. Sed vulputate \\r\\nnec neque gravida rhoncus. Donec sit amet blandit mauris, sed bibendum \\r\\nrisus. Cras ut urna semper, facilisis augue sed, imperdiet nulla. Duis \\r\\ntristique tellus tortor, dapibus gravida sem sodales id. Nullam quis \\r\\nconvallis libero, vitae pulvinar nisi.<\\/p><p><span style=\\\"font-weight: bold;\\\">Nam eget est facilisis, porta mi \\r\\nac, ultricies enim. Proin nisi diam, eleifend ac eleifend in, dapibus in\\r\\n orci. Vestibulum elementum lectus non nisl venenatis, tempus molestie \\r\\nnisi tempus. Pellentesque facilisis nibh nec purus blandit, id aliquam \\r\\nlorem fermentum.\\r\\n<\\/span><\\/p>\\r\\n<p>\\r\\n<span style=\\\"font-style: italic;\\\">Ut erat lacus, sagittis ac leo eu, molestie mattis libero. Nam sit amet \\r\\nmassa et magna porttitor eleifend a aliquam nunc. Pellentesque a est a \\r\\naugue dignissim tristique eu nec augue. Integer pretium sollicitudin \\r\\ntellus, quis hendrerit nunc accumsan et. Fusce bibendum a neque vel \\r\\nfringilla. Vivamus viverra enim at purus gravida, in elementum neque \\r\\neleifend. Curabitur sodales dapibus urna, at mattis lacus eleifend non. \\r\\nDonec ultricies porta orci eu congue. Nulla sodales arcu a libero \\r\\naliquet, nec aliquam ante sagittis.<\\/span><\\/p>\",\"option38_1\":\"new\",\"option6_1\":\"house\",\"option56_1\":\"\",\"option1_1\":\"0\",\"option4_1\":\"Sale\",\"option2_1\":\"House\",\"option5_1\":\"Vara\\u017edinska\",\"option7_1\":\"Cestica\",\"option40_1\":\"\",\"option64_1\":\"\",\"option3_1\":\"50-100m2\",\"option57_1\":\"60\",\"option39_1\":\"D\",\"option19_1\":\"2\",\"option20_1\":\"2\",\"option58_1\":\"5\",\"option36_1\":\"\",\"option55_1\":\"\",\"option37_1\":\"\",\"option54_1\":\"Agent\",\"option53_1\":\"\",\"option59_1\":\"50\",\"option60_1\":\"20\",\"option66_1\":\"0\",\"option67_1\":\"\",\"option68_1\":\"\",\"option69_1\":\"\",\"option70_1\":\"\",\"option71_1\":\"\",\"option72_1\":\"\",\"option73_1\":\"\",\"option21_1\":\"0\",\"option22_1\":\"true\",\"option23_1\":\"true\",\"option24_1\":\"0\",\"option25_1\":\"0\",\"option28_1\":\"0\",\"option29_1\":\"0\",\"option31_1\":\"0\",\"option52_1\":\"0\",\"option11_1\":\"true\",\"option30_1\":\"0\",\"option27_1\":\"0\",\"option33_1\":\"0\",\"option32_1\":\"0\",\"option43_1\":\"0\",\"option44_1\":\"\",\"option45_1\":\"\",\"option46_1\":\"\",\"option47_1\":\"\",\"option48_1\":\"\",\"option49_1\":\"\",\"option50_1\":\"700\",\"option51_1\":\"700\",\"option9_1\":\"0\",\"option12_1\":\"\",\"option42_1\":\"0\",\"option10_2\":\"Moja nekretnina\",\"option8_2\":\"Lorem ipsum dolor sit amet, consectetur adipiscing elit. Sed vulputate \\r\\nnec neque gravida rhoncus. Donec sit amet blandit mauris, sed bibendum \\r\\nrisus.\",\"option17_2\":\"<p>\\r\\nLorem ipsum dolor sit amet, consectetur adipiscing elit. Sed vulputate \\r\\nnec neque gravida rhoncus. Donec sit amet blandit mauris, sed bibendum \\r\\nrisus. Cras ut urna semper, facilisis augue sed, imperdiet nulla. Duis \\r\\ntristique tellus tortor, dapibus gravida sem sodales id. Nullam quis \\r\\nconvallis libero, vitae pulvinar nisi.<\\/p><p><span style=\\\"font-weight: bold;\\\">Nam eget est facilisis, porta mi \\r\\nac, ultricies enim. Proin nisi diam, eleifend ac eleifend in, dapibus in\\r\\n orci. Vestibulum elementum lectus non nisl venenatis, tempus molestie \\r\\nnisi tempus. Pellentesque facilisis nibh nec purus blandit, id aliquam \\r\\nlorem fermentum.\\r\\n<\\/span><\\/p>\\r\\n<p>\\r\\n<span style=\\\"font-style: italic;\\\">Ut erat lacus, sagittis ac leo eu, molestie mattis libero. Nam sit amet \\r\\nmassa et magna porttitor eleifend a aliquam nunc. Pellentesque a est a \\r\\naugue dignissim tristique eu nec augue. Integer pretium sollicitudin \\r\\ntellus, quis hendrerit nunc accumsan et. Fusce bibendum a neque vel \\r\\nfringilla. Vivamus viverra enim at purus gravida, in elementum neque \\r\\neleifend. Curabitur sodales dapibus urna, at mattis lacus eleifend non. \\r\\nDonec ultricies porta orci eu congue. Nulla sodales arcu a libero \\r\\naliquet, nec aliquam ante sagittis.<\\/span><\\/p>\",\"option38_2\":\"novo\",\"option6_2\":\"house\",\"option56_2\":\"\",\"option1_2\":\"0\",\"option4_2\":\"Prodaja\",\"option2_2\":\"Ku\\u0107a\",\"option5_2\":\"Vara\\u017edinska\",\"option7_2\":\"Cestica\",\"option40_2\":\"\",\"option64_2\":\"\",\"option3_2\":\"50-100m2\",\"option57_2\":\"60\",\"option39_2\":\"D\",\"option19_2\":\"2\",\"option20_2\":\"2\",\"option58_2\":\"5\",\"option36_2\":\"\",\"option55_2\":\"\",\"option37_2\":\"\",\"option54_2\":\"Agent\",\"option53_2\":\"\",\"option59_2\":\"\",\"option60_2\":\"\",\"option66_2\":\"0\",\"option67_2\":\"\",\"option68_2\":\"\",\"option69_2\":\"\",\"option70_2\":\"\",\"option71_2\":\"\",\"option72_2\":\"\",\"option73_2\":\"\",\"option21_2\":\"0\",\"option22_2\":\"true\",\"option23_2\":\"true\",\"option24_2\":\"0\",\"option25_2\":\"0\",\"option28_2\":\"0\",\"option29_2\":\"0\",\"option31_2\":\"0\",\"option52_2\":\"0\",\"option11_2\":\"true\",\"option30_2\":\"0\",\"option27_2\":\"0\",\"option33_2\":\"0\",\"option32_2\":\"0\",\"option43_2\":\"0\",\"option44_2\":\"\",\"option45_2\":\"\",\"option46_2\":\"\",\"option47_2\":\"\",\"option48_2\":\"\",\"option49_2\":\"\",\"option50_2\":\"700\",\"option51_2\":\"700\",\"option9_2\":\"0\",\"option12_2\":\"\",\"option42_2\":\"0\",\"agent\":\"18\",\"slug_1\":\"\",\"slug_2\":\"\"}',NULL,NULL,NULL),(4,46.373121,16.127040,'Cestica','SOLD',300,40,'2015-03-18 22:17:42','2015-01-07 13:32:50','Rent','Apartment','{\"id\":\"30\",\"gps\":\"46.3731205, 16.1270403\",\"lat\":\"46.373121\",\"lng\":\"16.127040\",\"date\":\"2015-01-07 13:32:50\",\"date_modified\":\"2015-02-22 15:04:06\",\"address\":\"Cestica\",\"type\":null,\"repository_id\":\"197\",\"is_featured\":\"0\",\"search_values\":\"id: 30Cestica Bjelovar estate empty apartment   Rent Apartment Bjelovarska Bjelovar  Less than 50m2 40 - 3 3 7 90,000.00   Agent - 70 20 262 Manitoba - Winnipeg -  FieldGate properties 264 1234567890 http:\\/\\/www.google.com http:\\/\\/www.facebook.com http:\\/\\/www.twitter.com 0-24  trueAir conditioning trueComputer trueHeating trueInternet trueMicrowave  trueBalcony trueGrill truePool trueParking  600 600 600 600        bjelovar-estate-1-en Bjelovar nekretnina empty apartment   Najam Stan Bjelovarska Bjelovar  Manje od 50m2 40 - 3 3 7 90,000.00   Agent - 70 20 263 Manitoba - Winnipeg -  FieldGate properties 2 265 1234567890 http:\\/\\/www.google.com http:\\/\\/www.facebook.com http:\\/\\/www.twitter.com 0-24  trueKlimatizacija trueRa\\u010dunalo trueGrijanje trueInternet trueMikrovalna  trueBalkon trueRo\\u0161tilj trueBazen trueParking  600 600 600 600        bjelovar-nekretnina\",\"is_activated\":\"1\",\"activation_paid_date\":null,\"featured_paid_date\":null,\"counter_views\":\"197\",\"image_filename\":\"431262903_9d77804a5b_o (1).jpg\",\"image_repository\":\"[\\\"431262903_9d77804a5b_o (1).jpg\\\",\\\"431267985_286ac5c8cd_o (1).jpg\\\"]\",\"option10_1\":\"Bjelovar estate\",\"option8_1\":\"Lorem ipsum dolor sit amet, consectetur adipiscing elit. Sed vulputate \\r\\nnec neque gravida rhoncus. Donec sit amet blandit mauris, sed bibendum \\r\\nrisus.\",\"option17_1\":\"<p>\\r\\nLorem ipsum dolor sit amet, consectetur adipiscing elit. Sed vulputate \\r\\nnec neque gravida rhoncus. Donec sit amet blandit mauris, sed bibendum \\r\\nrisus. Cras ut urna semper, facilisis augue sed, imperdiet nulla. Duis \\r\\ntristique tellus tortor, dapibus gravida sem sodales id. Nullam quis \\r\\nconvallis libero, vitae pulvinar nisi.<\\/p><p><span style=\\\"font-weight: bold;\\\">Nam eget est facilisis, porta mi \\r\\nac, ultricies enim. Proin nisi diam, eleifend ac eleifend in, dapibus in\\r\\n orci. Vestibulum elementum lectus non nisl venenatis, tempus molestie \\r\\nnisi tempus. Pellentesque facilisis nibh nec purus blandit, id aliquam \\r\\nlorem fermentum.\\r\\n<\\/span><\\/p>\\r\\n<p>\\r\\n<span style=\\\"font-style: italic;\\\">Ut erat lacus, sagittis ac leo eu, molestie mattis libero. Nam sit amet \\r\\nmassa et magna porttitor eleifend a aliquam nunc. Pellentesque a est a \\r\\naugue dignissim tristique eu nec augue. Integer pretium sollicitudin \\r\\ntellus, quis hendrerit nunc accumsan et. Fusce bibendum a neque vel \\r\\nfringilla. Vivamus viverra enim at purus gravida, in elementum neque \\r\\neleifend. Curabitur sodales dapibus urna, at mattis lacus eleifend non. \\r\\nDonec ultricies porta orci eu congue. Nulla sodales arcu a libero \\r\\naliquet, nec aliquam ante sagittis.<\\/span><\\/p>\",\"option38_1\":\"empty\",\"option6_1\":\"apartment\",\"option56_1\":\"\",\"option1_1\":\"0\",\"option4_1\":\"Rent\",\"option2_1\":\"Apartment\",\"option5_1\":\"Bjelovarska\",\"option7_1\":\"Bjelovar\",\"option40_1\":\"\",\"option3_1\":\"Less than 50m2\",\"option57_1\":\"40\",\"option39_1\":\"-\",\"option19_1\":\"3\",\"option20_1\":\"3\",\"option58_1\":\"7\",\"option36_1\":\"90,000.00\",\"option55_1\":\"\",\"option37_1\":\"\",\"option54_1\":\"Agent\",\"option53_1\":\"-\",\"option59_1\":\"70\",\"option60_1\":\"20\",\"option65_1\":\"262\",\"option64_1\":\"Manitoba - Winnipeg -\",\"option66_1\":\"0\",\"option67_1\":\"FieldGate properties\",\"option74_1\":\"264\",\"option68_1\":\"1234567890\",\"option69_1\":\"http:\\/\\/www.google.com\",\"option70_1\":\"http:\\/\\/www.facebook.com\",\"option71_1\":\"http:\\/\\/www.twitter.com\",\"option72_1\":\"345 Dixon Road\\r\\nToronto Ontario M9R 15G\\r\\n(Dixon &amp; Kipling)\",\"option73_1\":\"0-24\",\"option21_1\":\"0\",\"option22_1\":\"true\",\"option23_1\":\"0\",\"option24_1\":\"true\",\"option25_1\":\"0\",\"option28_1\":\"true\",\"option29_1\":\"true\",\"option31_1\":\"true\",\"option52_1\":\"0\",\"option11_1\":\"true\",\"option30_1\":\"0\",\"option27_1\":\"true\",\"option33_1\":\"true\",\"option32_1\":\"true\",\"option43_1\":\"0\",\"option44_1\":\"600\",\"option45_1\":\"600\",\"option46_1\":\"600\",\"option47_1\":\"600\",\"option48_1\":\"\",\"option49_1\":\"\",\"option50_1\":\"\",\"option51_1\":\"\",\"option9_1\":\"0\",\"option12_1\":\"\",\"option42_1\":\"0\",\"option10_2\":\"Bjelovar nekretnina\",\"option8_2\":\"Lorem ipsum dolor sit amet, consectetur adipiscing elit. Sed vulputate \\r\\nnec neque gravida rhoncus. Donec sit amet blandit mauris, sed bibendum \\r\\nrisus.\",\"option17_2\":\"<p>\\r\\nLorem ipsum dolor sit amet, consectetur adipiscing elit. Sed vulputate \\r\\nnec neque gravida rhoncus. Donec sit amet blandit mauris, sed bibendum \\r\\nrisus. Cras ut urna semper, facilisis augue sed, imperdiet nulla. Duis \\r\\ntristique tellus tortor, dapibus gravida sem sodales id. Nullam quis \\r\\nconvallis libero, vitae pulvinar nisi.<\\/p><p><span style=\\\"font-weight: bold;\\\">Nam eget est facilisis, porta mi \\r\\nac, ultricies enim. Proin nisi diam, eleifend ac eleifend in, dapibus in\\r\\n orci. Vestibulum elementum lectus non nisl venenatis, tempus molestie \\r\\nnisi tempus. Pellentesque facilisis nibh nec purus blandit, id aliquam \\r\\nlorem fermentum.\\r\\n<\\/span><\\/p>\\r\\n<p>\\r\\n<span style=\\\"font-style: italic;\\\">Ut erat lacus, sagittis ac leo eu, molestie mattis libero. Nam sit amet \\r\\nmassa et magna porttitor eleifend a aliquam nunc. Pellentesque a est a \\r\\naugue dignissim tristique eu nec augue. Integer pretium sollicitudin \\r\\ntellus, quis hendrerit nunc accumsan et. Fusce bibendum a neque vel \\r\\nfringilla. Vivamus viverra enim at purus gravida, in elementum neque \\r\\neleifend. Curabitur sodales dapibus urna, at mattis lacus eleifend non. \\r\\nDonec ultricies porta orci eu congue. Nulla sodales arcu a libero \\r\\naliquet, nec aliquam ante sagittis.<\\/span><\\/p>\",\"option38_2\":\"empty\",\"option6_2\":\"apartment\",\"option56_2\":\"\",\"option1_2\":\"0\",\"option4_2\":\"Najam\",\"option2_2\":\"Stan\",\"option5_2\":\"Bjelovarska\",\"option7_2\":\"Bjelovar\",\"option40_2\":\"\",\"option3_2\":\"Manje od 50m2\",\"option57_2\":\"40\",\"option39_2\":\"-\",\"option19_2\":\"3\",\"option20_2\":\"3\",\"option58_2\":\"7\",\"option36_2\":\"90,000.00\",\"option55_2\":\"\",\"option37_2\":\"\",\"option54_2\":\"Agent\",\"option53_2\":\"-\",\"option59_2\":\"70\",\"option60_2\":\"20\",\"option65_2\":\"263\",\"option64_2\":\"Manitoba - Winnipeg -\",\"option66_2\":\"0\",\"option67_2\":\"FieldGate properties 2\",\"option74_2\":\"265\",\"option68_2\":\"1234567890\",\"option69_2\":\"http:\\/\\/www.google.com\",\"option70_2\":\"http:\\/\\/www.facebook.com\",\"option71_2\":\"http:\\/\\/www.twitter.com\",\"option72_2\":\"My company description<br>\",\"option73_2\":\"0-24\",\"option21_2\":\"0\",\"option22_2\":\"true\",\"option23_2\":\"0\",\"option24_2\":\"true\",\"option25_2\":\"0\",\"option28_2\":\"true\",\"option29_2\":\"true\",\"option31_2\":\"true\",\"option52_2\":\"0\",\"option11_2\":\"true\",\"option30_2\":\"0\",\"option27_2\":\"true\",\"option33_2\":\"true\",\"option32_2\":\"true\",\"option43_2\":\"0\",\"option44_2\":\"600\",\"option45_2\":\"600\",\"option46_2\":\"600\",\"option47_2\":\"600\",\"option48_2\":\"\",\"option49_2\":\"\",\"option50_2\":\"\",\"option51_2\":\"\",\"option9_2\":\"0\",\"option12_2\":\"\",\"option42_2\":\"0\",\"agent\":\"18\",\"slug_1\":\"bjelovar-estate-1-en\",\"slug_2\":\"bjelovar-nekretnina\"}',NULL,NULL,NULL),(5,46.373121,16.127040,'Cestica','SOLD',100,40,'2015-03-18 22:17:59','2015-01-07 13:32:50','Rent','Apartment','{\"id\":\"30\",\"gps\":\"46.3731205, 16.1270403\",\"lat\":\"46.373121\",\"lng\":\"16.127040\",\"date\":\"2015-01-07 13:32:50\",\"date_modified\":\"2015-02-22 15:04:06\",\"address\":\"Cestica\",\"type\":null,\"repository_id\":\"197\",\"is_featured\":\"0\",\"search_values\":\"id: 30Cestica Bjelovar estate empty apartment   Rent Apartment Bjelovarska Bjelovar  Less than 50m2 40 - 3 3 7 90,000.00   Agent - 70 20 262 Manitoba - Winnipeg -  FieldGate properties 264 1234567890 http:\\/\\/www.google.com http:\\/\\/www.facebook.com http:\\/\\/www.twitter.com 0-24  trueAir conditioning trueComputer trueHeating trueInternet trueMicrowave  trueBalcony trueGrill truePool trueParking  600 600 600 600        bjelovar-estate-1-en Bjelovar nekretnina empty apartment   Najam Stan Bjelovarska Bjelovar  Manje od 50m2 40 - 3 3 7 90,000.00   Agent - 70 20 263 Manitoba - Winnipeg -  FieldGate properties 2 265 1234567890 http:\\/\\/www.google.com http:\\/\\/www.facebook.com http:\\/\\/www.twitter.com 0-24  trueKlimatizacija trueRa\\u010dunalo trueGrijanje trueInternet trueMikrovalna  trueBalkon trueRo\\u0161tilj trueBazen trueParking  600 600 600 600        bjelovar-nekretnina\",\"is_activated\":\"1\",\"activation_paid_date\":null,\"featured_paid_date\":null,\"counter_views\":\"197\",\"image_filename\":\"431262903_9d77804a5b_o (1).jpg\",\"image_repository\":\"[\\\"431262903_9d77804a5b_o (1).jpg\\\",\\\"431267985_286ac5c8cd_o (1).jpg\\\"]\",\"option10_1\":\"Bjelovar estate\",\"option8_1\":\"Lorem ipsum dolor sit amet, consectetur adipiscing elit. Sed vulputate \\r\\nnec neque gravida rhoncus. Donec sit amet blandit mauris, sed bibendum \\r\\nrisus.\",\"option17_1\":\"<p>\\r\\nLorem ipsum dolor sit amet, consectetur adipiscing elit. Sed vulputate \\r\\nnec neque gravida rhoncus. Donec sit amet blandit mauris, sed bibendum \\r\\nrisus. Cras ut urna semper, facilisis augue sed, imperdiet nulla. Duis \\r\\ntristique tellus tortor, dapibus gravida sem sodales id. Nullam quis \\r\\nconvallis libero, vitae pulvinar nisi.<\\/p><p><span style=\\\"font-weight: bold;\\\">Nam eget est facilisis, porta mi \\r\\nac, ultricies enim. Proin nisi diam, eleifend ac eleifend in, dapibus in\\r\\n orci. Vestibulum elementum lectus non nisl venenatis, tempus molestie \\r\\nnisi tempus. Pellentesque facilisis nibh nec purus blandit, id aliquam \\r\\nlorem fermentum.\\r\\n<\\/span><\\/p>\\r\\n<p>\\r\\n<span style=\\\"font-style: italic;\\\">Ut erat lacus, sagittis ac leo eu, molestie mattis libero. Nam sit amet \\r\\nmassa et magna porttitor eleifend a aliquam nunc. Pellentesque a est a \\r\\naugue dignissim tristique eu nec augue. Integer pretium sollicitudin \\r\\ntellus, quis hendrerit nunc accumsan et. Fusce bibendum a neque vel \\r\\nfringilla. Vivamus viverra enim at purus gravida, in elementum neque \\r\\neleifend. Curabitur sodales dapibus urna, at mattis lacus eleifend non. \\r\\nDonec ultricies porta orci eu congue. Nulla sodales arcu a libero \\r\\naliquet, nec aliquam ante sagittis.<\\/span><\\/p>\",\"option38_1\":\"empty\",\"option6_1\":\"apartment\",\"option56_1\":\"\",\"option1_1\":\"0\",\"option4_1\":\"Rent\",\"option2_1\":\"Apartment\",\"option5_1\":\"Bjelovarska\",\"option7_1\":\"Bjelovar\",\"option40_1\":\"\",\"option3_1\":\"Less than 50m2\",\"option57_1\":\"40\",\"option39_1\":\"-\",\"option19_1\":\"3\",\"option20_1\":\"3\",\"option58_1\":\"7\",\"option36_1\":\"90,000.00\",\"option55_1\":\"\",\"option37_1\":\"\",\"option54_1\":\"Agent\",\"option53_1\":\"-\",\"option59_1\":\"70\",\"option60_1\":\"20\",\"option65_1\":\"262\",\"option64_1\":\"Manitoba - Winnipeg -\",\"option66_1\":\"0\",\"option67_1\":\"FieldGate properties\",\"option74_1\":\"264\",\"option68_1\":\"1234567890\",\"option69_1\":\"http:\\/\\/www.google.com\",\"option70_1\":\"http:\\/\\/www.facebook.com\",\"option71_1\":\"http:\\/\\/www.twitter.com\",\"option72_1\":\"345 Dixon Road\\r\\nToronto Ontario M9R 15G\\r\\n(Dixon &amp; Kipling)\",\"option73_1\":\"0-24\",\"option21_1\":\"0\",\"option22_1\":\"true\",\"option23_1\":\"0\",\"option24_1\":\"true\",\"option25_1\":\"0\",\"option28_1\":\"true\",\"option29_1\":\"true\",\"option31_1\":\"true\",\"option52_1\":\"0\",\"option11_1\":\"true\",\"option30_1\":\"0\",\"option27_1\":\"true\",\"option33_1\":\"true\",\"option32_1\":\"true\",\"option43_1\":\"0\",\"option44_1\":\"600\",\"option45_1\":\"600\",\"option46_1\":\"600\",\"option47_1\":\"600\",\"option48_1\":\"\",\"option49_1\":\"\",\"option50_1\":\"\",\"option51_1\":\"\",\"option9_1\":\"0\",\"option12_1\":\"\",\"option42_1\":\"0\",\"option10_2\":\"Bjelovar nekretnina\",\"option8_2\":\"Lorem ipsum dolor sit amet, consectetur adipiscing elit. Sed vulputate \\r\\nnec neque gravida rhoncus. Donec sit amet blandit mauris, sed bibendum \\r\\nrisus.\",\"option17_2\":\"<p>\\r\\nLorem ipsum dolor sit amet, consectetur adipiscing elit. Sed vulputate \\r\\nnec neque gravida rhoncus. Donec sit amet blandit mauris, sed bibendum \\r\\nrisus. Cras ut urna semper, facilisis augue sed, imperdiet nulla. Duis \\r\\ntristique tellus tortor, dapibus gravida sem sodales id. Nullam quis \\r\\nconvallis libero, vitae pulvinar nisi.<\\/p><p><span style=\\\"font-weight: bold;\\\">Nam eget est facilisis, porta mi \\r\\nac, ultricies enim. Proin nisi diam, eleifend ac eleifend in, dapibus in\\r\\n orci. Vestibulum elementum lectus non nisl venenatis, tempus molestie \\r\\nnisi tempus. Pellentesque facilisis nibh nec purus blandit, id aliquam \\r\\nlorem fermentum.\\r\\n<\\/span><\\/p>\\r\\n<p>\\r\\n<span style=\\\"font-style: italic;\\\">Ut erat lacus, sagittis ac leo eu, molestie mattis libero. Nam sit amet \\r\\nmassa et magna porttitor eleifend a aliquam nunc. Pellentesque a est a \\r\\naugue dignissim tristique eu nec augue. Integer pretium sollicitudin \\r\\ntellus, quis hendrerit nunc accumsan et. Fusce bibendum a neque vel \\r\\nfringilla. Vivamus viverra enim at purus gravida, in elementum neque \\r\\neleifend. Curabitur sodales dapibus urna, at mattis lacus eleifend non. \\r\\nDonec ultricies porta orci eu congue. Nulla sodales arcu a libero \\r\\naliquet, nec aliquam ante sagittis.<\\/span><\\/p>\",\"option38_2\":\"empty\",\"option6_2\":\"apartment\",\"option56_2\":\"\",\"option1_2\":\"0\",\"option4_2\":\"Najam\",\"option2_2\":\"Stan\",\"option5_2\":\"Bjelovarska\",\"option7_2\":\"Bjelovar\",\"option40_2\":\"\",\"option3_2\":\"Manje od 50m2\",\"option57_2\":\"40\",\"option39_2\":\"-\",\"option19_2\":\"3\",\"option20_2\":\"3\",\"option58_2\":\"7\",\"option36_2\":\"90,000.00\",\"option55_2\":\"\",\"option37_2\":\"\",\"option54_2\":\"Agent\",\"option53_2\":\"-\",\"option59_2\":\"70\",\"option60_2\":\"20\",\"option65_2\":\"263\",\"option64_2\":\"Manitoba - Winnipeg -\",\"option66_2\":\"0\",\"option67_2\":\"FieldGate properties 2\",\"option74_2\":\"265\",\"option68_2\":\"1234567890\",\"option69_2\":\"http:\\/\\/www.google.com\",\"option70_2\":\"http:\\/\\/www.facebook.com\",\"option71_2\":\"http:\\/\\/www.twitter.com\",\"option72_2\":\"My company description<br>\",\"option73_2\":\"0-24\",\"option21_2\":\"0\",\"option22_2\":\"true\",\"option23_2\":\"0\",\"option24_2\":\"true\",\"option25_2\":\"0\",\"option28_2\":\"true\",\"option29_2\":\"true\",\"option31_2\":\"true\",\"option52_2\":\"0\",\"option11_2\":\"true\",\"option30_2\":\"0\",\"option27_2\":\"true\",\"option33_2\":\"true\",\"option32_2\":\"true\",\"option43_2\":\"0\",\"option44_2\":\"600\",\"option45_2\":\"600\",\"option46_2\":\"600\",\"option47_2\":\"600\",\"option48_2\":\"\",\"option49_2\":\"\",\"option50_2\":\"\",\"option51_2\":\"\",\"option9_2\":\"0\",\"option12_2\":\"\",\"option42_2\":\"0\",\"agent\":\"18\",\"slug_1\":\"bjelovar-estate-1-en\",\"slug_2\":\"bjelovar-nekretnina\"}',NULL,NULL,NULL),(6,46.378570,16.079735,'Veliki lovrečan','SOLD',100,60,'2015-03-21 11:49:54','2014-03-07 20:12:14','Sale','House','{\"id\":\"29\",\"gps\":\"46.3785703, 16.0797348\",\"lat\":\"46.378570\",\"lng\":\"16.079735\",\"date\":\"2014-03-07 20:12:14\",\"date_modified\":\"2014-12-28 18:59:23\",\"address\":\"Veliki lovre\\u010dan\",\"type\":null,\"repository_id\":\"195\",\"is_featured\":\"0\",\"search_values\":\"id: 29Veliki lovre\\u010dan My property new house   Sale House Vara\\u017edinska Cestica   50-100m2 60 D 2 2 5    Agent  50 20 SKIP_ON_EMPTY   SKIP_ON_EMPTY       trueAir conditioning trueCable TV  trueBalcony        700 700    Moja nekretnina novo house   Prodaja Ku\\u0107a Vara\\u017edinska Cestica   50-100m2 60 D 2 2 5    Agent    SKIP_ON_EMPTY   SKIP_ON_EMPTY       trueKlimatizacija trueKabelska TV  trueBalkon        700 700   \",\"is_activated\":\"0\",\"activation_paid_date\":null,\"featured_paid_date\":null,\"counter_views\":\"0\",\"image_filename\":null,\"image_repository\":null,\"option10_1\":\"My property\",\"option8_1\":\"Lorem ipsum dolor sit amet, consectetur adipiscing elit. Sed vulputate \\r\\nnec neque gravida rhoncus. Donec sit amet blandit mauris, sed bibendum \\r\\nrisus.\",\"option17_1\":\"<p>\\r\\nLorem ipsum dolor sit amet, consectetur adipiscing elit. Sed vulputate \\r\\nnec neque gravida rhoncus. Donec sit amet blandit mauris, sed bibendum \\r\\nrisus. Cras ut urna semper, facilisis augue sed, imperdiet nulla. Duis \\r\\ntristique tellus tortor, dapibus gravida sem sodales id. Nullam quis \\r\\nconvallis libero, vitae pulvinar nisi.<\\/p><p><span style=\\\"font-weight: bold;\\\">Nam eget est facilisis, porta mi \\r\\nac, ultricies enim. Proin nisi diam, eleifend ac eleifend in, dapibus in\\r\\n orci. Vestibulum elementum lectus non nisl venenatis, tempus molestie \\r\\nnisi tempus. Pellentesque facilisis nibh nec purus blandit, id aliquam \\r\\nlorem fermentum.\\r\\n<\\/span><\\/p>\\r\\n<p>\\r\\n<span style=\\\"font-style: italic;\\\">Ut erat lacus, sagittis ac leo eu, molestie mattis libero. Nam sit amet \\r\\nmassa et magna porttitor eleifend a aliquam nunc. Pellentesque a est a \\r\\naugue dignissim tristique eu nec augue. Integer pretium sollicitudin \\r\\ntellus, quis hendrerit nunc accumsan et. Fusce bibendum a neque vel \\r\\nfringilla. Vivamus viverra enim at purus gravida, in elementum neque \\r\\neleifend. Curabitur sodales dapibus urna, at mattis lacus eleifend non. \\r\\nDonec ultricies porta orci eu congue. Nulla sodales arcu a libero \\r\\naliquet, nec aliquam ante sagittis.<\\/span><\\/p>\",\"option38_1\":\"new\",\"option6_1\":\"house\",\"option56_1\":\"\",\"option1_1\":\"0\",\"option4_1\":\"Sale\",\"option2_1\":\"House\",\"option5_1\":\"Vara\\u017edinska\",\"option7_1\":\"Cestica\",\"option40_1\":\"\",\"option64_1\":\"\",\"option3_1\":\"50-100m2\",\"option57_1\":\"60\",\"option39_1\":\"D\",\"option19_1\":\"2\",\"option20_1\":\"2\",\"option58_1\":\"5\",\"option36_1\":\"\",\"option55_1\":\"\",\"option37_1\":\"\",\"option54_1\":\"Agent\",\"option53_1\":\"\",\"option59_1\":\"50\",\"option60_1\":\"20\",\"option66_1\":\"0\",\"option67_1\":\"\",\"option68_1\":\"\",\"option69_1\":\"\",\"option70_1\":\"\",\"option71_1\":\"\",\"option72_1\":\"\",\"option73_1\":\"\",\"option21_1\":\"0\",\"option22_1\":\"true\",\"option23_1\":\"true\",\"option24_1\":\"0\",\"option25_1\":\"0\",\"option28_1\":\"0\",\"option29_1\":\"0\",\"option31_1\":\"0\",\"option52_1\":\"0\",\"option11_1\":\"true\",\"option30_1\":\"0\",\"option27_1\":\"0\",\"option33_1\":\"0\",\"option32_1\":\"0\",\"option43_1\":\"0\",\"option44_1\":\"\",\"option45_1\":\"\",\"option46_1\":\"\",\"option47_1\":\"\",\"option48_1\":\"\",\"option49_1\":\"\",\"option50_1\":\"700\",\"option51_1\":\"700\",\"option9_1\":\"0\",\"option12_1\":\"\",\"option42_1\":\"0\",\"option10_2\":\"Moja nekretnina\",\"option8_2\":\"Lorem ipsum dolor sit amet, consectetur adipiscing elit. Sed vulputate \\r\\nnec neque gravida rhoncus. Donec sit amet blandit mauris, sed bibendum \\r\\nrisus.\",\"option17_2\":\"<p>\\r\\nLorem ipsum dolor sit amet, consectetur adipiscing elit. Sed vulputate \\r\\nnec neque gravida rhoncus. Donec sit amet blandit mauris, sed bibendum \\r\\nrisus. Cras ut urna semper, facilisis augue sed, imperdiet nulla. Duis \\r\\ntristique tellus tortor, dapibus gravida sem sodales id. Nullam quis \\r\\nconvallis libero, vitae pulvinar nisi.<\\/p><p><span style=\\\"font-weight: bold;\\\">Nam eget est facilisis, porta mi \\r\\nac, ultricies enim. Proin nisi diam, eleifend ac eleifend in, dapibus in\\r\\n orci. Vestibulum elementum lectus non nisl venenatis, tempus molestie \\r\\nnisi tempus. Pellentesque facilisis nibh nec purus blandit, id aliquam \\r\\nlorem fermentum.\\r\\n<\\/span><\\/p>\\r\\n<p>\\r\\n<span style=\\\"font-style: italic;\\\">Ut erat lacus, sagittis ac leo eu, molestie mattis libero. Nam sit amet \\r\\nmassa et magna porttitor eleifend a aliquam nunc. Pellentesque a est a \\r\\naugue dignissim tristique eu nec augue. Integer pretium sollicitudin \\r\\ntellus, quis hendrerit nunc accumsan et. Fusce bibendum a neque vel \\r\\nfringilla. Vivamus viverra enim at purus gravida, in elementum neque \\r\\neleifend. Curabitur sodales dapibus urna, at mattis lacus eleifend non. \\r\\nDonec ultricies porta orci eu congue. Nulla sodales arcu a libero \\r\\naliquet, nec aliquam ante sagittis.<\\/span><\\/p>\",\"option38_2\":\"novo\",\"option6_2\":\"house\",\"option56_2\":\"\",\"option1_2\":\"0\",\"option4_2\":\"Prodaja\",\"option2_2\":\"Ku\\u0107a\",\"option5_2\":\"Vara\\u017edinska\",\"option7_2\":\"Cestica\",\"option40_2\":\"\",\"option64_2\":\"\",\"option3_2\":\"50-100m2\",\"option57_2\":\"60\",\"option39_2\":\"D\",\"option19_2\":\"2\",\"option20_2\":\"2\",\"option58_2\":\"5\",\"option36_2\":\"\",\"option55_2\":\"\",\"option37_2\":\"\",\"option54_2\":\"Agent\",\"option53_2\":\"\",\"option59_2\":\"\",\"option60_2\":\"\",\"option66_2\":\"0\",\"option67_2\":\"\",\"option68_2\":\"\",\"option69_2\":\"\",\"option70_2\":\"\",\"option71_2\":\"\",\"option72_2\":\"\",\"option73_2\":\"\",\"option21_2\":\"0\",\"option22_2\":\"true\",\"option23_2\":\"true\",\"option24_2\":\"0\",\"option25_2\":\"0\",\"option28_2\":\"0\",\"option29_2\":\"0\",\"option31_2\":\"0\",\"option52_2\":\"0\",\"option11_2\":\"true\",\"option30_2\":\"0\",\"option27_2\":\"0\",\"option33_2\":\"0\",\"option32_2\":\"0\",\"option43_2\":\"0\",\"option44_2\":\"\",\"option45_2\":\"\",\"option46_2\":\"\",\"option47_2\":\"\",\"option48_2\":\"\",\"option49_2\":\"\",\"option50_2\":\"700\",\"option51_2\":\"700\",\"option9_2\":\"0\",\"option12_2\":\"\",\"option42_2\":\"0\",\"agent\":\"18\",\"slug_1\":\"\",\"slug_2\":\"\"}',29,18,18);

--
-- Table structure for table `masking`
--

DROP TABLE IF EXISTS `masking`;
/*!40101 SET @saved_cs_client     = @@character_set_client */;
/*!40101 SET character_set_client = utf8 */;
CREATE TABLE `masking` (
  `id` int(11) NOT NULL AUTO_INCREMENT,
  `date_submit` datetime DEFAULT NULL,
  `visitor_type` varchar(45) COLLATE utf8_unicode_ci DEFAULT NULL,
  `name` varchar(45) COLLATE utf8_unicode_ci DEFAULT NULL,
  `phone` varchar(45) COLLATE utf8_unicode_ci DEFAULT NULL,
  `email` varchar(45) COLLATE utf8_unicode_ci DEFAULT NULL,
  `allow_contact` tinyint(1) DEFAULT '0',
  `agent_id` int(11) DEFAULT NULL,
  `property_id` int(11) DEFAULT NULL,
  PRIMARY KEY (`id`)
) ENGINE=InnoDB AUTO_INCREMENT=3 DEFAULT CHARSET=utf8 COLLATE=utf8_unicode_ci;
/*!40101 SET character_set_client = @saved_cs_client */;

--
-- Dumping data for table `masking`
--

INSERT INTO `masking` VALUES (2,'2015-07-01 00:00:00','individual','tester','09123213','test@gmail.com',1,9,18);

--
-- Table structure for table `option`
--

DROP TABLE IF EXISTS `option`;
/*!40101 SET @saved_cs_client     = @@character_set_client */;
/*!40101 SET character_set_client = utf8 */;
CREATE TABLE `option` (
  `id` int(11) NOT NULL AUTO_INCREMENT,
  `parent_id` int(11) DEFAULT NULL,
  `order` int(11) DEFAULT NULL,
  `type` varchar(45) COLLATE utf8_unicode_ci DEFAULT NULL,
  `visible` tinyint(1) DEFAULT '0',
  `is_locked` tinyint(1) DEFAULT '0',
  `is_frontend` tinyint(1) DEFAULT '1',
  `is_hardlocked` tinyint(1) DEFAULT '0',
  `is_required` tinyint(1) DEFAULT '0',
  `is_quickvisible` tinyint(1) DEFAULT NULL,
  `max_length` int(11) DEFAULT NULL,
  `repository_id` int(11) DEFAULT NULL,
  `image_filename` varchar(160) COLLATE utf8_unicode_ci DEFAULT NULL,
  `image_gallery` text COLLATE utf8_unicode_ci,
  PRIMARY KEY (`id`)
) ENGINE=InnoDB AUTO_INCREMENT=81 DEFAULT CHARSET=utf8 COLLATE=utf8_unicode_ci;
/*!40101 SET character_set_client = @saved_cs_client */;

--
-- Dumping data for table `option`
--

INSERT INTO `option` VALUES (1,0,7,'CATEGORY',0,0,1,1,0,NULL,NULL,NULL,NULL,NULL),(4,1,10,'DROPDOWN',1,1,1,1,0,1,NULL,362,NULL,''),(5,1,13,'INPUTBOX',0,1,1,1,0,NULL,NULL,NULL,NULL,NULL),(7,1,15,'INPUTBOX',1,1,1,1,0,NULL,NULL,NULL,NULL,NULL),(8,0,3,'TEXTAREA',0,1,1,1,0,1,NULL,405,NULL,''),(9,0,33,'CATEGORY',0,1,0,0,0,NULL,NULL,NULL,NULL,NULL),(10,0,1,'INPUTBOX',1,1,1,1,1,0,50,375,NULL,''),(12,9,34,'INPUTBOX',0,1,1,0,0,NULL,NULL,NULL,NULL,NULL),(17,0,4,'TEXTAREA',0,1,1,1,0,1,NULL,406,NULL,''),(21,0,25,'CATEGORY',0,1,1,1,0,1,NULL,384,NULL,''),(26,21,18,'CHECKBOX',0,1,1,0,0,NULL,NULL,NULL,NULL,NULL),(27,21,26,'CHECKBOX',0,1,1,0,0,1,NULL,408,NULL,''),(32,43,27,'CHECKBOX',0,1,1,0,0,1,NULL,410,NULL,''),(34,0,4,'INPUTBOX',0,1,1,0,0,NULL,NULL,NULL,NULL,NULL),(35,0,26,'INPUTBOX',0,1,1,0,0,NULL,NULL,NULL,NULL,NULL),(36,1,12,'INPUTBOX',0,1,1,1,0,0,NULL,385,NULL,''),(38,0,5,'DROPDOWN',0,1,0,1,0,NULL,NULL,NULL,NULL,NULL),(40,1,14,'INPUTBOX',0,1,1,1,0,NULL,0,NULL,NULL,NULL),(41,1,16,'CHECKBOX',0,0,0,0,0,NULL,NULL,NULL,NULL,NULL),(42,0,35,'CATEGORY',0,1,0,0,0,NULL,NULL,NULL,NULL,NULL),(43,0,28,'CATEGORY',0,1,1,1,0,1,NULL,409,NULL,''),(44,43,29,'INPUTBOX',0,1,1,0,0,1,NULL,383,NULL,''),(45,43,32,'INPUTBOX',0,1,1,0,0,1,NULL,382,NULL,''),(46,43,31,'INPUTBOX',0,1,1,0,0,1,NULL,381,NULL,''),(47,43,30,'INPUTBOX',0,1,1,0,0,1,NULL,380,NULL,''),(54,1,11,'DROPDOWN',0,1,1,1,0,1,NULL,377,NULL,''),(56,0,6,'DROPDOWN',0,1,0,1,0,NULL,NULL,NULL,NULL,NULL),(64,1,9,'TREE',0,1,1,1,0,1,NULL,403,NULL,''),(66,0,16,'CATEGORY',0,1,0,0,0,NULL,NULL,NULL,NULL,NULL),(67,66,17,'INPUTBOX',0,1,0,0,0,1,NULL,407,NULL,''),(68,66,19,'INPUTBOX',0,1,0,0,0,NULL,NULL,NULL,NULL,NULL),(69,66,20,'INPUTBOX',0,1,0,0,0,NULL,NULL,NULL,NULL,NULL),(70,66,21,'INPUTBOX',0,1,0,0,0,NULL,NULL,NULL,NULL,NULL),(71,66,22,'INPUTBOX',0,1,0,0,0,NULL,NULL,NULL,NULL,NULL),(72,66,23,'TEXTAREA',0,1,0,0,0,NULL,NULL,NULL,NULL,NULL),(73,66,24,'INPUTBOX',0,1,0,0,0,0,NULL,378,NULL,''),(74,66,18,'UPLOAD',0,1,0,0,0,NULL,NULL,NULL,NULL,NULL),(75,1,26,'INPUTBOX',0,0,1,0,0,NULL,NULL,NULL,NULL,NULL),(78,0,2,'INPUTBOX',0,1,1,0,0,NULL,NULL,NULL,NULL,NULL),(79,1,8,'TREE',1,1,1,1,0,1,NULL,388,NULL,''),(80,NULL,NULL,NULL,0,0,1,0,0,NULL,NULL,412,NULL,NULL);

--
-- Table structure for table `option_lang`
--

DROP TABLE IF EXISTS `option_lang`;
/*!40101 SET @saved_cs_client     = @@character_set_client */;
/*!40101 SET character_set_client = utf8 */;
CREATE TABLE `option_lang` (
  `id_option_lang` int(11) NOT NULL AUTO_INCREMENT,
  `option_id` int(11) NOT NULL,
  `language_id` int(11) NOT NULL,
  `option` varchar(100) COLLATE utf8_unicode_ci DEFAULT NULL,
  `values` text COLLATE utf8_unicode_ci,
  `prefix` varchar(25) COLLATE utf8_unicode_ci DEFAULT NULL,
  `suffix` varchar(25) COLLATE utf8_unicode_ci DEFAULT NULL,
  `hint` varchar(100) COLLATE utf8_unicode_ci DEFAULT NULL,
  PRIMARY KEY (`id_option_lang`),
  UNIQUE KEY `id_UNIQUE` (`id_option_lang`),
  KEY `fk_option_lang_language1_idx` (`language_id`),
  KEY `fk_option_lang_option1_idx` (`option_id`),
  CONSTRAINT `fk_option_lang_language1` FOREIGN KEY (`language_id`) REFERENCES `language` (`id`) ON DELETE NO ACTION ON UPDATE NO ACTION,
  CONSTRAINT `fk_option_lang_option1` FOREIGN KEY (`option_id`) REFERENCES `option` (`id`) ON DELETE NO ACTION ON UPDATE NO ACTION
) ENGINE=InnoDB AUTO_INCREMENT=656 DEFAULT CHARSET=utf8 COLLATE=utf8_unicode_ci;
/*!40101 SET character_set_client = @saved_cs_client */;

--
-- Dumping data for table `option_lang`
--

INSERT INTO `option_lang` VALUES (62,7,2,'Grad','',NULL,NULL,NULL),(63,7,1,'City','',NULL,NULL,NULL),(180,1,1,'Overview','',NULL,'',NULL),(181,1,2,'Osnovni podaci','',NULL,'',NULL),(228,42,1,'Hidden amenities','',NULL,'',NULL),(229,42,2,'Sakrivene značajke','',NULL,'',NULL),(255,9,1,'Multimedia','',NULL,'',NULL),(256,9,2,'Multimedia','',NULL,'',NULL),(267,12,1,'Embed video code','',NULL,'',NULL),(268,12,2,'Integrirani video kod','',NULL,'',NULL),(271,38,1,'Badget','empty,new,sold,action',NULL,'',NULL),(272,38,2,'Oznaka','empty,novo,prodano,akcija',NULL,'',NULL),(323,56,1,'Pro rating',',1,2,3,4,5','','',NULL),(324,56,2,'Pro ocjena',',1,2,3,4,5','','',NULL),(403,66,1,'Company','','','',NULL),(404,66,2,'Tvrtka','','','',NULL),(407,72,1,'Company description','','','',NULL),(408,72,2,'Opis tvrtke','','','',NULL),(409,71,1,'Twitter link','','','',NULL),(410,71,2,'Twitter link','','','',NULL),(411,70,1,'Facebook link','','','',NULL),(412,70,2,'Facebook link','','','',NULL),(413,69,1,'Website','','','',NULL),(414,69,2,'Web stranice','','','',NULL),(415,68,1,'Phone number','','','',NULL),(416,68,2,'Telefon','','','',NULL),(417,74,1,'Company logo 60x60px','','','',NULL),(418,74,2,'Logo tvrtke','','','',NULL),(489,40,1,'Zip code','','','',NULL),(490,40,2,'Poštanski broj','','','',NULL),(527,5,1,'County','','','',NULL),(528,5,2,'Županija','','','',NULL),(565,78,1,'Keywords','','','',NULL),(604,10,1,'Listing name','','','',''),(605,10,2,'Naziv artikla','','','',''),(606,73,1,'Open hours','','','',''),(607,73,2,'Radno vrijeme','','','',''),(612,36,1,'Service price','','$','',''),(613,36,2,'Cijena usluge','','','€',''),(626,79,1,'Category','','','',''),(627,79,2,'Kategorija','','','',''),(628,64,1,'Location','','','',''),(629,64,2,'Lokacija','','','',''),(630,8,1,'Description short','','','',''),(631,8,2,'Opis ukratko','','','',''),(632,17,1,'Description long','','','',''),(633,17,2,'Sadržaj dulji','','','',''),(634,4,1,'Purpose','Fun,Learning,Food and drink,Excursion,Sport,Shopping,Sleeping,Emergency,Transport','','',''),(635,4,2,'Namjena','Zabava,Učenje,Hrana i piće,Izleti,Sport,Shopping,Spavanje,Prva pomoć,Prijevoz','','',''),(636,54,1,'Ownership','Agent,Owner,Builder','','',''),(637,54,2,'Vlasništvo','Agent,Vlasnik,Izvođač','','',''),(638,67,1,'Company name','','','',''),(639,67,2,'Naziv tvrtke','','','',''),(640,21,1,'Amenities','','','',''),(641,21,2,'Pogodnosti','','','',''),(642,27,1,'Grill','','','',''),(643,27,2,'Roštilj','','','',''),(644,43,1,'Distances','','','',''),(645,43,2,'Udaljenosti','','','',''),(646,32,1,'Parking','','','',''),(647,32,2,'Parking','','','',''),(648,44,1,'Center','','','m',''),(649,44,2,'Centar','','','m',''),(650,47,1,'Bus','','','m',''),(651,47,2,'autobus','','','m',''),(652,46,1,'Metro','','','m',''),(653,46,2,'Podzemna','','','m',''),(654,45,1,'Train','','','m',''),(655,45,2,'Vlak','','','m','');

--
-- Table structure for table `packages`
--

DROP TABLE IF EXISTS `packages`;
/*!40101 SET @saved_cs_client     = @@character_set_client */;
/*!40101 SET character_set_client = utf8 */;
CREATE TABLE `packages` (
  `id` int(11) NOT NULL AUTO_INCREMENT,
  `date_created` datetime DEFAULT NULL,
  `date_modified` datetime DEFAULT NULL,
  `package_name` varchar(60) COLLATE utf8_unicode_ci DEFAULT NULL COMMENT 'FREE\nBASIC\nPREMIUM\n',
  `package_price` decimal(10,2) DEFAULT NULL,
  `package_days` int(11) DEFAULT '0',
  `num_listing_limit` int(11) DEFAULT '0',
  `currency_code` varchar(45) COLLATE utf8_unicode_ci DEFAULT 'USD',
  `show_private_listings` tinyint(1) DEFAULT '1',
  `user_type` varchar(45) COLLATE utf8_unicode_ci DEFAULT '' COMMENT 'USER|AGENT',
  `auto_activation` tinyint(1) DEFAULT '0',
  `num_images_limit` int(11) DEFAULT '1000',
  `num_amenities_limit` int(11) DEFAULT '1000',
  `num_featured_limit` int(11) DEFAULT '0',
  PRIMARY KEY (`id`)
) ENGINE=InnoDB AUTO_INCREMENT=4 DEFAULT CHARSET=utf8 COLLATE=utf8_unicode_ci;
/*!40101 SET character_set_client = @saved_cs_client */;

--
-- Dumping data for table `packages`
--

INSERT INTO `packages` VALUES (1,'2014-06-05 21:19:57','2015-04-15 15:17:41','Free',0.00,0,1,'USD',1,'',0,5,5,0),(2,'2014-06-05 21:19:57','2015-06-19 19:30:59','Basic',10.00,30,10,'USD',1,'',1,1000,1000,0),(3,'2014-06-05 21:19:57','2015-04-15 15:17:56','Premium',20.00,30,40,'USD',1,'',1,1000,1000,1);

--
-- Table structure for table `page`
--

DROP TABLE IF EXISTS `page`;
/*!40101 SET @saved_cs_client     = @@character_set_client */;
/*!40101 SET character_set_client = utf8 */;
CREATE TABLE `page` (
  `id` int(11) NOT NULL AUTO_INCREMENT,
  `parent_id` int(11) DEFAULT NULL,
  `order` int(11) DEFAULT NULL,
  `type` varchar(45) COLLATE utf8_unicode_ci NOT NULL DEFAULT '',
  `date` datetime DEFAULT NULL,
  `date_publish` datetime DEFAULT NULL,
  `template` varchar(100) COLLATE utf8_unicode_ci DEFAULT NULL,
  `template_header` varchar(100) COLLATE utf8_unicode_ci DEFAULT NULL,
  `template_footer` varchar(100) COLLATE utf8_unicode_ci DEFAULT NULL,
  `slug` varchar(160) COLLATE utf8_unicode_ci DEFAULT NULL,
  `repository_id` int(11) DEFAULT NULL,
  `is_visible` tinyint(1) DEFAULT '1',
  `is_private` tinyint(1) DEFAULT '0',
  `image_filename` varchar(200) COLLATE utf8_unicode_ci DEFAULT NULL,
  PRIMARY KEY (`id`)
) ENGINE=InnoDB AUTO_INCREMENT=183 DEFAULT CHARSET=utf8 COLLATE=utf8_unicode_ci;
/*!40101 SET character_set_client = @saved_cs_client */;

--
-- Dumping data for table `page`
--

INSERT INTO `page` VALUES (4,0,19,'PAGE',NULL,NULL,'page_contact','','',NULL,25,1,0,NULL),(5,0,10,'PAGE','2013-12-12 16:01:35',NULL,'page_agents',NULL,NULL,NULL,24,1,0,'413539183_cc8e400d9d_o.jpg'),(142,5,11,'PAGE','2014-01-04 22:19:49',NULL,'page_news','0','',NULL,183,1,0,NULL),(146,5,14,'PAGE','2014-03-15 18:18:13',NULL,'page_page','0','',NULL,202,1,0,NULL),(147,5,13,'PAGE','2014-04-05 10:33:02',NULL,'page_featured',NULL,NULL,NULL,203,1,0,NULL),(151,0,2,'MODULE_NEWS_CATEGORY','2014-04-06 16:07:03',NULL,NULL,NULL,NULL,NULL,NULL,1,0,NULL),(152,0,1,'MODULE_NEWS_CATEGORY','2014-04-06 16:21:32',NULL,NULL,NULL,NULL,NULL,NULL,1,0,NULL),(154,152,13,'MODULE_NEWS_POST','2014-04-06 20:01:32','2014-04-09 19:57:33','page_page',NULL,NULL,NULL,207,1,0,'5388658660_975a93b2ae_b (1).jpg'),(155,151,1,'MODULE_NEWS_POST','2014-04-06 20:13:51','2014-04-08 20:13:05','page_news',NULL,NULL,NULL,208,1,0,'5388050721_b84cf3a0a3_b (1).jpg'),(156,157,17,'ARTICLE','2014-04-08 17:59:20','2014-04-08 17:59:20','page_page',NULL,NULL,NULL,209,1,0,'5388050419_e3ef95b8eb_b (1).jpg'),(157,5,15,'PAGE','2014-04-08 22:08:34',NULL,'page_articles',NULL,NULL,NULL,210,1,0,NULL),(158,157,16,'ARTICLE','2014-04-08 22:30:56','2014-04-08 22:30:56','page_page',NULL,NULL,NULL,211,1,0,'5388051239_00764065f2_b (1).jpg'),(159,151,1,'MODULE_NEWS_POST','2014-04-15 18:37:33','2014-04-15 18:36:57','page_page',NULL,NULL,NULL,240,1,0,'5388057701_5a618e8a9e_b (1).jpg'),(162,5,18,'PAGE','2014-05-20 19:05:57',NULL,'page_page',NULL,NULL,NULL,246,0,0,NULL),(169,5,12,'PAGE','2014-08-01 19:02:31','2014-08-01 19:02:31','page_agents-list',NULL,NULL,NULL,255,1,0,NULL),(170,0,1,'PAGE','2018-02-27 19:59:38','2018-02-27 19:59:38','custom_3','0','',NULL,365,1,0,NULL),(171,170,2,'PAGE','2018-02-27 20:02:06','2018-02-27 20:02:06','page_homepage-search-with-location','0','',NULL,369,1,0,NULL),(172,170,3,'PAGE','2018-02-27 20:03:30','2018-02-27 20:03:30','page_homepage-categories','0','',NULL,348,1,0,NULL),(173,170,4,'PAGE','2018-02-27 20:07:47','2018-02-27 20:07:47','page_homepage-slider-topresults','0','slim',NULL,370,1,0,NULL),(174,0,5,'PAGE','2018-02-27 20:08:23','2018-02-27 20:08:23','page_homepage','0','',NULL,366,1,0,NULL),(175,174,6,'PAGE','2018-02-27 20:09:25','2018-02-27 20:09:25','page_homepage-side-list','0','',NULL,371,1,0,NULL),(176,174,8,'PAGE','2018-02-27 20:12:09','2018-02-27 20:12:09','page_customsearch','0','',NULL,373,1,0,NULL),(177,174,9,'PAGE','2018-02-27 20:13:48','2018-02-27 20:13:48','page_homepage','0','',NULL,374,1,0,NULL),(178,4,20,'PAGE','2018-02-27 20:17:36','2018-02-27 20:17:36','page_contact','0','',NULL,NULL,1,0,NULL),(179,4,21,'PAGE','2018-02-27 20:19:04','2018-02-27 20:19:04','page_expert','0','',NULL,NULL,1,0,NULL),(180,4,22,'PAGE','2018-02-27 20:23:44','2018-02-27 20:23:44','page_agents','0','',NULL,NULL,1,0,NULL),(181,4,23,'PAGE','2018-02-27 20:25:33','2018-02-27 20:25:33','page_homepage-filters','0','',NULL,NULL,1,0,NULL),(182,174,7,'PAGE','2018-02-27 20:28:16','2018-02-27 20:28:16','page_homepage-geo_search','0','',NULL,372,1,0,NULL);

--
-- Table structure for table `page_lang`
--

DROP TABLE IF EXISTS `page_lang`;
/*!40101 SET @saved_cs_client     = @@character_set_client */;
/*!40101 SET character_set_client = utf8 */;
CREATE TABLE `page_lang` (
  `id_page_lang` int(11) NOT NULL AUTO_INCREMENT,
  `page_id` int(11) NOT NULL,
  `language_id` int(11) NOT NULL,
  `title` varchar(160) COLLATE utf8_unicode_ci DEFAULT NULL,
  `navigation_title` varchar(160) COLLATE utf8_unicode_ci DEFAULT NULL,
  `body` text COLLATE utf8_unicode_ci,
  `description` text COLLATE utf8_unicode_ci,
  `keywords` varchar(200) COLLATE utf8_unicode_ci DEFAULT NULL,
  `slug` varchar(100) COLLATE utf8_unicode_ci DEFAULT NULL,
  PRIMARY KEY (`id_page_lang`),
  KEY `fk_page_language1` (`language_id`),
  KEY `fk_page_lang_page1_idx` (`page_id`),
  CONSTRAINT `fk_page_lang_page1` FOREIGN KEY (`page_id`) REFERENCES `page` (`id`) ON DELETE NO ACTION ON UPDATE NO ACTION,
  CONSTRAINT `fk_page_language10` FOREIGN KEY (`language_id`) REFERENCES `language` (`id`) ON DELETE NO ACTION ON UPDATE NO ACTION
) ENGINE=InnoDB AUTO_INCREMENT=667 DEFAULT CHARSET=utf8 COLLATE=utf8_unicode_ci;
/*!40101 SET character_set_client = @saved_cs_client */;

--
-- Dumping data for table `page_lang`
--

INSERT INTO `page_lang` VALUES (285,152,1,'My blog',NULL,NULL,NULL,NULL,NULL),(286,152,2,'Moj blog',NULL,NULL,NULL,NULL,NULL),(301,151,1,'Top news',NULL,NULL,NULL,NULL,NULL),(302,151,2,'Top vijesti',NULL,NULL,NULL,NULL,NULL),(311,157,1,'Articles','Articles','','','',NULL),(312,157,2,'Članci','Članci','','','',NULL),(319,156,1,'Article test','Article test','<p>\r\nLorem ipsum dolor sit amet, consectetur adipiscing elit. Suspendisse \r\nsollicitudin commodo cursus. Nunc varius accumsan ultrices. Quisque \r\nhendrerit mi id ullamcorper pretium. Lorem ipsum dolor sit amet, \r\nconsectetur adipiscing elit. Nam ac metus vitae nibh aliquet adipiscing \r\nquis at nibh. Nullam lacinia magna sed enim ullamcorper rutrum. Proin \r\nquis vulputate est. Duis vitae purus vel mauris rutrum bibendum eu sit \r\namet erat. Vestibulum accumsan dapibus mauris, faucibus vehicula ipsum \r\ntempor pharetra. Sed porta, purus sit amet sollicitudin vestibulum, leo \r\nneque fringilla mauris, quis semper odio ante non arcu. Suspendisse \r\nporttitor mollis nisi, eu imperdiet eros condimentum at. Nunc tempor \r\nsodales suscipit.\r\n</p>\r\n<p>\r\n<span style=\"font-weight: bold;\">Sed sed mollis nunc. Interdum et malesuada fames ac ante ipsum primis in\r\n faucibus. Proin luctus semper eros, quis egestas leo. Pellentesque \r\nrisus felis, vulputate eu massa et, rhoncus molestie dui. Vivamus \r\nmalesuada dui nec cursus lobortis. Donec augue tortor, accumsan id lacus\r\n quis, suscipit ullamcorper dolor. Nunc ullamcorper elit suscipit, \r\nmollis tortor in, pharetra purus. Sed dapibus dolor mauris, quis \r\nelementum arcu auctor id. Maecenas eget orci in lacus vestibulum \r\nvehicula. Pellentesque et felis eget diam hendrerit ultricies. Quisque \r\nsit amet tellus odio. Nulla pharetra turpis non turpis molestie, \r\nsuscipit tincidunt nisl lobortis. In eget porttitor libero. Proin non \r\nbibendum nisi, vitae volutpat nisl. Vivamus pretium scelerisque risus, \r\nnon tristique arcu cursus eu. Cras velit lacus, venenatis ut mi \r\nmalesuada, dapibus viverra nisi.\r\n</span></p>\r\n<p>\r\n<span style=\"font-style: italic;\">Aliquam dapibus lorem vitae leo euismod commodo. Cras porttitor leo \r\neleifend velit malesuada pretium. Praesent ac auctor purus. Mauris \r\nligula ligula, hendrerit at justo in, molestie viverra sapien. In \r\nplacerat sem risus, a convallis massa viverra nec. Vestibulum ante ipsum\r\n primis in faucibus orci luctus et ultrices posuere cubilia Curae; \r\nPraesent ac justo in orci aliquet lacinia ut vitae nibh. Quisque pretium\r\n quam nibh, imperdiet pulvinar ligula dictum id. In a auctor arcu. Fusce\r\n feugiat purus eget odio congue, mollis iaculis nulla tincidunt. Sed nec\r\n massa vulputate, pretium nisi malesuada, lacinia ligula.\r\n</span></p>\r\n<p>\r\nVestibulum eget tempor mauris. Praesent tincidunt enim eu massa \r\ntristique, pellentesque faucibus ipsum pharetra. Sed pulvinar convallis \r\ntortor eget placerat. Duis mattis tempus sollicitudin. Praesent eu porta\r\n libero, sed consectetur risus. Cum sociis natoque penatibus et magnis \r\ndis parturient montes, nascetur ridiculus mus. Duis vulputate, arcu nec \r\ntincidunt lacinia, mi velit malesuada sapien, a commodo lacus lacus sit \r\namet nisl. Donec rhoncus lectus sit amet sem dictum interdum. Vivamus \r\nlobortis tortor fringilla est gravida ultricies. Integer ut mauris quam.\r\n</p>','Lorem ipsum dolor sit amet, consectetur adipiscing elit. Suspendisse sollicitudin commodo cursus. Nunc varius accumsan ultrices. Quisque hendrerit mi id ullamcorper pretium. Lorem ipsum dolor sit amet, consectetur adipiscing elit.','Article test',NULL),(320,156,2,'Test članak','Test članak','<p>\r\nLorem ipsum dolor sit amet, consectetur adipiscing elit. Suspendisse \r\nsollicitudin commodo cursus. Nunc varius accumsan ultrices. Quisque \r\nhendrerit mi id ullamcorper pretium. Lorem ipsum dolor sit amet, \r\nconsectetur adipiscing elit. Nam ac metus vitae nibh aliquet adipiscing \r\nquis at nibh. Nullam lacinia magna sed enim ullamcorper rutrum. Proin \r\nquis vulputate est. Duis vitae purus vel mauris rutrum bibendum eu sit \r\namet erat. Vestibulum accumsan dapibus mauris, faucibus vehicula ipsum \r\ntempor pharetra. Sed porta, purus sit amet sollicitudin vestibulum, leo \r\nneque fringilla mauris, quis semper odio ante non arcu. Suspendisse \r\nporttitor mollis nisi, eu imperdiet eros condimentum at. Nunc tempor \r\nsodales suscipit.\r\n</p>\r\n<p>\r\n<span style=\"font-weight: bold;\">Sed sed mollis nunc. Interdum et malesuada fames ac ante ipsum primis in\r\n faucibus. Proin luctus semper eros, quis egestas leo. Pellentesque \r\nrisus felis, vulputate eu massa et, rhoncus molestie dui. Vivamus \r\nmalesuada dui nec cursus lobortis. Donec augue tortor, accumsan id lacus\r\n quis, suscipit ullamcorper dolor. Nunc ullamcorper elit suscipit, \r\nmollis tortor in, pharetra purus. Sed dapibus dolor mauris, quis \r\nelementum arcu auctor id. Maecenas eget orci in lacus vestibulum \r\nvehicula. Pellentesque et felis eget diam hendrerit ultricies. Quisque \r\nsit amet tellus odio. Nulla pharetra turpis non turpis molestie, \r\nsuscipit tincidunt nisl lobortis. In eget porttitor libero. Proin non \r\nbibendum nisi, vitae volutpat nisl. Vivamus pretium scelerisque risus, \r\nnon tristique arcu cursus eu. Cras velit lacus, venenatis ut mi \r\nmalesuada, dapibus viverra nisi.\r\n</span></p>\r\n<p>\r\n<span style=\"font-style: italic;\">Aliquam dapibus lorem vitae leo euismod commodo. Cras porttitor leo \r\neleifend velit malesuada pretium. Praesent ac auctor purus. Mauris \r\nligula ligula, hendrerit at justo in, molestie viverra sapien. In \r\nplacerat sem risus, a convallis massa viverra nec. Vestibulum ante ipsum\r\n primis in faucibus orci luctus et ultrices posuere cubilia Curae; \r\nPraesent ac justo in orci aliquet lacinia ut vitae nibh. Quisque pretium\r\n quam nibh, imperdiet pulvinar ligula dictum id. In a auctor arcu. Fusce\r\n feugiat purus eget odio congue, mollis iaculis nulla tincidunt. Sed nec\r\n massa vulputate, pretium nisi malesuada, lacinia ligula.\r\n</span></p>\r\n<p>\r\nVestibulum eget tempor mauris. Praesent tincidunt enim eu massa \r\ntristique, pellentesque faucibus ipsum pharetra. Sed pulvinar convallis \r\ntortor eget placerat. Duis mattis tempus sollicitudin. Praesent eu porta\r\n libero, sed consectetur risus. Cum sociis natoque penatibus et magnis \r\ndis parturient montes, nascetur ridiculus mus. Duis vulputate, arcu nec \r\ntincidunt lacinia, mi velit malesuada sapien, a commodo lacus lacus sit \r\namet nisl. Donec rhoncus lectus sit amet sem dictum interdum. Vivamus \r\nlobortis tortor fringilla est gravida ultricies. Integer ut mauris quam.\r\n</p>','Lorem ipsum dolor sit amet, consectetur adipiscing elit. Suspendisse sollicitudin commodo cursus. Nunc varius accumsan ultrices. Quisque hendrerit mi id ullamcorper pretium. Lorem ipsum dolor sit amet, consectetur adipiscing elit.','Test članak',NULL),(321,158,1,'Test article 2','Test article 2','<p>\r\nLorem ipsum dolor sit amet, consectetur adipiscing elit. Suspendisse \r\nsollicitudin commodo cursus. Nunc varius accumsan ultrices. Quisque \r\nhendrerit mi id ullamcorper pretium. Lorem ipsum dolor sit amet, \r\nconsectetur adipiscing elit. Nam ac metus vitae nibh aliquet adipiscing \r\nquis at nibh. Nullam lacinia magna sed enim ullamcorper rutrum. Proin \r\nquis vulputate est. Duis vitae purus vel mauris rutrum bibendum eu sit \r\namet erat. Vestibulum accumsan dapibus mauris, faucibus vehicula ipsum \r\ntempor pharetra. Sed porta, purus sit amet sollicitudin vestibulum, leo \r\nneque fringilla mauris, quis semper odio ante non arcu. Suspendisse \r\nporttitor mollis nisi, eu imperdiet eros condimentum at. Nunc tempor \r\nsodales suscipit.\r\n</p>\r\n<p>\r\n<span style=\"font-weight: bold;\">Sed sed mollis nunc. Interdum et malesuada fames ac ante ipsum primis in\r\n faucibus. Proin luctus semper eros, quis egestas leo. Pellentesque \r\nrisus felis, vulputate eu massa et, rhoncus molestie dui. Vivamus \r\nmalesuada dui nec cursus lobortis. Donec augue tortor, accumsan id lacus\r\n quis, suscipit ullamcorper dolor. Nunc ullamcorper elit suscipit, \r\nmollis tortor in, pharetra purus. Sed dapibus dolor mauris, quis \r\nelementum arcu auctor id. Maecenas eget orci in lacus vestibulum \r\nvehicula. Pellentesque et felis eget diam hendrerit ultricies. Quisque \r\nsit amet tellus odio. Nulla pharetra turpis non turpis molestie, \r\nsuscipit tincidunt nisl lobortis. In eget porttitor libero. Proin non \r\nbibendum nisi, vitae volutpat nisl. Vivamus pretium scelerisque risus, \r\nnon tristique arcu cursus eu. Cras velit lacus, venenatis ut mi \r\nmalesuada, dapibus viverra nisi.\r\n</span></p>\r\n<p>\r\n<span style=\"font-style: italic;\">Aliquam dapibus lorem vitae leo euismod commodo. Cras porttitor leo \r\neleifend velit malesuada pretium. Praesent ac auctor purus. Mauris \r\nligula ligula, hendrerit at justo in, molestie viverra sapien. In \r\nplacerat sem risus, a convallis massa viverra nec. Vestibulum ante ipsum\r\n primis in faucibus orci luctus et ultrices posuere cubilia Curae; \r\nPraesent ac justo in orci aliquet lacinia ut vitae nibh. Quisque pretium\r\n quam nibh, imperdiet pulvinar ligula dictum id. In a auctor arcu. Fusce\r\n feugiat purus eget odio congue, mollis iaculis nulla tincidunt. Sed nec\r\n massa vulputate, pretium nisi malesuada, lacinia ligula.\r\n</span></p>\r\n<p>\r\nVestibulum eget tempor mauris. Praesent tincidunt enim eu massa \r\ntristique, pellentesque faucibus ipsum pharetra. Sed pulvinar convallis \r\ntortor eget placerat. Duis mattis tempus sollicitudin. Praesent eu porta\r\n libero, sed consectetur risus. Cum sociis natoque penatibus et magnis \r\ndis parturient montes, nascetur ridiculus mus. Duis vulputate, arcu nec \r\ntincidunt lacinia, mi velit malesuada sapien, a commodo lacus lacus sit \r\namet nisl. Donec rhoncus lectus sit amet sem dictum interdum. Vivamus \r\nlobortis tortor fringilla est gravida ultricies. Integer ut mauris quam.\r\n</p>','Lorem ipsum dolor sit amet, consectetur adipiscing elit. Suspendisse sollicitudin commodo cursus. Nunc varius accumsan ultrices. Quisque hendrerit mi id ullamcorper pretium. Lorem ipsum dolor sit amet, consectetur adipiscing elit.','Test article 2',NULL),(322,158,2,'Test članak 2','Test članak 2','<p>\r\nLorem ipsum dolor sit amet, consectetur adipiscing elit. Suspendisse \r\nsollicitudin commodo cursus. Nunc varius accumsan ultrices. Quisque \r\nhendrerit mi id ullamcorper pretium. Lorem ipsum dolor sit amet, \r\nconsectetur adipiscing elit. Nam ac metus vitae nibh aliquet adipiscing \r\nquis at nibh. Nullam lacinia magna sed enim ullamcorper rutrum. Proin \r\nquis vulputate est. Duis vitae purus vel mauris rutrum bibendum eu sit \r\namet erat. Vestibulum accumsan dapibus mauris, faucibus vehicula ipsum \r\ntempor pharetra. Sed porta, purus sit amet sollicitudin vestibulum, leo \r\nneque fringilla mauris, quis semper odio ante non arcu. Suspendisse \r\nporttitor mollis nisi, eu imperdiet eros condimentum at. Nunc tempor \r\nsodales suscipit.\r\n</p>\r\n<p>\r\n<span style=\"font-weight: bold;\">Sed sed mollis nunc. Interdum et malesuada fames ac ante ipsum primis in\r\n faucibus. Proin luctus semper eros, quis egestas leo. Pellentesque \r\nrisus felis, vulputate eu massa et, rhoncus molestie dui. Vivamus \r\nmalesuada dui nec cursus lobortis. Donec augue tortor, accumsan id lacus\r\n quis, suscipit ullamcorper dolor. Nunc ullamcorper elit suscipit, \r\nmollis tortor in, pharetra purus. Sed dapibus dolor mauris, quis \r\nelementum arcu auctor id. Maecenas eget orci in lacus vestibulum \r\nvehicula. Pellentesque et felis eget diam hendrerit ultricies. Quisque \r\nsit amet tellus odio. Nulla pharetra turpis non turpis molestie, \r\nsuscipit tincidunt nisl lobortis. In eget porttitor libero. Proin non \r\nbibendum nisi, vitae volutpat nisl. Vivamus pretium scelerisque risus, \r\nnon tristique arcu cursus eu. Cras velit lacus, venenatis ut mi \r\nmalesuada, dapibus viverra nisi.\r\n</span></p>\r\n<p>\r\n<span style=\"font-style: italic;\">Aliquam dapibus lorem vitae leo euismod commodo. Cras porttitor leo \r\neleifend velit malesuada pretium. Praesent ac auctor purus. Mauris \r\nligula ligula, hendrerit at justo in, molestie viverra sapien. In \r\nplacerat sem risus, a convallis massa viverra nec. Vestibulum ante ipsum\r\n primis in faucibus orci luctus et ultrices posuere cubilia Curae; \r\nPraesent ac justo in orci aliquet lacinia ut vitae nibh. Quisque pretium\r\n quam nibh, imperdiet pulvinar ligula dictum id. In a auctor arcu. Fusce\r\n feugiat purus eget odio congue, mollis iaculis nulla tincidunt. Sed nec\r\n massa vulputate, pretium nisi malesuada, lacinia ligula.\r\n</span></p>\r\n<p>\r\nVestibulum eget tempor mauris. Praesent tincidunt enim eu massa \r\ntristique, pellentesque faucibus ipsum pharetra. Sed pulvinar convallis \r\ntortor eget placerat. Duis mattis tempus sollicitudin. Praesent eu porta\r\n libero, sed consectetur risus. Cum sociis natoque penatibus et magnis \r\ndis parturient montes, nascetur ridiculus mus. Duis vulputate, arcu nec \r\ntincidunt lacinia, mi velit malesuada sapien, a commodo lacus lacus sit \r\namet nisl. Donec rhoncus lectus sit amet sem dictum interdum. Vivamus \r\nlobortis tortor fringilla est gravida ultricies. Integer ut mauris quam.\r\n</p>','Lorem ipsum dolor sit amet, consectetur adipiscing elit. Suspendisse sollicitudin commodo cursus. Nunc varius accumsan ultrices. Quisque hendrerit mi id ullamcorper pretium. Lorem ipsum dolor sit amet, consectetur adipiscing elit.','Test članak 2',NULL),(325,159,1,'Test news category 2','Test news category 2','<p>\r\nLorem ipsum dolor sit amet, consectetur adipiscing elit. Suspendisse \r\nsollicitudin commodo cursus. Nunc varius accumsan ultrices. Quisque \r\nhendrerit mi id ullamcorper pretium. Lorem ipsum dolor sit amet, \r\nconsectetur adipiscing elit. Nam ac metus vitae nibh aliquet adipiscing \r\nquis at nibh. Nullam lacinia magna sed enim ullamcorper rutrum. Proin \r\nquis vulputate est. Duis vitae purus vel mauris rutrum bibendum eu sit \r\namet erat. Vestibulum accumsan dapibus mauris, faucibus vehicula ipsum \r\ntempor pharetra. Sed porta, purus sit amet sollicitudin vestibulum, leo \r\nneque fringilla mauris, quis semper odio ante non arcu. Suspendisse \r\nporttitor mollis nisi, eu imperdiet eros condimentum at. Nunc tempor \r\nsodales suscipit.\r\n</p>\r\n<p>\r\n<span style=\"font-weight: bold;\">Sed sed mollis nunc. Interdum et malesuada fames ac ante ipsum primis in\r\n faucibus. Proin luctus semper eros, quis egestas leo. Pellentesque \r\nrisus felis, vulputate eu massa et, rhoncus molestie dui. Vivamus \r\nmalesuada dui nec cursus lobortis. Donec augue tortor, accumsan id lacus\r\n quis, suscipit ullamcorper dolor. Nunc ullamcorper elit suscipit, \r\nmollis tortor in, pharetra purus. Sed dapibus dolor mauris, quis \r\nelementum arcu auctor id. Maecenas eget orci in lacus vestibulum \r\nvehicula. Pellentesque et felis eget diam hendrerit ultricies. Quisque \r\nsit amet tellus odio. Nulla pharetra turpis non turpis molestie, \r\nsuscipit tincidunt nisl lobortis. In eget porttitor libero. Proin non \r\nbibendum nisi, vitae volutpat nisl. Vivamus pretium scelerisque risus, \r\nnon tristique arcu cursus eu. Cras velit lacus, venenatis ut mi \r\nmalesuada, dapibus viverra nisi.\r\n</span></p>\r\n<p>\r\n<span style=\"font-style: italic;\">Aliquam dapibus lorem vitae leo euismod commodo. Cras porttitor leo \r\neleifend velit malesuada pretium. Praesent ac auctor purus. Mauris \r\nligula ligula, hendrerit at justo in, molestie viverra sapien. In \r\nplacerat sem risus, a convallis massa viverra nec. Vestibulum ante ipsum\r\n primis in faucibus orci luctus et ultrices posuere cubilia Curae; \r\nPraesent ac justo in orci aliquet lacinia ut vitae nibh. Quisque pretium\r\n quam nibh, imperdiet pulvinar ligula dictum id. In a auctor arcu. Fusce\r\n feugiat purus eget odio congue, mollis iaculis nulla tincidunt. Sed nec\r\n massa vulputate, pretium nisi malesuada, lacinia ligula.\r\n</span></p>\r\n<p>\r\nVestibulum eget tempor mauris. Praesent tincidunt enim eu massa \r\ntristique, pellentesque faucibus ipsum pharetra. Sed pulvinar convallis \r\ntortor eget placerat. Duis mattis tempus sollicitudin. Praesent eu porta\r\n libero, sed consectetur risus. Cum sociis natoque penatibus et magnis \r\ndis parturient montes, nascetur ridiculus mus. Duis vulputate, arcu nec \r\ntincidunt lacinia, mi velit malesuada sapien, a commodo lacus lacus sit \r\namet nisl. Donec rhoncus lectus sit amet sem dictum interdum. Vivamus \r\nlobortis tortor fringilla est gravida ultricies. Integer ut mauris quam.\r\n</p>','Lorem ipsum dolor sit amet, consectetur adipiscing elit. Suspendisse sollicitudin commodo cursus. Nunc varius accumsan ultrices. Quisque hendrerit mi id ullamcorper pretium. Lorem ipsum dolor sit amet, consectetur adipiscing elit.','Test news category 2',NULL),(326,159,2,'Test news category 2','Test news category 2','<p>\r\nLorem ipsum dolor sit amet, consectetur adipiscing elit. Suspendisse \r\nsollicitudin commodo cursus. Nunc varius accumsan ultrices. Quisque \r\nhendrerit mi id ullamcorper pretium. Lorem ipsum dolor sit amet, \r\nconsectetur adipiscing elit. Nam ac metus vitae nibh aliquet adipiscing \r\nquis at nibh. Nullam lacinia magna sed enim ullamcorper rutrum. Proin \r\nquis vulputate est. Duis vitae purus vel mauris rutrum bibendum eu sit \r\namet erat. Vestibulum accumsan dapibus mauris, faucibus vehicula ipsum \r\ntempor pharetra. Sed porta, purus sit amet sollicitudin vestibulum, leo \r\nneque fringilla mauris, quis semper odio ante non arcu. Suspendisse \r\nporttitor mollis nisi, eu imperdiet eros condimentum at. Nunc tempor \r\nsodales suscipit.\r\n</p>\r\n<p>\r\n<span style=\"font-weight: bold;\">Sed sed mollis nunc. Interdum et malesuada fames ac ante ipsum primis in\r\n faucibus. Proin luctus semper eros, quis egestas leo. Pellentesque \r\nrisus felis, vulputate eu massa et, rhoncus molestie dui. Vivamus \r\nmalesuada dui nec cursus lobortis. Donec augue tortor, accumsan id lacus\r\n quis, suscipit ullamcorper dolor. Nunc ullamcorper elit suscipit, \r\nmollis tortor in, pharetra purus. Sed dapibus dolor mauris, quis \r\nelementum arcu auctor id. Maecenas eget orci in lacus vestibulum \r\nvehicula. Pellentesque et felis eget diam hendrerit ultricies. Quisque \r\nsit amet tellus odio. Nulla pharetra turpis non turpis molestie, \r\nsuscipit tincidunt nisl lobortis. In eget porttitor libero. Proin non \r\nbibendum nisi, vitae volutpat nisl. Vivamus pretium scelerisque risus, \r\nnon tristique arcu cursus eu. Cras velit lacus, venenatis ut mi \r\nmalesuada, dapibus viverra nisi.\r\n</span></p>\r\n<p>\r\n<span style=\"font-style: italic;\">Aliquam dapibus lorem vitae leo euismod commodo. Cras porttitor leo \r\neleifend velit malesuada pretium. Praesent ac auctor purus. Mauris \r\nligula ligula, hendrerit at justo in, molestie viverra sapien. In \r\nplacerat sem risus, a convallis massa viverra nec. Vestibulum ante ipsum\r\n primis in faucibus orci luctus et ultrices posuere cubilia Curae; \r\nPraesent ac justo in orci aliquet lacinia ut vitae nibh. Quisque pretium\r\n quam nibh, imperdiet pulvinar ligula dictum id. In a auctor arcu. Fusce\r\n feugiat purus eget odio congue, mollis iaculis nulla tincidunt. Sed nec\r\n massa vulputate, pretium nisi malesuada, lacinia ligula.\r\n</span></p>\r\n<p>\r\nVestibulum eget tempor mauris. Praesent tincidunt enim eu massa \r\ntristique, pellentesque faucibus ipsum pharetra. Sed pulvinar convallis \r\ntortor eget placerat. Duis mattis tempus sollicitudin. Praesent eu porta\r\n libero, sed consectetur risus. Cum sociis natoque penatibus et magnis \r\ndis parturient montes, nascetur ridiculus mus. Duis vulputate, arcu nec \r\ntincidunt lacinia, mi velit malesuada sapien, a commodo lacus lacus sit \r\namet nisl. Donec rhoncus lectus sit amet sem dictum interdum. Vivamus \r\nlobortis tortor fringilla est gravida ultricies. Integer ut mauris quam.\r\n</p>','Lorem ipsum dolor sit amet, consectetur adipiscing elit. Suspendisse sollicitudin commodo cursus. Nunc varius accumsan ultrices. Quisque hendrerit mi id ullamcorper pretium. Lorem ipsum dolor sit amet, consectetur adipiscing elit.','Test news category 2',NULL),(337,162,1,'Hidden page example','Hidden page example','Hidden page example','Hidden page example','Hidden page example',NULL),(338,162,2,'Primjer skrivene stranice','Primjer skrivene stranice','Primjer skrivene stranice','Primjer skrivene stranice','Primjer skrivene stranice',NULL),(365,155,1,'Test news category','Test news category','<p>\r\nLorem ipsum dolor sit amet, consectetur adipiscing elit. Suspendisse \r\nsollicitudin commodo cursus. Nunc varius accumsan ultrices. Quisque \r\nhendrerit mi id ullamcorper pretium. Lorem ipsum dolor sit amet, \r\nconsectetur adipiscing elit. Nam ac metus vitae nibh aliquet adipiscing \r\nquis at nibh. Nullam lacinia magna sed enim ullamcorper rutrum. Proin \r\nquis vulputate est. Duis vitae purus vel mauris rutrum bibendum eu sit \r\namet erat. Vestibulum accumsan dapibus mauris, faucibus vehicula ipsum \r\ntempor pharetra. Sed porta, purus sit amet sollicitudin vestibulum, leo \r\nneque fringilla mauris, quis semper odio ante non arcu. Suspendisse \r\nporttitor mollis nisi, eu imperdiet eros condimentum at. Nunc tempor \r\nsodales suscipit.\r\n</p>\r\n<p>\r\n<span style=\"font-weight: bold;\">Sed sed mollis nunc. Interdum et malesuada fames ac ante ipsum primis in\r\n faucibus. Proin luctus semper eros, quis egestas leo. Pellentesque \r\nrisus felis, vulputate eu massa et, rhoncus molestie dui. Vivamus \r\nmalesuada dui nec cursus lobortis. Donec augue tortor, accumsan id lacus\r\n quis, suscipit ullamcorper dolor. Nunc ullamcorper elit suscipit, \r\nmollis tortor in, pharetra purus. Sed dapibus dolor mauris, quis \r\nelementum arcu auctor id. Maecenas eget orci in lacus vestibulum \r\nvehicula. Pellentesque et felis eget diam hendrerit ultricies. Quisque \r\nsit amet tellus odio. Nulla pharetra turpis non turpis molestie, \r\nsuscipit tincidunt nisl lobortis. In eget porttitor libero. Proin non \r\nbibendum nisi, vitae volutpat nisl. Vivamus pretium scelerisque risus, \r\nnon tristique arcu cursus eu. Cras velit lacus, venenatis ut mi \r\nmalesuada, dapibus viverra nisi.\r\n</span></p>\r\n<p>\r\n<span style=\"font-style: italic;\">Aliquam dapibus lorem vitae leo euismod commodo. Cras porttitor leo \r\neleifend velit malesuada pretium. Praesent ac auctor purus. Mauris \r\nligula ligula, hendrerit at justo in, molestie viverra sapien. In \r\nplacerat sem risus, a convallis massa viverra nec. Vestibulum ante ipsum\r\n primis in faucibus orci luctus et ultrices posuere cubilia Curae; \r\nPraesent ac justo in orci aliquet lacinia ut vitae nibh. Quisque pretium\r\n quam nibh, imperdiet pulvinar ligula dictum id. In a auctor arcu. Fusce\r\n feugiat purus eget odio congue, mollis iaculis nulla tincidunt. Sed nec\r\n massa vulputate, pretium nisi malesuada, lacinia ligula.\r\n</span></p>\r\n<p>\r\nVestibulum eget tempor mauris. Praesent tincidunt enim eu massa \r\ntristique, pellentesque faucibus ipsum pharetra. Sed pulvinar convallis \r\ntortor eget placerat. Duis mattis tempus sollicitudin. Praesent eu porta\r\n libero, sed consectetur risus. Cum sociis natoque penatibus et magnis \r\ndis parturient montes, nascetur ridiculus mus. Duis vulputate, arcu nec \r\ntincidunt lacinia, mi velit malesuada sapien, a commodo lacus lacus sit \r\namet nisl. Donec rhoncus lectus sit amet sem dictum interdum. Vivamus \r\nlobortis tortor fringilla est gravida ultricies. Integer ut mauris quam.\r\n</p>','Lorem ipsum dolor sit amet, consectetur adipiscing elit. Suspendisse sollicitudin commodo cursus. Nunc varius accumsan ultrices. Quisque hendrerit mi id ullamcorper pretium. Lorem ipsum dolor sit amet, consectetur adipiscing elit.','Test news category',NULL),(366,155,2,'Test novost kategorija','Test novost kategorija','<p>\r\nLorem ipsum dolor sit amet, consectetur adipiscing elit. Suspendisse \r\nsollicitudin commodo cursus. Nunc varius accumsan ultrices. Quisque \r\nhendrerit mi id ullamcorper pretium. Lorem ipsum dolor sit amet, \r\nconsectetur adipiscing elit. Nam ac metus vitae nibh aliquet adipiscing \r\nquis at nibh. Nullam lacinia magna sed enim ullamcorper rutrum. Proin \r\nquis vulputate est. Duis vitae purus vel mauris rutrum bibendum eu sit \r\namet erat. Vestibulum accumsan dapibus mauris, faucibus vehicula ipsum \r\ntempor pharetra. Sed porta, purus sit amet sollicitudin vestibulum, leo \r\nneque fringilla mauris, quis semper odio ante non arcu. Suspendisse \r\nporttitor mollis nisi, eu imperdiet eros condimentum at. Nunc tempor \r\nsodales suscipit.\r\n</p>\r\n<p>\r\n<span style=\"font-weight: bold;\">Sed sed mollis nunc. Interdum et malesuada fames ac ante ipsum primis in\r\n faucibus. Proin luctus semper eros, quis egestas leo. Pellentesque \r\nrisus felis, vulputate eu massa et, rhoncus molestie dui. Vivamus \r\nmalesuada dui nec cursus lobortis. Donec augue tortor, accumsan id lacus\r\n quis, suscipit ullamcorper dolor. Nunc ullamcorper elit suscipit, \r\nmollis tortor in, pharetra purus. Sed dapibus dolor mauris, quis \r\nelementum arcu auctor id. Maecenas eget orci in lacus vestibulum \r\nvehicula. Pellentesque et felis eget diam hendrerit ultricies. Quisque \r\nsit amet tellus odio. Nulla pharetra turpis non turpis molestie, \r\nsuscipit tincidunt nisl lobortis. In eget porttitor libero. Proin non \r\nbibendum nisi, vitae volutpat nisl. Vivamus pretium scelerisque risus, \r\nnon tristique arcu cursus eu. Cras velit lacus, venenatis ut mi \r\nmalesuada, dapibus viverra nisi.\r\n</span></p>\r\n<p>\r\n<span style=\"font-style: italic;\">Aliquam dapibus lorem vitae leo euismod commodo. Cras porttitor leo \r\neleifend velit malesuada pretium. Praesent ac auctor purus. Mauris \r\nligula ligula, hendrerit at justo in, molestie viverra sapien. In \r\nplacerat sem risus, a convallis massa viverra nec. Vestibulum ante ipsum\r\n primis in faucibus orci luctus et ultrices posuere cubilia Curae; \r\nPraesent ac justo in orci aliquet lacinia ut vitae nibh. Quisque pretium\r\n quam nibh, imperdiet pulvinar ligula dictum id. In a auctor arcu. Fusce\r\n feugiat purus eget odio congue, mollis iaculis nulla tincidunt. Sed nec\r\n massa vulputate, pretium nisi malesuada, lacinia ligula.\r\n</span></p>\r\n<p>\r\nVestibulum eget tempor mauris. Praesent tincidunt enim eu massa \r\ntristique, pellentesque faucibus ipsum pharetra. Sed pulvinar convallis \r\ntortor eget placerat. Duis mattis tempus sollicitudin. Praesent eu porta\r\n libero, sed consectetur risus. Cum sociis natoque penatibus et magnis \r\ndis parturient montes, nascetur ridiculus mus. Duis vulputate, arcu nec \r\ntincidunt lacinia, mi velit malesuada sapien, a commodo lacus lacus sit \r\namet nisl. Donec rhoncus lectus sit amet sem dictum interdum. Vivamus \r\nlobortis tortor fringilla est gravida ultricies. Integer ut mauris quam.\r\n</p>','Lorem ipsum dolor sit amet, consectetur adipiscing elit. Suspendisse sollicitudin commodo cursus. Nunc varius accumsan ultrices. Quisque hendrerit mi id ullamcorper pretium. Lorem ipsum dolor sit amet, consectetur adipiscing elit.','Test novost kategorija',NULL),(421,154,1,'My blog test','Test news','<p>\r\nLorem ipsum dolor sit amet, consectetur adipiscing elit. Suspendisse \r\nsollicitudin commodo cursus. Nunc varius accumsan ultrices. Quisque \r\nhendrerit mi id ullamcorper pretium. Lorem ipsum dolor sit amet, \r\nconsectetur adipiscing elit. Nam ac metus vitae nibh aliquet adipiscing \r\nquis at nibh. Nullam lacinia magna sed enim ullamcorper rutrum. Proin \r\nquis vulputate est. Duis vitae purus vel mauris rutrum bibendum eu sit \r\namet erat. Vestibulum accumsan dapibus mauris, faucibus vehicula ipsum \r\ntempor pharetra. Sed porta, purus sit amet sollicitudin vestibulum, leo \r\nneque fringilla mauris, quis semper odio ante non arcu. Suspendisse \r\nporttitor mollis nisi, eu imperdiet eros condimentum at. Nunc tempor \r\nsodales suscipit.\r\n</p>\r\n<p>\r\n<span style=\"font-weight: bold;\">Sed sed mollis nunc. Interdum et malesuada fames ac ante ipsum primis in\r\n faucibus. Proin luctus semper eros, quis egestas leo. Pellentesque \r\nrisus felis, vulputate eu massa et, rhoncus molestie dui. Vivamus \r\nmalesuada dui nec cursus lobortis. Donec augue tortor, accumsan id lacus\r\n quis, suscipit ullamcorper dolor. Nunc ullamcorper elit suscipit, \r\nmollis tortor in, pharetra purus. Sed dapibus dolor mauris, quis \r\nelementum arcu auctor id. Maecenas eget orci in lacus vestibulum \r\nvehicula. Pellentesque et felis eget diam hendrerit ultricies. Quisque \r\nsit amet tellus odio. Nulla pharetra turpis non turpis molestie, \r\nsuscipit tincidunt nisl lobortis. In eget porttitor libero. Proin non \r\nbibendum nisi, vitae volutpat nisl. Vivamus pretium scelerisque risus, \r\nnon tristique arcu cursus eu. Cras velit lacus, venenatis ut mi \r\nmalesuada, dapibus viverra nisi.\r\n</span></p>\r\n<p>\r\n<span style=\"font-style: italic;\">Aliquam dapibus lorem vitae leo euismod commodo. Cras porttitor leo \r\neleifend velit malesuada pretium. Praesent ac auctor purus. Mauris \r\nligula ligula, hendrerit at justo in, molestie viverra sapien. In \r\nplacerat sem risus, a convallis massa viverra nec. Vestibulum ante ipsum\r\n primis in faucibus orci luctus et ultrices posuere cubilia Curae; \r\nPraesent ac justo in orci aliquet lacinia ut vitae nibh. Quisque pretium\r\n quam nibh, imperdiet pulvinar ligula dictum id. In a auctor arcu. Fusce\r\n feugiat purus eget odio congue, mollis iaculis nulla tincidunt. Sed nec\r\n massa vulputate, pretium nisi malesuada, lacinia ligula.\r\n</span></p>\r\n<p>\r\nVestibulum eget tempor mauris. Praesent tincidunt enim eu massa \r\ntristique, pellentesque faucibus ipsum pharetra. Sed pulvinar convallis \r\ntortor eget placerat. Duis mattis tempus sollicitudin. Praesent eu porta\r\n libero, sed consectetur risus. Cum sociis natoque penatibus et magnis \r\ndis parturient montes, nascetur ridiculus mus. Duis vulputate, arcu nec \r\ntincidunt lacinia, mi velit malesuada sapien, a commodo lacus lacus sit \r\namet nisl. Donec rhoncus lectus sit amet sem dictum interdum. Vivamus \r\nlobortis tortor fringilla est gravida ultricies. Integer ut mauris quam.\r\n</p>','Lorem ipsum dolor sit amet, consectetur adipiscing elit. Suspendisse sollicitudin commodo cursus. Nunc varius accumsan ultrices. Quisque hendrerit mi id ullamcorper pretium. Lorem ipsum dolor sit amet, consectetur adipiscing elit.','Test news',NULL),(422,154,2,'Moj blog test','Test novost','<p>\r\nLorem ipsum dolor sit amet, consectetur adipiscing elit. Suspendisse \r\nsollicitudin commodo cursus. Nunc varius accumsan ultrices. Quisque \r\nhendrerit mi id ullamcorper pretium. Lorem ipsum dolor sit amet, \r\nconsectetur adipiscing elit. Nam ac metus vitae nibh aliquet adipiscing \r\nquis at nibh. Nullam lacinia magna sed enim ullamcorper rutrum. Proin \r\nquis vulputate est. Duis vitae purus vel mauris rutrum bibendum eu sit \r\namet erat. Vestibulum accumsan dapibus mauris, faucibus vehicula ipsum \r\ntempor pharetra. Sed porta, purus sit amet sollicitudin vestibulum, leo \r\nneque fringilla mauris, quis semper odio ante non arcu. Suspendisse \r\nporttitor mollis nisi, eu imperdiet eros condimentum at. Nunc tempor \r\nsodales suscipit.\r\n</p>\r\n<p>\r\n<span style=\"font-weight: bold;\">Sed sed mollis nunc. Interdum et malesuada fames ac ante ipsum primis in\r\n faucibus. Proin luctus semper eros, quis egestas leo. Pellentesque \r\nrisus felis, vulputate eu massa et, rhoncus molestie dui. Vivamus \r\nmalesuada dui nec cursus lobortis. Donec augue tortor, accumsan id lacus\r\n quis, suscipit ullamcorper dolor. Nunc ullamcorper elit suscipit, \r\nmollis tortor in, pharetra purus. Sed dapibus dolor mauris, quis \r\nelementum arcu auctor id. Maecenas eget orci in lacus vestibulum \r\nvehicula. Pellentesque et felis eget diam hendrerit ultricies. Quisque \r\nsit amet tellus odio. Nulla pharetra turpis non turpis molestie, \r\nsuscipit tincidunt nisl lobortis. In eget porttitor libero. Proin non \r\nbibendum nisi, vitae volutpat nisl. Vivamus pretium scelerisque risus, \r\nnon tristique arcu cursus eu. Cras velit lacus, venenatis ut mi \r\nmalesuada, dapibus viverra nisi.\r\n</span></p>\r\n<p>\r\n<span style=\"font-style: italic;\">Aliquam dapibus lorem vitae leo euismod commodo. Cras porttitor leo \r\neleifend velit malesuada pretium. Praesent ac auctor purus. Mauris \r\nligula ligula, hendrerit at justo in, molestie viverra sapien. In \r\nplacerat sem risus, a convallis massa viverra nec. Vestibulum ante ipsum\r\n primis in faucibus orci luctus et ultrices posuere cubilia Curae; \r\nPraesent ac justo in orci aliquet lacinia ut vitae nibh. Quisque pretium\r\n quam nibh, imperdiet pulvinar ligula dictum id. In a auctor arcu. Fusce\r\n feugiat purus eget odio congue, mollis iaculis nulla tincidunt. Sed nec\r\n massa vulputate, pretium nisi malesuada, lacinia ligula.\r\n</span></p>\r\n<p>\r\nVestibulum eget tempor mauris. Praesent tincidunt enim eu massa \r\ntristique, pellentesque faucibus ipsum pharetra. Sed pulvinar convallis \r\ntortor eget placerat. Duis mattis tempus sollicitudin. Praesent eu porta\r\n libero, sed consectetur risus. Cum sociis natoque penatibus et magnis \r\ndis parturient montes, nascetur ridiculus mus. Duis vulputate, arcu nec \r\ntincidunt lacinia, mi velit malesuada sapien, a commodo lacus lacus sit \r\namet nisl. Donec rhoncus lectus sit amet sem dictum interdum. Vivamus \r\nlobortis tortor fringilla est gravida ultricies. Integer ut mauris quam.\r\n</p>','Lorem ipsum dolor sit amet, consectetur adipiscing elit. Suspendisse sollicitudin commodo cursus. Nunc varius accumsan ultrices. Quisque hendrerit mi id ullamcorper pretium. Lorem ipsum dolor sit amet, consectetur adipiscing elit.','Test novost',NULL),(457,169,1,'Agents','Agents','<p>Agents listing with search and pagination support example...<br>\r\n</p>','Lorem ipsum dolor sit amet, consectetur adipiscing elit. Suspendisse sollicitudin commodo cursus. Nunc varius accumsan ultrices. Quisque hendrerit mi id ullamcorper pretium. Lorem ipsum dolor sit amet, consectetur adipiscing elit. Nam ac metus vitae nibh aliquet adipiscing quis at nibh. Nullam lacinia magna sed enim ullamcorper rutrum. Proin quis vulputate est. Duis vitae purus vel mauris rutrum bibendum eu sit amet erat. Vestibulum accumsan dapibus mauris, faucibus vehicula ipsum tempor pharetra. Sed porta, purus sit amet sollicitudin vestibulum, leo neque fringilla mauris, quis semper odio ante non arcu. Suspendisse porttitor mollis nisi, eu imperdiet eros condimentum at. Nunc tempor sodales suscipit.\r\n\r\nSed sed mollis nunc. Interdum et malesuada fames ac ante ipsum primis in faucibus. Proin luctus semper eros, quis egestas leo. Pellentesque risus felis, vulputate eu massa et, rhoncus molestie dui. Vivamus malesuada dui nec cursus lobortis. Donec augue tortor, accumsan id lacus quis, suscipit ullamcorper dolor. Nunc ullamcorper elit suscipit, mollis tortor in, pharetra purus. Sed dapibus dolor mauris, quis elementum arcu auctor id. Maecenas eget orci in lacus vestibulum vehicula. Pellentesque et felis eget diam hendrerit ultricies. Quisque sit amet tellus odio. Nulla pharetra turpis non turpis molestie, suscipit tincidunt nisl lobortis. In eget porttitor libero. Proin non bibendum nisi, vitae volutpat nisl. Vivamus pretium scelerisque risus, non tristique arcu cursus eu. Cras velit lacus, venenatis ut mi malesuada, dapibus viverra nisi.','','agents'),(458,169,2,'Agenti','Agenti','<p>\r\nLorem ipsum dolor sit amet, consectetur adipiscing elit. Suspendisse \r\nsollicitudin commodo cursus. Nunc varius accumsan ultrices. Quisque \r\nhendrerit mi id ullamcorper pretium. Lorem ipsum dolor sit amet, \r\nconsectetur adipiscing elit. Nam ac metus vitae nibh aliquet adipiscing \r\nquis at nibh. Nullam lacinia magna sed enim ullamcorper rutrum. Proin \r\nquis vulputate est. Duis vitae purus vel mauris rutrum bibendum eu sit \r\namet erat. Vestibulum accumsan dapibus mauris, faucibus vehicula ipsum \r\ntempor pharetra. Sed porta, purus sit amet sollicitudin vestibulum, leo \r\nneque fringilla mauris, quis semper odio ante non arcu. Suspendisse \r\nporttitor mollis nisi, eu imperdiet eros condimentum at. Nunc tempor \r\nsodales suscipit.\r\n</p>\r\n<p>\r\n<span style=\"font-weight: bold;\">Sed sed mollis nunc. Interdum et malesuada fames ac ante ipsum primis in\r\n faucibus. Proin luctus semper eros, quis egestas leo. Pellentesque \r\nrisus felis, vulputate eu massa et, rhoncus molestie dui. Vivamus \r\nmalesuada dui nec cursus lobortis. Donec augue tortor, accumsan id lacus\r\n quis, suscipit ullamcorper dolor. Nunc ullamcorper elit suscipit, \r\nmollis tortor in, pharetra purus. Sed dapibus dolor mauris, quis \r\nelementum arcu auctor id. Maecenas eget orci in lacus vestibulum \r\nvehicula. Pellentesque et felis eget diam hendrerit ultricies. Quisque \r\nsit amet tellus odio. Nulla pharetra turpis non turpis molestie, \r\nsuscipit tincidunt nisl lobortis. In eget porttitor libero. Proin non \r\nbibendum nisi, vitae volutpat nisl. Vivamus pretium scelerisque risus, \r\nnon tristique arcu cursus eu. Cras velit lacus, venenatis ut mi \r\nmalesuada, dapibus viverra nisi.\r\n</span></p>','Lorem ipsum dolor sit amet, consectetur adipiscing elit. Suspendisse sollicitudin commodo cursus. Nunc varius accumsan ultrices. Quisque hendrerit mi id ullamcorper pretium. Lorem ipsum dolor sit amet, consectetur adipiscing elit. Nam ac metus vitae nibh aliquet adipiscing quis at nibh. Nullam lacinia magna sed enim ullamcorper rutrum. Proin quis vulputate est. Duis vitae purus vel mauris rutrum bibendum eu sit amet erat. Vestibulum accumsan dapibus mauris, faucibus vehicula ipsum tempor pharetra. Sed porta, purus sit amet sollicitudin vestibulum, leo neque fringilla mauris, quis semper odio ante non arcu. Suspendisse porttitor mollis nisi, eu imperdiet eros condimentum at. Nunc tempor sodales suscipit.\r\n\r\nSed sed mollis nunc. Interdum et malesuada fames ac ante ipsum primis in faucibus. Proin luctus semper eros, quis egestas leo. Pellentesque risus felis, vulputate eu massa et, rhoncus molestie dui. Vivamus malesuada dui nec cursus lobortis. Donec augue tortor, accumsan id lacus quis, suscipit ullamcorper dolor. Nunc ullamcorper elit suscipit, mollis tortor in, pharetra purus. Sed dapibus dolor mauris, quis elementum arcu auctor id. Maecenas eget orci in lacus vestibulum vehicula. Pellentesque et felis eget diam hendrerit ultricies. Quisque sit amet tellus odio. Nulla pharetra turpis non turpis molestie, suscipit tincidunt nisl lobortis. In eget porttitor libero. Proin non bibendum nisi, vitae volutpat nisl. Vivamus pretium scelerisque risus, non tristique arcu cursus eu. Cras velit lacus, venenatis ut mi malesuada, dapibus viverra nisi.','','agenti'),(459,147,1,'Featured','Featured','Featured properties example','Featured properties example','Featured','featured'),(460,147,2,'Izdvojene','Izdvojene','Izdvojene nekretnine','Izdvojene nekretnine','Izdvojene','izdvojene'),(521,5,1,'About us','About us','<p>\r\nLorem ipsum dolor sit amet, consectetur adipiscing elit. Suspendisse \r\nsollicitudin commodo cursus. Nunc varius accumsan ultrices. Quisque \r\nhendrerit mi id ullamcorper pretium. Lorem ipsum dolor sit amet, \r\nconsectetur adipiscing elit. Nam ac metus vitae nibh aliquet adipiscing \r\nquis at nibh. Nullam lacinia magna sed enim ullamcorper rutrum. Proin \r\nquis vulputate est. Duis vitae purus vel mauris rutrum bibendum eu sit \r\namet erat. Vestibulum accumsan dapibus mauris, faucibus vehicula ipsum \r\ntempor pharetra. Sed porta, purus sit amet sollicitudin vestibulum, leo \r\nneque fringilla mauris, quis semper odio ante non arcu. Suspendisse \r\nporttitor mollis nisi, eu imperdiet eros condimentum at. Nunc tempor \r\nsodales suscipit.\r\n</p>\r\n<p>\r\n<span style=\"font-weight: bold;\">Sed sed mollis nunc. Interdum et malesuada fames ac ante ipsum primis in\r\n faucibus. Proin luctus semper eros, quis egestas leo. Pellentesque \r\nrisus felis, vulputate eu massa et, rhoncus molestie dui. Vivamus \r\nmalesuada dui nec cursus lobortis. Donec augue tortor, accumsan id lacus\r\n quis, suscipit ullamcorper dolor. Nunc ullamcorper elit suscipit, \r\nmollis tortor in, pharetra purus. Sed dapibus dolor mauris, quis \r\nelementum arcu auctor id. Maecenas eget orci in lacus vestibulum \r\nvehicula. Pellentesque et felis eget diam hendrerit ultricies. Quisque \r\nsit amet tellus odio. Nulla pharetra turpis non turpis molestie, \r\nsuscipit tincidunt nisl lobortis. In eget porttitor libero. Proin non \r\nbibendum nisi, vitae volutpat nisl. Vivamus pretium scelerisque risus, \r\nnon tristique arcu cursus eu. Cras velit lacus, venenatis ut mi \r\nmalesuada, dapibus viverra nisi.\r\n</span></p>\r\n<p>\r\n<span style=\"font-style: italic;\">Aliquam dapibus lorem vitae leo euismod commodo. Cras porttitor leo \r\neleifend velit malesuada pretium. Praesent ac auctor purus. Mauris \r\nligula ligula, hendrerit at justo in, molestie viverra sapien. In \r\nplacerat sem risus, a convallis massa viverra nec. Vestibulum ante ipsum\r\n primis in faucibus orci luctus et ultrices posuere cubilia Curae; \r\nPraesent ac justo in orci aliquet lacinia ut vitae nibh. Quisque pretium\r\n quam nibh, imperdiet pulvinar ligula dictum id. In a auctor arcu. Fusce\r\n feugiat purus eget odio congue, mollis iaculis nulla tincidunt. Sed nec\r\n massa vulputate, pretium nisi malesuada, lacinia ligula.\r\n</span></p>\r\n<p>\r\nVestibulum eget tempor mauris. Praesent tincidunt enim eu massa \r\ntristique, pellentesque faucibus ipsum pharetra. Sed pulvinar convallis \r\ntortor eget placerat. Duis mattis tempus sollicitudin. Praesent eu porta\r\n libero, sed consectetur risus. Cum sociis natoque penatibus et magnis \r\ndis parturient montes, nascetur ridiculus mus. Duis vulputate, arcu nec \r\ntincidunt lacinia, mi velit malesuada sapien, a commodo lacus lacus sit \r\namet nisl. Donec rhoncus lectus sit amet sem dictum interdum. Vivamus \r\nlobortis tortor fringilla est gravida ultricies. Integer ut mauris quam.\r\n</p><p><br></p><p>Test</p>','Lorem ipsum dolor sit amet, consectetur adipiscing elit. Suspendisse sollicitudin commodo cursus. Nunc varius accumsan ultrices.','About us','about-us'),(522,5,2,'O nama','O nama','<p>\r\nLorem ipsum dolor sit amet, consectetur adipiscing elit. Suspendisse \r\nsollicitudin commodo cursus. Nunc varius accumsan ultrices. Quisque \r\nhendrerit mi id ullamcorper pretium. Lorem ipsum dolor sit amet, \r\nconsectetur adipiscing elit. Nam ac metus vitae nibh aliquet adipiscing \r\nquis at nibh. Nullam lacinia magna sed enim ullamcorper rutrum. Proin \r\nquis vulputate est. Duis vitae purus vel mauris rutrum bibendum eu sit \r\namet erat. Vestibulum accumsan dapibus mauris, faucibus vehicula ipsum \r\ntempor pharetra. Sed porta, purus sit amet sollicitudin vestibulum, leo \r\nneque fringilla mauris, quis semper odio ante non arcu. Suspendisse \r\nporttitor mollis nisi, eu imperdiet eros condimentum at. Nunc tempor \r\nsodales suscipit.\r\n</p>\r\n<p>\r\n<span style=\"font-weight: bold;\">Sed sed mollis nunc. Interdum et malesuada fames ac ante ipsum primis in\r\n faucibus. Proin luctus semper eros, quis egestas leo. Pellentesque \r\nrisus felis, vulputate eu massa et, rhoncus molestie dui. Vivamus \r\nmalesuada dui nec cursus lobortis. Donec augue tortor, accumsan id lacus\r\n quis, suscipit ullamcorper dolor. Nunc ullamcorper elit suscipit, \r\nmollis tortor in, pharetra purus. Sed dapibus dolor mauris, quis \r\nelementum arcu auctor id. Maecenas eget orci in lacus vestibulum \r\nvehicula. Pellentesque et felis eget diam hendrerit ultricies. Quisque \r\nsit amet tellus odio. Nulla pharetra turpis non turpis molestie, \r\nsuscipit tincidunt nisl lobortis. In eget porttitor libero. Proin non \r\nbibendum nisi, vitae volutpat nisl. Vivamus pretium scelerisque risus, \r\nnon tristique arcu cursus eu. Cras velit lacus, venenatis ut mi \r\nmalesuada, dapibus viverra nisi.\r\n</span></p>\r\n<p>\r\n<span style=\"font-style: italic;\">Aliquam dapibus lorem vitae leo euismod commodo. Cras porttitor leo \r\neleifend velit malesuada pretium. Praesent ac auctor purus. Mauris \r\nligula ligula, hendrerit at justo in, molestie viverra sapien. In \r\nplacerat sem risus, a convallis massa viverra nec. Vestibulum ante ipsum\r\n primis in faucibus orci luctus et ultrices posuere cubilia Curae; \r\nPraesent ac justo in orci aliquet lacinia ut vitae nibh. Quisque pretium\r\n quam nibh, imperdiet pulvinar ligula dictum id. In a auctor arcu. Fusce\r\n feugiat purus eget odio congue, mollis iaculis nulla tincidunt. Sed nec\r\n massa vulputate, pretium nisi malesuada, lacinia ligula.\r\n</span></p>\r\n<p>\r\nVestibulum eget tempor mauris. Praesent tincidunt enim eu massa \r\ntristique, pellentesque faucibus ipsum pharetra. Sed pulvinar convallis \r\ntortor eget placerat. Duis mattis tempus sollicitudin. Praesent eu porta\r\n libero, sed consectetur risus. Cum sociis natoque penatibus et magnis \r\ndis parturient montes, nascetur ridiculus mus. Duis vulputate, arcu nec \r\ntincidunt lacinia, mi velit malesuada sapien, a commodo lacus lacus sit \r\namet nisl. Donec rhoncus lectus sit amet sem dictum interdum. Vivamus \r\nlobortis tortor fringilla est gravida ultricies. Integer ut mauris quam.\r\n</p>','Lorem ipsum dolor sit amet, consectetur adipiscing elit. Suspendisse sollicitudin commodo cursus. Nunc varius accumsan ultrices.','O nama','o-nama'),(585,4,1,'Contact','Contact','<span style=\"font-weight: bold;\">CityGuide<br></span>Map Kiosk from Croatia<br>Ilica 345<br>HR-10000 Zagreb<br><br><span style=\"font-weight: bold;\"><span>Tel:</span></span> +385 (0)1 123 321<br><span style=\"font-weight: bold;\"><span>Fax:</span></span> +385 (0)1 123 322<br><span style=\"font-weight: bold;\"><span>Mail:</span></span> info@info.info','Short description','Contact','0'),(586,4,2,'Kontakt','Kontakt','<span style=\"font-weight: bold;\">Real estate point</span><br><span style=\"font-style: italic;\"><span style=\"font-weight: bold;\"><span><span>Real Estate Agency</span></span></span></span><br>Ilica 345<br>HR-10000 Zagreb<br><br><span style=\"font-weight: bold;\"><span bold;\"=\"\">Tel:</span></span> +385 (0)1 123 321<br><span style=\"font-weight: bold;\"><span bold;\"=\"\">Fax:</span></span> +385 (0)1 123 322<br><span style=\"font-weight: bold;\"><span bold;\"=\"\">Mail:</span></span> info@info.info','Kratki opis','Kontakt','0'),(625,142,1,'Blog','Blog page','<p><span style=\"font-weight: bold;\">Nam eget est facilisis, porta mi ac, ultricies enim. Proin nisi diam, eleifend ac eleifend in, dapibus in orci. Vestibulum elementum lectus non nisl venenatis, tempus molestie nisi tempus. Pellentesque facilisis nibh nec purus blandit, id aliquam lorem fermentum. </span></p>','Nam eget est facilisis, porta mi ac, ultricies enim. Proin nisi diam, eleifend ac eleifend in, dapibus in orci. Vestibulum elementum lectus non nisl venenatis, tempus molestie nisi tempus. Pellentesque facilisis nibh nec purus blandit, id aliquam lorem fermentum.','Blog',NULL),(626,142,2,'Blog','Blog stranica','<p><span style=\"font-weight: bold;\">Nam eget est facilisis, porta mi ac, ultricies enim. Proin nisi diam, eleifend ac eleifend in, dapibus in orci. Vestibulum elementum lectus non nisl venenatis, tempus molestie nisi tempus. Pellentesque facilisis nibh nec purus blandit, id aliquam lorem fermentum. </span></p>','Nam eget est facilisis, porta mi ac, ultricies enim. Proin nisi diam, eleifend ac eleifend in, dapibus in orci. Vestibulum elementum lectus non nisl venenatis, tempus molestie nisi tempus. Pellentesque facilisis nibh nec purus blandit, id aliquam lorem fermentum.','Blog',NULL),(627,146,1,'External link','External link','<p>http://www.google.com</p>','This is just a link example, so you need enter your link to keywords with \'http\'','http://www.google.com',NULL),(628,146,2,'Google link','Google link','<p>http://www.google.com</p>','This is just a link example, so you need enter your link to keywords with \'http\'','http://www.google.com',NULL),(629,178,1,'Contact','Contact','<p><span style=\"font-weight: bold;\">CityGuide</span>Map Kiosk from Croatia<br />\r\nIlica 345<br />\r\nHR-10000 Zagreb<br />\r\n<br />\r\n<span style=\"font-weight: bold;\"><span>Tel:</span></span> +385 (0)1 123 321<br />\r\n<span style=\"font-weight: bold;\"><span>Fax:</span></span> +385 (0)1 123 322<br />\r\n<span style=\"font-weight: bold;\"><span>Mail:</span></span> info@info.info</p>','Contact','Contact',NULL),(630,178,2,'Contact','Contact','<p><span style=\"font-weight: bold;\">CityGuide</span>Map Kiosk from Croatia<br />\r\nIlica 345<br />\r\nHR-10000 Zagreb<br />\r\n<br />\r\n<span style=\"font-weight: bold;\"><span>Tel:</span></span> +385 (0)1 123 321<br />\r\n<span style=\"font-weight: bold;\"><span>Fax:</span></span> +385 (0)1 123 322<br />\r\n<span style=\"font-weight: bold;\"><span>Mail:</span></span> info@info.info</p>','Contact','Contact',NULL),(631,179,1,'FAQ','FAQ','<p>Lorem ipsum dolor sit amet, consectetur adipiscing elit. Suspendisse sollicitudin commodo cursus. Nunc varius accumsan ultrices. Quisque hendrerit mi id ullamcorper pretium. Lorem ipsum dolor sit amet, consectetur adipiscing elit. Nam ac metus vitae nibh aliquet adipiscing quis at nibh. Nullam lacinia magna sed enim ullamcorper rutrum.</p>','FAQ','FAQ',NULL),(632,179,2,'FAQ','FAQ','<p>Lorem ipsum dolor sit amet, consectetur adipiscing elit. Suspendisse sollicitudin commodo cursus. Nunc varius accumsan ultrices. Quisque hendrerit mi id ullamcorper pretium. Lorem ipsum dolor sit amet, consectetur adipiscing elit. Nam ac metus vitae nibh aliquet adipiscing quis at nibh. Nullam lacinia magna sed enim ullamcorper rutrum.</p>','FAQ','FAQ',NULL),(639,180,1,'Agent profile','Agent profile','','Agent profile','%site_domain$s/index.php/profile/9/en',NULL),(640,180,2,'Agent profile','Agent profile','','Agent profile','%site_domain$s/index.php/profile/9/hr',NULL),(641,181,1,'Listing preview','Listing preview','','Listing preview','%site_domain$s/index.php/property/9/en/coffeehouse',NULL),(642,181,2,'Listing preview','Listing preview','','Listing preview','%site_domain$s/index.php/property/9/hr/coffeehouse',NULL),(647,174,1,'Map examples','Maps','','Map examples','Map examples',NULL),(648,174,2,'Map examples','Map examples','','Map examples','Map examples',NULL),(651,171,1,'Search and Top destinations','Search and Top destinations','','','Search and Top destinations',NULL),(652,171,2,'Search and Top destinations','Search and Top destinations','','','Search and Top destinations',NULL),(653,172,1,'Search and Categories','Search and Categories','','Search and Categories','Search and Categories',NULL),(654,172,2,'Search and Categories','Search and Categories','','Search and Categories','Search and Categories',NULL),(655,173,1,'Slider and Search','Slider and Search','','Slider and Search','Slider and Search',NULL),(656,173,2,'Slider and Search','Slider and Search','','Slider and Search','Slider and Search',NULL),(657,175,1,'Half Map Search','Half Map Search','','Half Map Search','Half Map Search',NULL),(658,175,2,'Half Map Search','Half Map Search','','Half Map Search','Half Map Search',NULL),(659,182,1,'Geo SVG Map Search','Geo SVG Map Search','','Geo SVG Map Search','Geo SVG Map Search',NULL),(660,182,2,'Geo SVG Map Search','Geo SVG Map Search','','Geo SVG Map Search','Geo SVG Map Search',NULL),(661,176,1,'Small Map and Results','Small Map and Results','','Small Map and Results','Small Map and Results',NULL),(662,176,2,'Small Map and Results','Small Map and Results','','Small Map and Results','Small Map and Results',NULL),(663,177,1,'Top Map and Search','Top Map and Search','','Top Map and Search','Top Map and Search',NULL),(664,177,2,'Top Map and Search','Top Map and Search','','Top Map and Search','Top Map and Search',NULL),(665,170,1,'Homepage','Home','<div class=\"row\">\r\n<div class=\"span1\"><img src=\"assets/img/multilangual.png\" /></div>\r\n\r\n<div class=\"span3\">\r\n<h4>Native Multilangual</h4>\r\nNatively multilingual, no need to install any addon. Every element can be translated and you can add as many languages as you want.</div>\r\n\r\n<div class=\"span1\"><img src=\"assets/img/easy_customize.png\" /></div>\r\n\r\n<div class=\"span3\">\r\n<h4>Easy to customize</h4>\r\nApplication is based on CodeIgniter PHP framework, if you know CodeIgniter you can easily customize the system.</div>\r\n\r\n<div class=\"span1\"><img src=\"assets/img/bootstrap.png\" /></div>\r\n\r\n<div class=\"span3\">\r\n<h4>Bootstrap ready</h4>\r\nBackend and Frontend based on Bootstrap and are easy to customize.</div>\r\n</div>\r\n\r\n<div class=\"row\">\r\n<div class=\"span1\"><img src=\"assets/img/drag-drop.png\" /></div>\r\n\r\n<div class=\"span3\">\r\n<h4>User friendly</h4>\r\nWebsite structure is logical. Managing elements such as pages, estates or images is easily done by drag&#39;n&#39;drop!</div>\r\n\r\n<div class=\"span1\"><img src=\"assets/img/template.png\" /></div>\r\n\r\n<div class=\"span3\">\r\n<h4>Template System</h4>\r\nEasy to use CodeIgniter Template Parser Class or alternative PHP syntax available.</div>\r\n\r\n<div class=\"span1\"><img src=\"assets/img/robust.png\" /></div>\r\n\r\n<div class=\"span3\">\r\n<h4>Robust</h4>\r\nBuild as easy to use and robust Metro style Admin user interface</div>\r\n</div>','','Homepage',NULL),(666,170,2,'Homepage','Homepage','<div class=\"row\">\r\n<div class=\"span1\"><img src=\"assets/img/multilangual.png\" /></div>\r\n\r\n<div class=\"span3\">\r\n<h4>Native Multilangual</h4>\r\nNatively multilingual, no need to install any addon. Every element can be translated and you can add as many languages as you want.</div>\r\n\r\n<div class=\"span1\"><img src=\"assets/img/easy_customize.png\" /></div>\r\n\r\n<div class=\"span3\">\r\n<h4>Easy to customize</h4>\r\nApplication is based on CodeIgniter PHP framework, if you know CodeIgniter you can easily customize the system.</div>\r\n\r\n<div class=\"span1\"><img src=\"assets/img/bootstrap.png\" /></div>\r\n\r\n<div class=\"span3\">\r\n<h4>Bootstrap ready</h4>\r\nBackend and Frontend based on Bootstrap and are easy to customize.</div>\r\n</div>\r\n\r\n<div class=\"row\">\r\n<div class=\"span1\"><img src=\"assets/img/drag-drop.png\" /></div>\r\n\r\n<div class=\"span3\">\r\n<h4>User friendly</h4>\r\nWebsite structure is logical. Managing elements such as pages, estates or images is easily done by drag&#39;n&#39;drop!</div>\r\n\r\n<div class=\"span1\"><img src=\"assets/img/template.png\" /></div>\r\n\r\n<div class=\"span3\">\r\n<h4>Template System</h4>\r\nEasy to use CodeIgniter Template Parser Class or alternative PHP syntax available.</div>\r\n\r\n<div class=\"span1\"><img src=\"assets/img/robust.png\" /></div>\r\n\r\n<div class=\"span3\">\r\n<h4>Robust</h4>\r\nBuild as easy to use and robust Metro style Admin user interface</div>\r\n</div>','','Homepage',NULL);

--
-- Table structure for table `payments`
--

DROP TABLE IF EXISTS `payments`;
/*!40101 SET @saved_cs_client     = @@character_set_client */;
/*!40101 SET character_set_client = utf8 */;
CREATE TABLE `payments` (
  `id` int(11) NOT NULL AUTO_INCREMENT,
  `date_paid` datetime DEFAULT NULL,
  `invoice_num` varchar(45) COLLATE utf8_unicode_ci DEFAULT NULL,
  `data_post` text COLLATE utf8_unicode_ci,
  `payer_id` varchar(100) COLLATE utf8_unicode_ci DEFAULT NULL,
  `txn_id` varchar(100) COLLATE utf8_unicode_ci DEFAULT NULL,
  `paid` varchar(45) COLLATE utf8_unicode_ci DEFAULT NULL,
  `currency_code` varchar(45) COLLATE utf8_unicode_ci DEFAULT NULL,
  `payer_email` varchar(100) COLLATE utf8_unicode_ci DEFAULT NULL,
  `listing_id` int(11) DEFAULT NULL,
  `payment_gateway` varchar(45) COLLATE utf8_unicode_ci DEFAULT NULL,
  `user_id` int(11) DEFAULT NULL,
  `package_id` int(11) DEFAULT NULL,
  `reservation_id` int(11) DEFAULT NULL,
  `saller_id` int(11) DEFAULT NULL,
  `property_id` int(11) DEFAULT NULL,
  PRIMARY KEY (`id`)
) ENGINE=InnoDB AUTO_INCREMENT=7 DEFAULT CHARSET=utf8 COLLATE=utf8_unicode_ci;
/*!40101 SET character_set_client = @saved_cs_client */;

--
-- Dumping data for table `payments`
--

INSERT INTO `payments` VALUES (1,'2014-06-03 21:30:22','','',NULL,NULL,NULL,NULL,NULL,NULL,NULL,NULL,NULL,NULL,NULL,NULL),(2,'2014-06-03 21:56:45','','Array\n(\n    [mc_gross] => 2.99\n    [invoice] => 12373469\n    [protection_eligibility] => Eligible\n    [address_status] => confirmed\n    [item_number1] => \n    [payer_id] => ER2LXCHKVY38Q\n    [tax] => 0.00\n    [address_street] => 1 Main St\n    [payment_date] => 12:56:41 Jun 03, 2014 PDT\n    [payment_status] => Completed\n    [charset] => windows-1252\n    [address_zip] => 95131\n    [mc_shipping] => 0.00\n    [mc_handling] => 0.00\n    [first_name] => Info\n    [mc_fee] => 0.39\n    [address_country_code] => US\n    [address_name] => Info Winter\n    [notify_version] => 3.8\n    [custom] => \n    [payer_status] => verified\n    [business] => sandi@iwinter.com.hr\n    [address_country] => United States\n    [num_cart_items] => 1\n    [mc_handling1] => 0.00\n    [address_city] => San Jose\n    [verify_sign] => AI36sk2Aln3iC.t.mla1wMizPRcQA8RKkhVgDKLdhbV.2hZelzrKnqbO\n    [payer_email] => info@iwinter.com.hr\n    [mc_shipping1] => 0.00\n    [tax1] => 0.00\n    [txn_id] => 5NJ254081K680701C\n    [payment_type] => instant\n    [last_name] => Winter\n    [address_state] => CA\n    [item_name1] => T-shirt\n    [receiver_email] => sandi@iwinter.com.hr\n    [payment_fee] => 0.39\n    [quantity1] => 1\n    [receiver_id] => S63XQYGHM4X8N\n    [txn_type] => cart\n    [mc_gross_1] => 2.99\n    [mc_currency] => USD\n    [residence_country] => US\n    [test_ipn] => 1\n    [transaction_subject] => \n    [payment_gross] => 2.99\n    [ipn_track_id] => 9d77baf4e8f10\n)\n',NULL,NULL,NULL,NULL,NULL,NULL,NULL,NULL,NULL,NULL,NULL,NULL),(3,'2014-06-03 22:39:44','7','a:47:{s:8:\"mc_gross\";s:5:\"20.00\";s:7:\"invoice\";s:1:\"7\";s:22:\"protection_eligibility\";s:8:\"Eligible\";s:14:\"address_status\";s:9:\"confirmed\";s:12:\"item_number1\";s:0:\"\";s:8:\"payer_id\";s:13:\"ER2LXCHKVY38Q\";s:3:\"tax\";s:4:\"0.00\";s:14:\"address_street\";s:9:\"1 Main St\";s:12:\"payment_date\";s:25:\"13:34:39 Jun 03, 2014 PDT\";s:14:\"payment_status\";s:9:\"Completed\";s:7:\"charset\";s:12:\"windows-1252\";s:11:\"address_zip\";s:5:\"95131\";s:11:\"mc_shipping\";s:4:\"0.00\";s:11:\"mc_handling\";s:4:\"0.00\";s:10:\"first_name\";s:4:\"Info\";s:6:\"mc_fee\";s:4:\"0.88\";s:20:\"address_country_code\";s:2:\"US\";s:12:\"address_name\";s:11:\"Info Winter\";s:14:\"notify_version\";s:3:\"3.8\";s:6:\"custom\";s:0:\"\";s:12:\"payer_status\";s:8:\"verified\";s:8:\"business\";s:20:\"sandi@iwinter.com.hr\";s:15:\"address_country\";s:13:\"United States\";s:14:\"num_cart_items\";s:1:\"1\";s:12:\"mc_handling1\";s:4:\"0.00\";s:12:\"address_city\";s:8:\"San Jose\";s:11:\"verify_sign\";s:56:\"A9LC3Qajo-H2V8mPq4eIktgPvG2RAQNl0qNtJ0agOtDs9xL3UMse9O06\";s:11:\"payer_email\";s:19:\"info@iwinter.com.hr\";s:12:\"mc_shipping1\";s:4:\"0.00\";s:4:\"tax1\";s:4:\"0.00\";s:6:\"txn_id\";s:17:\"38791587ML480703S\";s:12:\"payment_type\";s:7:\"instant\";s:9:\"last_name\";s:6:\"Winter\";s:13:\"address_state\";s:2:\"CA\";s:10:\"item_name1\";s:14:\"Reservation #7\";s:14:\"receiver_email\";s:20:\"sandi@iwinter.com.hr\";s:11:\"payment_fee\";s:4:\"0.88\";s:9:\"quantity1\";s:1:\"1\";s:11:\"receiver_id\";s:13:\"S63XQYGHM4X8N\";s:8:\"txn_type\";s:4:\"cart\";s:10:\"mc_gross_1\";s:5:\"20.00\";s:11:\"mc_currency\";s:3:\"USD\";s:17:\"residence_country\";s:2:\"US\";s:8:\"test_ipn\";s:1:\"1\";s:19:\"transaction_subject\";s:0:\"\";s:13:\"payment_gross\";s:5:\"20.00\";s:12:\"ipn_track_id\";s:13:\"631f1117659b2\";}','ER2LXCHKVY38Q','38791587ML480703S','20.00','USD','info@iwinter.com.hr',NULL,NULL,NULL,NULL,NULL,NULL,NULL),(4,'2014-06-03 22:42:41','7_RES_20.00','a:47:{s:8:\"mc_gross\";s:5:\"20.00\";s:7:\"invoice\";s:7:\"7_20.00\";s:22:\"protection_eligibility\";s:8:\"Eligible\";s:14:\"address_status\";s:9:\"confirmed\";s:12:\"item_number1\";s:0:\"\";s:8:\"payer_id\";s:13:\"ER2LXCHKVY38Q\";s:3:\"tax\";s:4:\"0.00\";s:14:\"address_street\";s:9:\"1 Main St\";s:12:\"payment_date\";s:25:\"13:42:39 Jun 03, 2014 PDT\";s:14:\"payment_status\";s:9:\"Completed\";s:7:\"charset\";s:12:\"windows-1252\";s:11:\"address_zip\";s:5:\"95131\";s:11:\"mc_shipping\";s:4:\"0.00\";s:11:\"mc_handling\";s:4:\"0.00\";s:10:\"first_name\";s:4:\"Info\";s:6:\"mc_fee\";s:4:\"0.88\";s:20:\"address_country_code\";s:2:\"US\";s:12:\"address_name\";s:11:\"Info Winter\";s:14:\"notify_version\";s:3:\"3.8\";s:6:\"custom\";s:0:\"\";s:12:\"payer_status\";s:8:\"verified\";s:8:\"business\";s:20:\"sandi@iwinter.com.hr\";s:15:\"address_country\";s:13:\"United States\";s:14:\"num_cart_items\";s:1:\"1\";s:12:\"mc_handling1\";s:4:\"0.00\";s:12:\"address_city\";s:8:\"San Jose\";s:11:\"verify_sign\";s:56:\"AwD4sJJmdrzDKNGw7KMAMuZSx1AHAeHkTMI1NDF3NgxE8tGDW8SfkKVk\";s:11:\"payer_email\";s:19:\"info@iwinter.com.hr\";s:12:\"mc_shipping1\";s:4:\"0.00\";s:4:\"tax1\";s:4:\"0.00\";s:6:\"txn_id\";s:17:\"70D58185F3775394K\";s:12:\"payment_type\";s:7:\"instant\";s:9:\"last_name\";s:6:\"Winter\";s:13:\"address_state\";s:2:\"CA\";s:10:\"item_name1\";s:14:\"Reservation #7\";s:14:\"receiver_email\";s:20:\"sandi@iwinter.com.hr\";s:11:\"payment_fee\";s:4:\"0.88\";s:9:\"quantity1\";s:1:\"1\";s:11:\"receiver_id\";s:13:\"S63XQYGHM4X8N\";s:8:\"txn_type\";s:4:\"cart\";s:10:\"mc_gross_1\";s:5:\"20.00\";s:11:\"mc_currency\";s:3:\"USD\";s:17:\"residence_country\";s:2:\"US\";s:8:\"test_ipn\";s:1:\"1\";s:19:\"transaction_subject\";s:0:\"\";s:13:\"payment_gross\";s:5:\"20.00\";s:12:\"ipn_track_id\";s:13:\"416b011ce481b\";}','ER2LXCHKVY38Q','70D58185F3775394K','20.00','USD','info@iwinter.com.hr',NULL,NULL,NULL,NULL,NULL,NULL,NULL),(5,'2014-06-03 22:48:52','7_RES_20.001977','a:47:{s:8:\"mc_gross\";s:5:\"20.00\";s:7:\"invoice\";s:11:\"7_20.001977\";s:22:\"protection_eligibility\";s:8:\"Eligible\";s:14:\"address_status\";s:9:\"confirmed\";s:12:\"item_number1\";s:0:\"\";s:8:\"payer_id\";s:13:\"ER2LXCHKVY38Q\";s:3:\"tax\";s:4:\"0.00\";s:14:\"address_street\";s:9:\"1 Main St\";s:12:\"payment_date\";s:25:\"13:48:48 Jun 03, 2014 PDT\";s:14:\"payment_status\";s:9:\"Completed\";s:7:\"charset\";s:12:\"windows-1252\";s:11:\"address_zip\";s:5:\"95131\";s:11:\"mc_shipping\";s:4:\"0.00\";s:11:\"mc_handling\";s:4:\"0.00\";s:10:\"first_name\";s:4:\"Info\";s:6:\"mc_fee\";s:4:\"0.88\";s:20:\"address_country_code\";s:2:\"US\";s:12:\"address_name\";s:11:\"Info Winter\";s:14:\"notify_version\";s:3:\"3.8\";s:6:\"custom\";s:0:\"\";s:12:\"payer_status\";s:8:\"verified\";s:8:\"business\";s:20:\"sandi@iwinter.com.hr\";s:15:\"address_country\";s:13:\"United States\";s:14:\"num_cart_items\";s:1:\"1\";s:12:\"mc_handling1\";s:4:\"0.00\";s:12:\"address_city\";s:8:\"San Jose\";s:11:\"verify_sign\";s:56:\"AfQuzaSFrGvt6rtvRwD4hrYb.JzkABhsZbG6RzQEHrWRVQMU4alyRccb\";s:11:\"payer_email\";s:19:\"info@iwinter.com.hr\";s:12:\"mc_shipping1\";s:4:\"0.00\";s:4:\"tax1\";s:4:\"0.00\";s:6:\"txn_id\";s:17:\"4WD08916J6958874J\";s:12:\"payment_type\";s:7:\"instant\";s:9:\"last_name\";s:6:\"Winter\";s:13:\"address_state\";s:2:\"CA\";s:10:\"item_name1\";s:14:\"Reservation #7\";s:14:\"receiver_email\";s:20:\"sandi@iwinter.com.hr\";s:11:\"payment_fee\";s:4:\"0.88\";s:9:\"quantity1\";s:1:\"1\";s:11:\"receiver_id\";s:13:\"S63XQYGHM4X8N\";s:8:\"txn_type\";s:4:\"cart\";s:10:\"mc_gross_1\";s:5:\"20.00\";s:11:\"mc_currency\";s:3:\"USD\";s:17:\"residence_country\";s:2:\"US\";s:8:\"test_ipn\";s:1:\"1\";s:19:\"transaction_subject\";s:0:\"\";s:13:\"payment_gross\";s:5:\"20.00\";s:12:\"ipn_track_id\";s:13:\"e5522708d8525\";}','ER2LXCHKVY38Q','4WD08916J6958874J','20.00','USD','info@iwinter.com.hr',NULL,NULL,NULL,NULL,NULL,NULL,NULL),(6,'2014-06-03 22:52:59','7_RES_80.006907','a:47:{s:8:\"mc_gross\";s:5:\"80.00\";s:7:\"invoice\";s:11:\"7_80.006907\";s:22:\"protection_eligibility\";s:8:\"Eligible\";s:14:\"address_status\";s:9:\"confirmed\";s:12:\"item_number1\";s:0:\"\";s:8:\"payer_id\";s:13:\"ER2LXCHKVY38Q\";s:3:\"tax\";s:4:\"0.00\";s:14:\"address_street\";s:9:\"1 Main St\";s:12:\"payment_date\";s:25:\"13:52:57 Jun 03, 2014 PDT\";s:14:\"payment_status\";s:9:\"Completed\";s:7:\"charset\";s:12:\"windows-1252\";s:11:\"address_zip\";s:5:\"95131\";s:11:\"mc_shipping\";s:4:\"0.00\";s:11:\"mc_handling\";s:4:\"0.00\";s:10:\"first_name\";s:4:\"Info\";s:6:\"mc_fee\";s:4:\"2.62\";s:20:\"address_country_code\";s:2:\"US\";s:12:\"address_name\";s:11:\"Info Winter\";s:14:\"notify_version\";s:3:\"3.8\";s:6:\"custom\";s:0:\"\";s:12:\"payer_status\";s:8:\"verified\";s:8:\"business\";s:20:\"sandi@iwinter.com.hr\";s:15:\"address_country\";s:13:\"United States\";s:14:\"num_cart_items\";s:1:\"1\";s:12:\"mc_handling1\";s:4:\"0.00\";s:12:\"address_city\";s:8:\"San Jose\";s:11:\"verify_sign\";s:56:\"AqJ-WZNVutuNierV3LZLs1Y1IawwAeAS8108YGtXxNytUpVrTq49CqhV\";s:11:\"payer_email\";s:19:\"info@iwinter.com.hr\";s:12:\"mc_shipping1\";s:4:\"0.00\";s:4:\"tax1\";s:4:\"0.00\";s:6:\"txn_id\";s:17:\"64V66530TY4484937\";s:12:\"payment_type\";s:7:\"instant\";s:9:\"last_name\";s:6:\"Winter\";s:13:\"address_state\";s:2:\"CA\";s:10:\"item_name1\";s:14:\"Reservation #7\";s:14:\"receiver_email\";s:20:\"sandi@iwinter.com.hr\";s:11:\"payment_fee\";s:4:\"2.62\";s:9:\"quantity1\";s:1:\"1\";s:11:\"receiver_id\";s:13:\"S63XQYGHM4X8N\";s:8:\"txn_type\";s:4:\"cart\";s:10:\"mc_gross_1\";s:5:\"80.00\";s:11:\"mc_currency\";s:3:\"USD\";s:17:\"residence_country\";s:2:\"US\";s:8:\"test_ipn\";s:1:\"1\";s:19:\"transaction_subject\";s:0:\"\";s:13:\"payment_gross\";s:5:\"80.00\";s:12:\"ipn_track_id\";s:13:\"35c5c566e12d4\";}','ER2LXCHKVY38Q','64V66530TY4484937','80.00','USD','info@iwinter.com.hr',NULL,NULL,NULL,NULL,NULL,NULL,NULL);

--
-- Table structure for table `property`
--

DROP TABLE IF EXISTS `property`;
/*!40101 SET @saved_cs_client     = @@character_set_client */;
/*!40101 SET character_set_client = utf8 */;
CREATE TABLE `property` (
  `id` int(11) NOT NULL AUTO_INCREMENT,
  `id_transitions` int(11) DEFAULT NULL,
  `id_trans_text` varchar(60) COLLATE utf8_unicode_ci DEFAULT NULL,
  `gps` varchar(100) COLLATE utf8_unicode_ci DEFAULT NULL,
  `lat` decimal(9,6) DEFAULT NULL,
  `lng` decimal(9,6) DEFAULT NULL,
  `date` datetime DEFAULT NULL,
  `date_modified` datetime DEFAULT NULL,
  `date_activated` datetime DEFAULT NULL COMMENT 'Activated even if not paid for activation (by admin for example)',
  `address` varchar(200) COLLATE utf8_unicode_ci DEFAULT NULL,
  `type` varchar(45) COLLATE utf8_unicode_ci DEFAULT NULL COMMENT 'housing\nhouse\nland\nbusiness premises',
  `repository_id` int(11) DEFAULT NULL,
  `planimages_repository_id` int(11) DEFAULT NULL,
  `is_featured` tinyint(1) DEFAULT '0',
  `search_values` text COLLATE utf8_unicode_ci,
  `is_activated` tinyint(1) DEFAULT '1',
  `is_visible` tinyint(4) DEFAULT '1',
  `activation_paid_date` datetime DEFAULT NULL,
  `featured_paid_date` datetime DEFAULT NULL,
  `counter_views` int(11) DEFAULT '0',
  `avarage_rating` int(11) DEFAULT NULL,
  `image_filename` varchar(200) COLLATE utf8_unicode_ci DEFAULT NULL,
  `image_repository` text COLLATE utf8_unicode_ci,
  `sent_to_affiliate` tinyint(1) DEFAULT '0',
  `date_notify` datetime DEFAULT NULL,
  `status` varchar(45) COLLATE utf8_unicode_ci DEFAULT NULL,
  `date_status` varchar(45) COLLATE utf8_unicode_ci DEFAULT NULL,
  `affilate_id` int(11) DEFAULT NULL,
  `date_repost` datetime DEFAULT NULL,
  `date_renew` datetime DEFAULT NULL,
  `date_alert` datetime DEFAULT NULL,
  `last_edit_ip` varchar(32) COLLATE utf8_unicode_ci DEFAULT NULL,
  `date_notify_expired` datetime DEFAULT NULL,
  PRIMARY KEY (`id`)
) ENGINE=InnoDB AUTO_INCREMENT=21 DEFAULT CHARSET=utf8 COLLATE=utf8_unicode_ci;
/*!40101 SET character_set_client = @saved_cs_client */;

--
-- Dumping data for table `property`
--

INSERT INTO `property` VALUES (1,NULL,NULL,'46.30656011913618, 16.33934708968809',46.306560,16.339347,'2015-10-07 13:15:18','2015-10-09 21:45:10',NULL,'Varaždin, Ulica Augusta Cesarca',NULL,288,349,1,'id: 1Varaždin, Ulica Augusta Cesarca Promenade Vatroslava Jagica  empty 5  Store - Croatia - Varaždin - Excursion Agent  Varaždinska 42000 Varazdin   SKIP_ON_EMPTY        trueParking 20 500  500    Šetalište Vatroslava Jagića  empty 5  Trgovina - Croatia - Varaždin - Izleti Agent  Varaždinska 42000 Varaždin   SKIP_ON_EMPTY        trueParking 20 500  500   ',1,1,NULL,NULL,7,NULL,'image_3.jpg','[\"image_3.jpg\",\"image_1.jpg\",\"image_2.jpg\"]',0,NULL,NULL,NULL,NULL,NULL,NULL,NULL,'::1',NULL),(2,NULL,NULL,'46.309822, 16.334136899999976',46.309822,16.334137,'2015-10-07 13:26:08','2015-10-09 21:45:01',NULL,'Varaždin, Stari Grad',NULL,289,350,1,'id: 2Varaždin, Stari Grad The Old Town  empty 5  Library - Croatia - Osijek - Excursion Agent  Varaždinska 42000 Varazdin   SKIP_ON_EMPTY        50 500  2000    Stari Grad  empty 5  Knjižnica - Croatia - Osijek - Izleti Agent  Varaždinska 42000 Varaždin   SKIP_ON_EMPTY        50 500  2000   ',1,1,NULL,NULL,8,NULL,'image_4.jpg','[\"image_4.jpg\",\"image_8.jpg\",\"image_10.jpg\"]',0,NULL,NULL,NULL,NULL,NULL,NULL,NULL,'::1',NULL),(3,NULL,NULL,'46.308594118926216, 16.337644213491785',46.308594,16.337644,'2015-10-07 14:58:14','2015-10-09 21:44:59',NULL,'Varaždin, Ul. Ljudevita Gaja',NULL,290,351,0,'id: 3Varaždin, Ul. Ljudevita Gaja Movie Gallery  new 3  Hotel - Croatia - Međimurje - Fun Agent  Varaždinska 42000 Varazdin   SKIP_ON_EMPTY        1 1000  1000    Kino Galerija  novo 3  Hotel - Croatia - Međimurje - Zabava Agent  Varaždinska 42000 Varaždin   SKIP_ON_EMPTY        1 1000  1000   ',1,1,NULL,NULL,1,NULL,'image_16.jpg','[\"image_16.jpg\",\"image_24.jpg\",\"image_23.jpg\"]',0,NULL,NULL,NULL,NULL,NULL,NULL,NULL,'::1',NULL),(4,NULL,NULL,'46.30627485655299, 16.336795881020407',46.306275,16.336796,'2015-10-07 16:35:23','2015-10-09 21:44:57',NULL,'Varaždin, Trg Slobode',NULL,291,352,1,'id: 4Varaždin, Trg Slobode Domenico  empty 5  Restaurant - Croatia - Varaždin - Food and drink Agent  Varaždinska 42000 Varazdin   SKIP_ON_EMPTY        300 500  1300    Domenico  empty 5  Restoran - Croatia - Varaždin - Hrana i piće Agent  Varaždinska 42000 Varaždin   SKIP_ON_EMPTY        300 500  1300   ',1,1,NULL,NULL,13,NULL,'image_25.jpg','[\"image_25.jpg\",\"image_17.jpg\",\"image_28.jpg\"]',0,NULL,NULL,NULL,NULL,NULL,NULL,NULL,'::1',NULL),(5,NULL,NULL,'46.30544097482327, 16.337780679623393',46.305441,16.337781,'2015-10-07 16:47:47','2015-10-09 21:44:55',NULL,'Varaždin, Ul. Augusta Cesarca',NULL,292,353,0,'id: 5Varaždin, Ul. Augusta Cesarca Fountain  empty 4  Bakery - Croatia - Sisak - Food and drink Agent  Varaždinska 42000 Varazdin   SKIP_ON_EMPTY        trueParking 500 500  1500    Fontana  empty 4  Pekara - Croatia - Sisak - Hrana i piće Agent  Varaždinska 42000 Varaždin   SKIP_ON_EMPTY        trueParking 500 500  1500   ',1,1,NULL,NULL,6,NULL,'image_19.jpg','[\"image_19.jpg\",\"image_23 (1).jpg\",\"image_18.jpg\"]',0,NULL,NULL,NULL,NULL,NULL,NULL,NULL,'::1',NULL),(6,NULL,NULL,'46.30736636151806, 16.33580087605742',46.307366,16.335801,'2015-10-07 17:23:31','2015-10-09 21:44:52',NULL,'Varaždin, Franjevački Trg 17',NULL,293,354,0,'id: 6Varaždin, Franjevački Trg 17 Coffeehouse  empty 5  Coffee bar - Croatia - Istria - Food and drink Agent  Varaždinska 42000 Varazdin   SKIP_ON_EMPTY        100 600  2000    Kavana Dora  empty 5  Caffe bar - Croatia - Istria - Hrana i piće Agent  Varaždinska 42000 Varaždin   SKIP_ON_EMPTY        100 600  2000   ',1,1,NULL,NULL,1,NULL,'image_24 (1).jpg','[\"image_24 (1).jpg\",\"image_28 (1).jpg\",\"image_30.jpg\"]',0,NULL,NULL,NULL,NULL,NULL,NULL,NULL,'::1',NULL),(7,NULL,NULL,'46.29328826637003, 16.344047286230534',46.293288,16.344047,'2015-10-07 17:46:31','2015-10-09 21:44:50',NULL,'Varaždin, Zagrebačka',NULL,294,355,0,'id: 7Varaždin, Zagrebačka NK Varteks  empty 4  Store - Austria - Sport Agent  Varaždinska 42000 Varazdin   SKIP_ON_EMPTY        trueParking 3000 3000  2000    NK Varteks  empty 4  Trgovina - Austria - Sport Agent  Varaždinska 42000 Varazdin   SKIP_ON_EMPTY        trueParking 3000 3000  2000   ',1,1,NULL,NULL,1,NULL,'image_33.jpg','[\"image_33.jpg\",\"image_32.jpg\",\"image_31.jpg\"]',0,NULL,NULL,NULL,NULL,NULL,NULL,NULL,'::1',NULL),(8,NULL,NULL,'46.307668843733076, 16.33810229881135',46.307669,16.338102,'2015-10-07 18:06:56','2015-10-09 21:44:20',NULL,'Varaždin, Trg Kralja Tomislava',NULL,295,356,0,'id: 8Varaždin, Trg Kralja Tomislava Faculty of Organization and Informatics  empty 4  Library - Croatia - Zagreb - Learning Agent  Varaždinska 42000 Varazdin   SKIP_ON_EMPTY        1 1000  1000    Fakultet organizacije i informatike  empty 4  Knjižnica - Croatia - Zagreb - Učenje Agent  Varaždinska 42000 Varaždin   SKIP_ON_EMPTY        1 1000  1000   ',1,1,NULL,NULL,1,NULL,'image_41.jpg','[\"image_41.jpg\",\"image_42.jpg\",\"image_43.jpg\"]',0,NULL,NULL,NULL,NULL,NULL,NULL,NULL,'::1',NULL),(9,NULL,NULL,'46.320049348029634, 16.306398330163574',46.320049,16.306398,'2015-10-07 18:24:23','2015-10-09 21:44:18',NULL,'Varaždin, Optujska ul. 171',NULL,296,357,0,'id: 9Varaždin, Optujska ul. 171 Supernova  empty 4  Store - Croatia - Osijek - Shopping Agent  Varaždinska 42000 Varazdin   SKIP_ON_EMPTY        trueParking 4000 20  5000    Supernova  empty 4  Trgovina - Croatia - Osijek - Shopping Agent  Varaždinska 42000 Varazdin   SKIP_ON_EMPTY        trueParking 4000 20  5000   ',1,1,NULL,NULL,8,NULL,'image_51.jpg','[\"image_51.jpg\",\"image_42 (1).jpg\",\"image_41 (1).jpg\"]',0,NULL,NULL,NULL,NULL,NULL,NULL,NULL,'::1',NULL),(10,NULL,NULL,'46.309120856650296, 16.336200122753894',46.309121,16.336200,'2015-10-07 18:59:41','2015-10-09 21:44:16',NULL,'Varaždin,Ivana Padovca',NULL,297,358,0,'id: 10Varaždin,Ivana Padovca Mea Culpa Bar  empty 5  Night Club - Croatia - Varaždin - Fun Agent  Varaždinska 42000 Varazdin   SKIP_ON_EMPTY        400 1000  3000    Mea Culpa Bar  empty 5  Noćni Klub - Croatia - Varaždin - Zabava Agent  Varaždinska 42000 Varaždin   SKIP_ON_EMPTY        400 1000  3000   ',1,1,NULL,NULL,3,NULL,'image_41 (2).jpg','[\"image_41 (2).jpg\",\"image_53.jpg\",\"image_42 (2).jpg\"]',0,NULL,NULL,NULL,NULL,NULL,NULL,NULL,'::1',NULL),(11,NULL,NULL,'46.3077021946893, 16.33834369762269',46.307702,16.338344,'2015-10-07 19:33:34','2015-10-09 21:44:14',NULL,'Varaždin, Trg Kralja Tomislava',NULL,298,359,1,'id: 11Varaždin, Trg Kralja Tomislava Center, Korzo  empty 4  Coffee bar - Germany - Excursion Agent  Varaždinska 42000 Varazdin   SKIP_ON_EMPTY        1 1500  2000    Korzo  empty 4  Caffe bar - Germany - Izleti Agent  Varaždinska 42000 Varaždin   SKIP_ON_EMPTY        1 1500  2000   ',1,1,NULL,NULL,8,NULL,'image_58.jpg','[\"image_58.jpg\",\"image_54.jpg\",\"image_55.jpg\"]',0,NULL,NULL,NULL,NULL,NULL,NULL,NULL,'::1',NULL),(12,NULL,NULL,'46.307846108422105, 16.33683100062899',46.307846,16.336831,'2015-10-07 19:51:04','2015-10-09 21:44:12',NULL,'Varaždin, Franjevački trg',NULL,299,360,0,'id: 12Varaždin, Franjevački trg Franjevački trg  empty 4  Coffee bar - Croatia - Međimurje - Excursion Agent  Varaždinska 42000 Varazdin   SKIP_ON_EMPTY        100 1500  3000    Franjevački trg  empty 4  Caffe bar - Croatia - Međimurje - Izleti Agent  Varaždinska 42000 Varaždin   SKIP_ON_EMPTY        100 1500  3000   ',1,1,NULL,NULL,9,NULL,'image_69.jpg','[\"image_69.jpg\",\"image_70.jpg\",\"image_68.jpg\"]',0,NULL,NULL,NULL,NULL,NULL,NULL,NULL,'::1',NULL),(13,NULL,NULL,'46.30303937137864, 16.337136490737976',46.303039,16.337136,'2015-10-08 11:52:34','2015-10-09 21:44:09',NULL,'Varaždin, Aleja kralja Zvonimira',NULL,300,361,0,'id: 13Varaždin, Aleja kralja Zvonimira Hotel Turist  empty 4  Hotel - Croatia - Zadar - Sleeping Agent  Varaždinska 42000 Varazdin   SKIP_ON_EMPTY        trueParking 1500 1000  1500    Hotel Turist  empty 4  Hotel - Croatia - Zadar - Spavanje Agent  Varaždinska 42000 Varaždin   SKIP_ON_EMPTY        trueParking 1500 1000  1500   ',1,1,NULL,NULL,1,NULL,'image_71.jpg','[\"image_71.jpg\",\"image_68 (1).jpg\",\"image_72.jpg\"]',0,NULL,NULL,NULL,NULL,NULL,NULL,NULL,'::1',NULL),(14,NULL,NULL,'46.30305007989428, 16.329035773016358',46.303050,16.329036,'2015-10-08 12:07:55','2015-10-09 21:44:07',NULL,'Varaždin, Ivana Meštrovića',NULL,301,NULL,0,'id: 14Varaždin, Ivana Meštrovića Opća bolnica Varaždin  empty 3  Hotel - Croatia - Osijek - Emergency Agent  Varaždinska 42000 Varazdin   SKIP_ON_EMPTY        trueParking 2000 500  3000    Opća bolnica Varaždin  empty 3  Hotel - Croatia - Osijek - Prva pomoć Agent  Varaždinska 42000 Varaždin   SKIP_ON_EMPTY        trueParking 2000 500  3000   ',1,1,NULL,NULL,2,NULL,'image_96.jpg','[\"image_96.jpg\",\"image_105.jpg\",\"image_110.jpg\",\"image_104.jpg\"]',0,NULL,NULL,NULL,NULL,NULL,NULL,NULL,'::1',NULL),(15,NULL,NULL,'46.30584457066662, 16.343360722753914',46.305845,16.343361,'2015-10-08 12:30:41','2015-10-09 21:44:05',NULL,'Varaždin, Ul. Ivana Milčetića',NULL,302,NULL,0,'id: 15Varaždin, Ul. Ivana Milčetića PU varaždinska  empty 5  Store - Croatia - Međimurje - Emergency Agent  Varaždinska 42000 Varazdin   SKIP_ON_EMPTY        trueParking 1500 2000  1000    PU varaždinska  empty 5  Trgovina - Croatia - Međimurje - Prva pomoć Agent  Varaždinska 42000 Varaždin   SKIP_ON_EMPTY        trueParking 1500 2000  1000   ',1,1,NULL,NULL,0,NULL,'image_102.jpg','[\"image_102.jpg\",\"image_105 (1).jpg\",\"image_101.jpg\"]',0,NULL,NULL,NULL,NULL,NULL,NULL,NULL,'::1',NULL),(16,NULL,NULL,'46.30424103580055, 16.334654351312224',46.304241,16.334654,'2015-10-08 12:44:24','2015-10-09 21:44:03',NULL,'Varaždin, Ul. Zrinskih i Frankopana',NULL,303,NULL,0,'id: 16Varaždin, Ul. Zrinskih i Frankopana AP Varaždin  empty 4  Store - Croatia - Varaždin - Transport Agent  Varaždinska 42000 Varazdin   SKIP_ON_EMPTY        trueParking 1000 1  3000    AP Varaždin  empty 4  Trgovina - Croatia - Varaždin - Prijevoz Agent  Varaždinska 42000 Varaždin   SKIP_ON_EMPTY        trueParking 1000 1  3000   ',1,1,NULL,NULL,0,NULL,'image_101 (1).jpg','[\"image_101 (1).jpg\",\"image_98.jpg\",\"image_93.jpg\"]',0,NULL,NULL,NULL,NULL,NULL,NULL,NULL,'::1',NULL),(17,NULL,NULL,'46.305705606463086, 16.346228316949464',46.305706,16.346228,'2015-10-08 12:59:03','2015-10-09 21:44:01',NULL,'Varaždin, Kolodvorska',NULL,304,NULL,0,'id: 17Varaždin, Kolodvorska HŽ Putnički prijevoz  empty 4  Library - Croatia - Sisak - Transport Agent  Varaždinska 42000 Varazdin   397        trueParking 2000 3000  1    HŽ Putnički prijevoz  empty 4  Knjižnica - Croatia - Sisak - Prijevoz Agent  Varaždinska 42000 Varaždin   SKIP_ON_EMPTY        trueParking 2000 3000  1   ',1,1,NULL,NULL,2,NULL,'image_81.jpg','[\"image_81.jpg\",\"image_80.jpg\",\"image_79.jpg\"]',0,NULL,NULL,NULL,NULL,NULL,NULL,NULL,'::1',NULL),(18,NULL,NULL,'46.31010502956418, 16.32582381855468',46.310105,16.325824,'2015-10-08 17:18:03','2015-10-09 21:43:59',NULL,'Varaždin, Hallerova aleja',NULL,305,NULL,1,'id: 18Varaždin, Hallerova aleja Cemetery  empty 5  Hotel - Croatia - Varaždin - Excursion Agent  Varaždinska 42000 Varazdin   SKIP_ON_EMPTY        trueParking 1500 2000  3000    Varaždinsko groblje  empty 5  Hotel - Croatia - Varaždin - Izleti Agent  Varaždinska 42000 Varaždin   SKIP_ON_EMPTY        trueParking 1500 2000  3000   ',1,1,NULL,NULL,105,NULL,'image_59.jpg','[\"image_59.jpg\",\"image_54 (1).jpg\",\"image_49.jpg\"]',0,NULL,NULL,NULL,NULL,NULL,NULL,NULL,'::1',NULL),(19,NULL,NULL,'46.30710626976297, 16.33991747672121',46.307106,16.339917,'2015-10-08 17:38:32','2015-10-09 21:43:57',NULL,'Varaždin, Alojzija Stepinca',NULL,306,NULL,0,'id: 19Varaždin, Alojzija Stepinca Restoran Angelus  empty 5  Restaurant - Croatia - Zadar - Food and drink Agent  Varaždinska 42000 Varazdin   SKIP_ON_EMPTY        trueParking 100 1000  700    Restoran Angelus  empty 5  Restoran - Croatia - Zadar - Hrana i piće Agent  Varaždinska 42000 Varaždin   SKIP_ON_EMPTY        trueParking 100 1000  700   ',1,1,NULL,NULL,9,NULL,'image_74.jpg','[\"image_74.jpg\",\"image_60.jpg\",\"image_56.jpg\"]',0,NULL,NULL,NULL,NULL,NULL,NULL,NULL,'::1',NULL),(20,NULL,NULL,'46.30959069055511, 16.340387731213355',46.309591,16.340388,'2015-10-08 18:10:02','2015-10-09 21:42:24',NULL,'Varaždin, Ivana Kukuljevića Sakcinskog',NULL,307,NULL,0,'id: 20Varaždin, Ivana Kukuljevića Sakcinskog Six  empty 5  Bakery - Austria - Food and drink Agent  Varaždinska 42000 Varazdin   SKIP_ON_EMPTY        trueParking 50 2000  2000    Slastičarnica Šest  empty 5  Pekara - Austria - Hrana i piće Agent  Varaždinska 42000 Varaždin   SKIP_ON_EMPTY        trueParking 50 2000  2000   ',1,1,NULL,NULL,18,NULL,'image_88.jpg','[\"image_88.jpg\",\"image_87.jpg\",\"image_85.jpg\"]',0,NULL,NULL,NULL,NULL,NULL,NULL,NULL,'::1',NULL);

--
-- Table structure for table `property_lang`
--

DROP TABLE IF EXISTS `property_lang`;
/*!40101 SET @saved_cs_client     = @@character_set_client */;
/*!40101 SET character_set_client = utf8 */;
CREATE TABLE `property_lang` (
  `l_id` int(11) NOT NULL AUTO_INCREMENT,
  `property_id` int(11) NOT NULL,
  `language_id` int(11) NOT NULL,
  `json_object` text COLLATE utf8_unicode_ci,
  `field_36_int` int(11) DEFAULT NULL COMMENT 'Sale price',
  `field_37_int` int(11) DEFAULT NULL COMMENT 'Rent price (excl)',
  `field_55_int` int(11) DEFAULT NULL COMMENT 'Rent price (incl)',
  `field_19_int` int(11) DEFAULT NULL,
  `field_20_int` int(11) DEFAULT NULL,
  `field_58_int` int(11) DEFAULT NULL,
  `field_57_int` int(11) DEFAULT NULL,
  `field_56_int` int(11) DEFAULT NULL,
  `field_59_int` int(11) DEFAULT NULL,
  `field_4` varchar(200) COLLATE utf8_unicode_ci DEFAULT NULL,
  `field_2` varchar(200) COLLATE utf8_unicode_ci DEFAULT NULL,
  `field_5` varchar(200) COLLATE utf8_unicode_ci DEFAULT NULL,
  `field_7` varchar(200) COLLATE utf8_unicode_ci DEFAULT NULL,
  `field_44_int` int(11) DEFAULT NULL,
  PRIMARY KEY (`l_id`),
  KEY `fk_property_lang_property1_idx` (`property_id`),
  KEY `fk_property_lang_language1_idx` (`language_id`),
  CONSTRAINT `fk_property_lang_language1` FOREIGN KEY (`language_id`) REFERENCES `language` (`id`) ON DELETE NO ACTION ON UPDATE NO ACTION,
  CONSTRAINT `fk_property_lang_property1` FOREIGN KEY (`property_id`) REFERENCES `property` (`id`) ON DELETE NO ACTION ON UPDATE NO ACTION
) ENGINE=InnoDB AUTO_INCREMENT=285 DEFAULT CHARSET=utf8 COLLATE=utf8_unicode_ci;
/*!40101 SET character_set_client = @saved_cs_client */;

--
-- Dumping data for table `property_lang`
--

INSERT INTO `property_lang` VALUES (243,1,1,'{\"field_10\":\"Promenade Vatroslava Jagica\",\"field_78\":\"\",\"field_8\":\"<p><span class=\\\"short_text\\\" id=\\\"result_box\\\" lang=\\\"en\\\"><span class=\\\"hps\\\">Varazdin<\\/span> <span class=\\\"hps\\\">park<\\/span> <span class=\\\"hps\\\">near<\\/span> <span class=\\\"hps\\\">the<\\/span> <span class=\\\"hps\\\">center<\\/span><span>,<\\/span> <span class=\\\"hps\\\">a must<\\/span> <span class=\\\"hps\\\">for<\\/span> <span class=\\\"hps alt-edited\\\">walkers<\\/span><span>.<\\/span><\\/span><\\/p>\",\"field_17\":\"<p><span class=\\\"short_text\\\" id=\\\"result_box\\\" lang=\\\"en\\\"><span class=\\\"hps\\\">Varazdin<\\/span> <span class=\\\"hps\\\">park<\\/span> <span class=\\\"hps\\\">near<\\/span> <span class=\\\"hps\\\">the<\\/span> <span class=\\\"hps\\\">center<\\/span><span>,<\\/span> <span class=\\\"hps\\\">a must<\\/span> <span class=\\\"hps\\\">for<\\/span> <span class=\\\"hps alt-edited\\\">walkers<\\/span><span>.<\\/span><\\/span><\\/p>\",\"field_38\":\"empty\",\"field_56\":\"5\",\"field_1\":\"\",\"field_79\":\"Store -\",\"field_64\":\"Croatia - Varaždin -\",\"field_4\":\"Excursion\",\"field_54\":\"Agent\",\"field_36\":\"\",\"field_5\":\"Varaždinska\",\"field_40\":\"42000\",\"field_7\":\"Varazdin\",\"field_66\":\"\",\"field_67\":\"\",\"field_74\":\"SKIP_ON_EMPTY\",\"field_68\":\"\",\"field_69\":\"\",\"field_70\":\"\",\"field_71\":\"\",\"field_72\":\"\",\"field_73\":\"\",\"field_21\":\"\",\"field_27\":\"\",\"field_43\":\"\",\"field_32\":\"true\",\"field_44\":\"20\",\"field_47\":\"500\",\"field_46\":\"\",\"field_45\":\"500\",\"field_9\":\"\",\"field_12\":\"\",\"field_42\":\"\"}',NULL,NULL,NULL,NULL,NULL,NULL,NULL,5,NULL,'Excursion',NULL,'Varaždinska','Varazdin',20),(244,1,2,'{\"field_10\":\"Šetalište Vatroslava Jagića\",\"field_78\":\"\",\"field_8\":\"<p>Varaždinski park pokraj samog Centra, nezaobilazan za šetače.<\\/p>\",\"field_17\":\"<p>Varaždinski park pokraj samog Centra, nezaobilazan za šetače.<\\/p>\",\"field_38\":\"empty\",\"field_56\":\"5\",\"field_1\":\"\",\"field_79\":\"Trgovina -\",\"field_64\":\"Croatia - Varaždin -\",\"field_4\":\"Izleti\",\"field_54\":\"Agent\",\"field_36\":\"\",\"field_5\":\"Varaždinska\",\"field_40\":\"42000\",\"field_7\":\"Varaždin\",\"field_66\":\"\",\"field_67\":\"\",\"field_74\":\"SKIP_ON_EMPTY\",\"field_68\":\"\",\"field_69\":\"\",\"field_70\":\"\",\"field_71\":\"\",\"field_72\":\"\",\"field_73\":\"\",\"field_21\":\"\",\"field_27\":\"\",\"field_43\":\"\",\"field_32\":\"true\",\"field_44\":\"20\",\"field_47\":\"500\",\"field_46\":\"\",\"field_45\":\"500\",\"field_9\":\"\",\"field_12\":\"\",\"field_42\":\"\"}',NULL,NULL,NULL,NULL,NULL,NULL,NULL,5,NULL,'Izleti',NULL,'Varaždinska','Varaždin',20),(245,2,1,'{\"field_10\":\"The Old Town\",\"field_78\":\"\",\"field_8\":\"<p>The Old Town keep is one of the biggest monuments in the city of Varaždin.<\\/p>\",\"field_17\":\"<p>The Old Town keep is one of the biggest monuments in the city of Varaždin and one of its biggest tourist attractions. It is located in the north-western section of the city core. Today the keep houses the Varaždin City Museum.<br \\/>\\r\\n<br \\/>\\r\\nThe keep is first mentioned in the 12th century and it is believed to be the center of Varaždin county life. The keep underwent numerous ownership changes and reconstructions over the centuries.<\\/p>\",\"field_38\":\"empty\",\"field_56\":\"5\",\"field_1\":\"\",\"field_79\":\"Library -\",\"field_64\":\"Croatia - Osijek -\",\"field_4\":\"Excursion\",\"field_54\":\"Agent\",\"field_36\":\"\",\"field_5\":\"Varaždinska\",\"field_40\":\"42000\",\"field_7\":\"Varazdin\",\"field_66\":\"\",\"field_67\":\"\",\"field_74\":\"SKIP_ON_EMPTY\",\"field_68\":\"\",\"field_69\":\"\",\"field_70\":\"\",\"field_71\":\"\",\"field_72\":\"\",\"field_73\":\"\",\"field_21\":\"\",\"field_27\":\"\",\"field_43\":\"\",\"field_32\":\"\",\"field_44\":\"50\",\"field_47\":\"500\",\"field_46\":\"\",\"field_45\":\"2000\",\"field_9\":\"\",\"field_12\":\"\",\"field_42\":\"\"}',NULL,NULL,NULL,NULL,NULL,NULL,NULL,5,NULL,'Excursion',NULL,'Varaždinska','Varazdin',50),(246,2,2,'{\"field_10\":\"Stari Grad\",\"field_78\":\"\",\"field_8\":\"<p>Najveća znamenitost Varaždina je tvrđava zvana Stari grad.<\\/p>\",\"field_17\":\"<p>Najveća znamenitost Varaždina je tvrđava zvana Stari grad. Nalazi se na sjeverozapadnom obodu gradske jezgre, a danas je u njoj smješten Gradski muzej Varaždin.<br \\/>\\r\\n<br \\/>\\r\\nTvrđava se prvi put spominje u 12. stoljeću i vjeruje se da je tada bila sjedište varaždinskih župana. Krajem 14. stoljeća dolazi u vlasništvo grofova Celjskih koji je pregrađuju u gotičkom stilu.<\\/p>\",\"field_38\":\"empty\",\"field_56\":\"5\",\"field_1\":\"\",\"field_79\":\"Knjižnica -\",\"field_64\":\"Croatia - Osijek -\",\"field_4\":\"Izleti\",\"field_54\":\"Agent\",\"field_36\":\"\",\"field_5\":\"Varaždinska\",\"field_40\":\"42000\",\"field_7\":\"Varaždin\",\"field_66\":\"\",\"field_67\":\"\",\"field_74\":\"SKIP_ON_EMPTY\",\"field_68\":\"\",\"field_69\":\"\",\"field_70\":\"\",\"field_71\":\"\",\"field_72\":\"\",\"field_73\":\"\",\"field_21\":\"\",\"field_27\":\"\",\"field_43\":\"\",\"field_32\":\"\",\"field_44\":\"50\",\"field_47\":\"500\",\"field_46\":\"\",\"field_45\":\"2000\",\"field_9\":\"\",\"field_12\":\"\",\"field_42\":\"\"}',NULL,NULL,NULL,NULL,NULL,NULL,NULL,5,NULL,'Izleti',NULL,'Varaždinska','Varaždin',50),(247,3,1,'{\"field_10\":\"Movie Gallery\",\"field_78\":\"\",\"field_8\":\"<p><span id=\\\"result_box\\\" lang=\\\"en\\\"><span class=\\\"hps\\\">Movie<\\/span> <span class=\\\"hps\\\">Gallery<\\/span> <span class=\\\"hps\\\">is located<\\/span> <span class=\\\"hps\\\">at the old CInema<\\/span> <span class=\\\"hps\\\">Gaj<\\/span> <span class=\\\"hps\\\">in the center<\\/span> <span class=\\\"hps\\\">of Varazdin<\\/span><span>.<\\/span><\\/span><\\/p>\",\"field_17\":\"<p><span id=\\\"result_box\\\" lang=\\\"en\\\"><span class=\\\"hps\\\">Movie<\\/span> <span class=\\\"hps\\\">Gallery<\\/span> <span class=\\\"hps\\\">is located<\\/span> <span class=\\\"hps\\\">at the old Cinema<\\/span> <span class=\\\"hps\\\">Gaj<\\/span> <span class=\\\"hps\\\">in the center<\\/span> <span class=\\\"hps\\\">of Varazdin<\\/span><span>.<\\/span><\\/span><\\/p>\",\"field_38\":\"new\",\"field_56\":\"3\",\"field_1\":\"\",\"field_79\":\"Hotel -\",\"field_64\":\"Croatia - Međimurje -\",\"field_4\":\"Fun\",\"field_54\":\"Agent\",\"field_36\":\"\",\"field_5\":\"Varaždinska\",\"field_40\":\"42000\",\"field_7\":\"Varazdin\",\"field_66\":\"\",\"field_67\":\"\",\"field_74\":\"SKIP_ON_EMPTY\",\"field_68\":\"\",\"field_69\":\"\",\"field_70\":\"\",\"field_71\":\"\",\"field_72\":\"\",\"field_73\":\"\",\"field_21\":\"\",\"field_27\":\"\",\"field_43\":\"\",\"field_32\":\"\",\"field_44\":\"1\",\"field_47\":\"1000\",\"field_46\":\"\",\"field_45\":\"1000\",\"field_9\":\"\",\"field_12\":\"\",\"field_42\":\"\"}',NULL,NULL,NULL,NULL,NULL,NULL,NULL,3,NULL,'Fun',NULL,'Varaždinska','Varazdin',1),(248,3,2,'{\"field_10\":\"Kino Galerija\",\"field_78\":\"\",\"field_8\":\"<p>Kino Galerija smješteno je u prostoru bivšeg Kina Gaj u samom centru Varaždina.<\\/p>\",\"field_17\":\"<p>Kino Galerija smješteno je u prostoru bivšeg Kina Gaj u samom centru Varaždina. Kino raspolaže sa 198 stolica na parteru i 144 na balkonu koji nije preuređen, stoga nije u uporabi, osim ako se ne pokaže potreba. Projekcijska dvorana opremljena je s 35-milimetarskim projektorom iz 60-ih godina prošlog stoljeća.<\\/p>\",\"field_38\":\"novo\",\"field_56\":\"3\",\"field_1\":\"\",\"field_79\":\"Hotel -\",\"field_64\":\"Croatia - Međimurje -\",\"field_4\":\"Zabava\",\"field_54\":\"Agent\",\"field_36\":\"\",\"field_5\":\"Varaždinska\",\"field_40\":\"42000\",\"field_7\":\"Varaždin\",\"field_66\":\"\",\"field_67\":\"\",\"field_74\":\"SKIP_ON_EMPTY\",\"field_68\":\"\",\"field_69\":\"\",\"field_70\":\"\",\"field_71\":\"\",\"field_72\":\"\",\"field_73\":\"\",\"field_21\":\"\",\"field_27\":\"\",\"field_43\":\"\",\"field_32\":\"\",\"field_44\":\"1\",\"field_47\":\"1000\",\"field_46\":\"\",\"field_45\":\"1000\",\"field_9\":\"\",\"field_12\":\"\",\"field_42\":\"\"}',NULL,NULL,NULL,NULL,NULL,NULL,NULL,3,NULL,'Zabava',NULL,'Varaždinska','Varaždin',1),(249,4,1,'{\"field_10\":\"Domenico\",\"field_78\":\"\",\"field_8\":\"<p><span id=\\\"result_box\\\" lang=\\\"en\\\"><span class=\\\"hps\\\">Restaurant<\\/span> <span class=\\\"hps\\\">and<\\/span> <span class=\\\"hps\\\">Pizzeria<\\/span> with <span class=\\\"hps\\\">pleasant atmosphere<\\/span> and<span class=\\\"hps alt-edited\\\"> view to the<\\/span> <span class=\\\"hps\\\">park<\\/span><span>.<\\/span><\\/span><\\/p>\",\"field_17\":\"<p><span id=\\\"result_box\\\" lang=\\\"en\\\"><span class=\\\"hps\\\">Restaurant<\\/span> <span class=\\\"hps\\\">and<\\/span> <span class=\\\"hps\\\">Pizzeria<\\/span> with <span class=\\\"hps\\\">pleasant atmosphere<\\/span> and<span class=\\\"hps alt-edited\\\"> view to the<\\/span> <span class=\\\"hps\\\">park<\\/span><span>.<\\/span><\\/span><\\/p>\",\"field_38\":\"empty\",\"field_56\":\"5\",\"field_1\":\"\",\"field_79\":\"Restaurant -\",\"field_64\":\"Croatia - Varaždin -\",\"field_4\":\"Food and drink\",\"field_54\":\"Agent\",\"field_36\":\"\",\"field_5\":\"Varaždinska\",\"field_40\":\"42000\",\"field_7\":\"Varazdin\",\"field_66\":\"\",\"field_67\":\"\",\"field_74\":\"SKIP_ON_EMPTY\",\"field_68\":\"\",\"field_69\":\"\",\"field_70\":\"\",\"field_71\":\"\",\"field_72\":\"\",\"field_73\":\"\",\"field_21\":\"\",\"field_27\":\"\",\"field_43\":\"\",\"field_32\":\"\",\"field_44\":\"300\",\"field_47\":\"500\",\"field_46\":\"\",\"field_45\":\"1300\",\"field_9\":\"\",\"field_12\":\"\",\"field_42\":\"\"}',NULL,NULL,NULL,NULL,NULL,NULL,NULL,5,NULL,'Food and drink',NULL,'Varaždinska','Varazdin',300),(250,4,2,'{\"field_10\":\"Domenico\",\"field_78\":\"\",\"field_8\":\"<p>Restoran i Pizzeria ugodnog ambijenta s pogledom na Park.<\\/p>\",\"field_17\":\"<p>Restoran i Pizzeria ugodnog ambijenta s pogledom na Park.<\\/p>\",\"field_38\":\"empty\",\"field_56\":\"5\",\"field_1\":\"\",\"field_79\":\"Restoran -\",\"field_64\":\"Croatia - Varaždin -\",\"field_4\":\"Hrana i piće\",\"field_54\":\"Agent\",\"field_36\":\"\",\"field_5\":\"Varaždinska\",\"field_40\":\"42000\",\"field_7\":\"Varaždin\",\"field_66\":\"\",\"field_67\":\"\",\"field_74\":\"SKIP_ON_EMPTY\",\"field_68\":\"\",\"field_69\":\"\",\"field_70\":\"\",\"field_71\":\"\",\"field_72\":\"\",\"field_73\":\"\",\"field_21\":\"\",\"field_27\":\"\",\"field_43\":\"\",\"field_32\":\"\",\"field_44\":\"300\",\"field_47\":\"500\",\"field_46\":\"\",\"field_45\":\"1300\",\"field_9\":\"\",\"field_12\":\"\",\"field_42\":\"\"}',NULL,NULL,NULL,NULL,NULL,NULL,NULL,5,NULL,'Hrana i piće',NULL,'Varaždinska','Varaždin',300),(251,5,1,'{\"field_10\":\"Fountain\",\"field_78\":\"\",\"field_8\":\"<p><font face=\\\"Arial, Verdana\\\"><span style=\\\"font-size: 13.3333px;\\\">Bakery Fountain is located near popular park.<\\/span><\\/font><\\/p>\",\"field_17\":\"<p><font face=\\\"Arial, Verdana\\\"><span style=\\\"font-size: 13.3333px;\\\">Bakery Fountain offers a variety of ice creams, cakes, clips and a choice of drinks and is located near popular park.<\\/span><\\/font><\\/p>\",\"field_38\":\"empty\",\"field_56\":\"4\",\"field_1\":\"\",\"field_79\":\"Bakery -\",\"field_64\":\"Croatia - Sisak -\",\"field_4\":\"Food and drink\",\"field_54\":\"Agent\",\"field_36\":\"\",\"field_5\":\"Varaždinska\",\"field_40\":\"42000\",\"field_7\":\"Varazdin\",\"field_66\":\"\",\"field_67\":\"\",\"field_74\":\"SKIP_ON_EMPTY\",\"field_68\":\"\",\"field_69\":\"\",\"field_70\":\"\",\"field_71\":\"\",\"field_72\":\"\",\"field_73\":\"\",\"field_21\":\"\",\"field_27\":\"\",\"field_43\":\"\",\"field_32\":\"true\",\"field_44\":\"500\",\"field_47\":\"500\",\"field_46\":\"\",\"field_45\":\"1500\",\"field_9\":\"\",\"field_12\":\"\",\"field_42\":\"\"}',NULL,NULL,NULL,NULL,NULL,NULL,NULL,4,NULL,'Food and drink',NULL,'Varaždinska','Varazdin',500),(252,5,2,'{\"field_10\":\"Fontana\",\"field_78\":\"\",\"field_8\":\"<p>Slastičarnica Fontana nalazi se preko puta parka.<\\/p>\",\"field_17\":\"<p><span style=\\\"font-size: 13.3333px;\\\">Slastičarnica Fontana u ponudi ima razne sladolede, kolače, klipiće te veliku ponudu pića i nalazi se preko puta parka.<\\/span><\\/p>\",\"field_38\":\"empty\",\"field_56\":\"4\",\"field_1\":\"\",\"field_79\":\"Pekara -\",\"field_64\":\"Croatia - Sisak -\",\"field_4\":\"Hrana i piće\",\"field_54\":\"Agent\",\"field_36\":\"\",\"field_5\":\"Varaždinska\",\"field_40\":\"42000\",\"field_7\":\"Varaždin\",\"field_66\":\"\",\"field_67\":\"\",\"field_74\":\"SKIP_ON_EMPTY\",\"field_68\":\"\",\"field_69\":\"\",\"field_70\":\"\",\"field_71\":\"\",\"field_72\":\"\",\"field_73\":\"\",\"field_21\":\"\",\"field_27\":\"\",\"field_43\":\"\",\"field_32\":\"true\",\"field_44\":\"500\",\"field_47\":\"500\",\"field_46\":\"\",\"field_45\":\"1500\",\"field_9\":\"\",\"field_12\":\"\",\"field_42\":\"\"}',NULL,NULL,NULL,NULL,NULL,NULL,NULL,4,NULL,'Hrana i piće',NULL,'Varaždinska','Varaždin',500),(253,6,1,'{\"field_10\":\"Coffeehouse\",\"field_78\":\"\",\"field_8\":\"<p>Dora Cafe offers daily fresh homemade cookies, cakes and indigenous traditional sweets from Varazdin area.<\\/p>\",\"field_17\":\"<p>Dora Cafe offers daily fresh homemade cookies, cakes and indigenous traditional sweets from Varazdin area.<\\/p>\",\"field_38\":\"empty\",\"field_56\":\"5\",\"field_1\":\"\",\"field_79\":\"Coffee bar -\",\"field_64\":\"Croatia - Istria -\",\"field_4\":\"Food and drink\",\"field_54\":\"Agent\",\"field_36\":\"\",\"field_5\":\"Varaždinska\",\"field_40\":\"42000\",\"field_7\":\"Varazdin\",\"field_66\":\"\",\"field_67\":\"\",\"field_74\":\"SKIP_ON_EMPTY\",\"field_68\":\"\",\"field_69\":\"\",\"field_70\":\"\",\"field_71\":\"\",\"field_72\":\"\",\"field_73\":\"\",\"field_21\":\"\",\"field_27\":\"\",\"field_43\":\"\",\"field_32\":\"\",\"field_44\":\"100\",\"field_47\":\"600\",\"field_46\":\"\",\"field_45\":\"2000\",\"field_9\":\"\",\"field_12\":\"\",\"field_42\":\"\"}',NULL,NULL,NULL,NULL,NULL,NULL,NULL,5,NULL,'Food and drink',NULL,'Varaždinska','Varazdin',100),(254,6,2,'{\"field_10\":\"Kavana Dora\",\"field_78\":\"\",\"field_8\":\"<p>Kavana Dora nudi doživljaj prave srednjeeuropske kavane.<\\/p>\",\"field_17\":\"<p>Kavana Dora nudi dnevno svježe domaće kolače, torte te autohtone tradicionalne slastice varaždinskog kraja.<\\/p>\",\"field_38\":\"empty\",\"field_56\":\"5\",\"field_1\":\"\",\"field_79\":\"Caffe bar -\",\"field_64\":\"Croatia - Istria -\",\"field_4\":\"Hrana i piće\",\"field_54\":\"Agent\",\"field_36\":\"\",\"field_5\":\"Varaždinska\",\"field_40\":\"42000\",\"field_7\":\"Varaždin\",\"field_66\":\"\",\"field_67\":\"\",\"field_74\":\"SKIP_ON_EMPTY\",\"field_68\":\"\",\"field_69\":\"\",\"field_70\":\"\",\"field_71\":\"\",\"field_72\":\"\",\"field_73\":\"\",\"field_21\":\"\",\"field_27\":\"\",\"field_43\":\"\",\"field_32\":\"\",\"field_44\":\"100\",\"field_47\":\"600\",\"field_46\":\"\",\"field_45\":\"2000\",\"field_9\":\"\",\"field_12\":\"\",\"field_42\":\"\"}',NULL,NULL,NULL,NULL,NULL,NULL,NULL,5,NULL,'Hrana i piće',NULL,'Varaždinska','Varaždin',100),(255,7,1,'{\"field_10\":\"NK Varteks\",\"field_78\":\"\",\"field_8\":\"<p><font face=\\\"Arial, Verdana\\\"><span style=\\\"font-size: 13.3333px;\\\">The stadium NK Varteks held the premier league matches.<\\/span><\\/font><\\/p>\",\"field_17\":\"<p><font face=\\\"Arial, Verdana\\\"><span style=\\\"font-size: 13.3333px;\\\">The stadium NK Varteks held the premier league matches.<\\/span><\\/font><\\/p>\",\"field_38\":\"empty\",\"field_56\":\"4\",\"field_1\":\"\",\"field_79\":\"Store -\",\"field_64\":\"Austria -\",\"field_4\":\"Sport\",\"field_54\":\"Agent\",\"field_36\":\"\",\"field_5\":\"Varaždinska\",\"field_40\":\"42000\",\"field_7\":\"Varazdin\",\"field_66\":\"\",\"field_67\":\"\",\"field_74\":\"SKIP_ON_EMPTY\",\"field_68\":\"\",\"field_69\":\"\",\"field_70\":\"\",\"field_71\":\"\",\"field_72\":\"\",\"field_73\":\"\",\"field_21\":\"\",\"field_27\":\"\",\"field_43\":\"\",\"field_32\":\"true\",\"field_44\":\"3000\",\"field_47\":\"3000\",\"field_46\":\"\",\"field_45\":\"2000\",\"field_9\":\"\",\"field_12\":\"\",\"field_42\":\"\"}',NULL,NULL,NULL,NULL,NULL,NULL,NULL,4,NULL,'Sport',NULL,'Varaždinska','Varazdin',3000),(256,7,2,'{\"field_10\":\"NK Varteks\",\"field_78\":\"\",\"field_8\":\"<p>Na stadionu NK Varteks održavaju se prvoligaške utakmice.<\\/p>\",\"field_17\":\"<p><span style=\\\"font-size: 13.3333px;\\\">Na stadionu NK Varteks održavaju se prvoligaške utakmice.<\\/span><\\/p>\",\"field_38\":\"empty\",\"field_56\":\"4\",\"field_1\":\"\",\"field_79\":\"Trgovina -\",\"field_64\":\"Austria -\",\"field_4\":\"Sport\",\"field_54\":\"Agent\",\"field_36\":\"\",\"field_5\":\"Varaždinska\",\"field_40\":\"42000\",\"field_7\":\"Varazdin\",\"field_66\":\"\",\"field_67\":\"\",\"field_74\":\"SKIP_ON_EMPTY\",\"field_68\":\"\",\"field_69\":\"\",\"field_70\":\"\",\"field_71\":\"\",\"field_72\":\"\",\"field_73\":\"\",\"field_21\":\"\",\"field_27\":\"\",\"field_43\":\"\",\"field_32\":\"true\",\"field_44\":\"3000\",\"field_47\":\"3000\",\"field_46\":\"\",\"field_45\":\"2000\",\"field_9\":\"\",\"field_12\":\"\",\"field_42\":\"\"}',NULL,NULL,NULL,NULL,NULL,NULL,NULL,4,NULL,'Sport',NULL,'Varaždinska','Varazdin',3000),(257,8,1,'{\"field_10\":\"Faculty of Organization and Informatics\",\"field_78\":\"\",\"field_8\":\"<p>University of Zagreb School of Medicine<\\/p>\",\"field_17\":\"\",\"field_38\":\"empty\",\"field_56\":\"4\",\"field_1\":\"\",\"field_79\":\"Library -\",\"field_64\":\"Croatia - Zagreb -\",\"field_4\":\"Learning\",\"field_54\":\"Agent\",\"field_36\":\"\",\"field_5\":\"Varaždinska\",\"field_40\":\"42000\",\"field_7\":\"Varazdin\",\"field_66\":\"\",\"field_67\":\"\",\"field_74\":\"SKIP_ON_EMPTY\",\"field_68\":\"\",\"field_69\":\"\",\"field_70\":\"\",\"field_71\":\"\",\"field_72\":\"\",\"field_73\":\"\",\"field_21\":\"\",\"field_27\":\"\",\"field_43\":\"\",\"field_32\":\"\",\"field_44\":\"1\",\"field_47\":\"1000\",\"field_46\":\"\",\"field_45\":\"1000\",\"field_9\":\"\",\"field_12\":\"\",\"field_42\":\"\"}',NULL,NULL,NULL,NULL,NULL,NULL,NULL,4,NULL,'Learning',NULL,'Varaždinska','Varazdin',1),(258,8,2,'{\"field_10\":\"Fakultet organizacije i informatike\",\"field_78\":\"\",\"field_8\":\"<p>Fakultet organizacije i informatike jedna je od 33 sastavnice Sveučilišta u Zagrebu.<\\/p>\",\"field_17\":\"<p>Fakultet informatike i organizacije postoji već 51 godinu. Prvih 12 godine djelovao je kao visoka ekonomska škola, a od 1974. godine djeluje kao fakultet i jedini je koji obrazovnim i znanstvenoistraživačkim programom isključivo pokriva područje informacijskih znanosti, odnosno informatike.<\\/p>\",\"field_38\":\"empty\",\"field_56\":\"4\",\"field_1\":\"\",\"field_79\":\"Knjižnica -\",\"field_64\":\"Croatia - Zagreb -\",\"field_4\":\"Učenje\",\"field_54\":\"Agent\",\"field_36\":\"\",\"field_5\":\"Varaždinska\",\"field_40\":\"42000\",\"field_7\":\"Varaždin\",\"field_66\":\"\",\"field_67\":\"\",\"field_74\":\"SKIP_ON_EMPTY\",\"field_68\":\"\",\"field_69\":\"\",\"field_70\":\"\",\"field_71\":\"\",\"field_72\":\"\",\"field_73\":\"\",\"field_21\":\"\",\"field_27\":\"\",\"field_43\":\"\",\"field_32\":\"\",\"field_44\":\"1\",\"field_47\":\"1000\",\"field_46\":\"\",\"field_45\":\"1000\",\"field_9\":\"\",\"field_12\":\"\",\"field_42\":\"\"}',NULL,NULL,NULL,NULL,NULL,NULL,NULL,4,NULL,'Učenje',NULL,'Varaždinska','Varaždin',1),(259,9,1,'{\"field_10\":\"Supernova\",\"field_78\":\"\",\"field_8\":\"<p>Shopping park Supernova na zapadnom ulazu u Varaždin.<\\/p>\",\"field_17\":\"<p>Shopping park Supernova&nbsp;<span style=\\\"font-size: 13.3333px;\\\">na zapadnom ulazu u Varaždin s više od 20 trgovina i velikim parkingom. Autobusna lijija ga povezuje s centrom.<\\/span><\\/p>\",\"field_38\":\"empty\",\"field_56\":\"4\",\"field_1\":\"\",\"field_79\":\"Store -\",\"field_64\":\"Croatia - Osijek -\",\"field_4\":\"Shopping\",\"field_54\":\"Agent\",\"field_36\":\"\",\"field_5\":\"Varaždinska\",\"field_40\":\"42000\",\"field_7\":\"Varazdin\",\"field_66\":\"\",\"field_67\":\"\",\"field_74\":\"SKIP_ON_EMPTY\",\"field_68\":\"\",\"field_69\":\"\",\"field_70\":\"\",\"field_71\":\"\",\"field_72\":\"\",\"field_73\":\"\",\"field_21\":\"\",\"field_27\":\"\",\"field_43\":\"\",\"field_32\":\"true\",\"field_44\":\"4000\",\"field_47\":\"20\",\"field_46\":\"\",\"field_45\":\"5000\",\"field_9\":\"\",\"field_12\":\"\",\"field_42\":\"\"}',NULL,NULL,NULL,NULL,NULL,NULL,NULL,4,NULL,'Shopping',NULL,'Varaždinska','Varazdin',4000),(260,9,2,'{\"field_10\":\"Supernova\",\"field_78\":\"\",\"field_8\":\"<p>Shopping park Supernova na zapadnom ulazu u Varaždin.<\\/p>\",\"field_17\":\"<p>Shopping park Supernova&nbsp;<span style=\\\"font-size: 13.3333px;\\\">na zapadnom ulazu u Varaždin s više od 20 trgovina i velikim parkingom. Autobusna linija ga povezuje s centrom.<\\/span><\\/p>\",\"field_38\":\"empty\",\"field_56\":\"4\",\"field_1\":\"\",\"field_79\":\"Trgovina -\",\"field_64\":\"Croatia - Osijek -\",\"field_4\":\"Shopping\",\"field_54\":\"Agent\",\"field_36\":\"\",\"field_5\":\"Varaždinska\",\"field_40\":\"42000\",\"field_7\":\"Varazdin\",\"field_66\":\"\",\"field_67\":\"\",\"field_74\":\"SKIP_ON_EMPTY\",\"field_68\":\"\",\"field_69\":\"\",\"field_70\":\"\",\"field_71\":\"\",\"field_72\":\"\",\"field_73\":\"\",\"field_21\":\"\",\"field_27\":\"\",\"field_43\":\"\",\"field_32\":\"true\",\"field_44\":\"4000\",\"field_47\":\"20\",\"field_46\":\"\",\"field_45\":\"5000\",\"field_9\":\"\",\"field_12\":\"\",\"field_42\":\"\"}',NULL,NULL,NULL,NULL,NULL,NULL,NULL,4,NULL,'Shopping',NULL,'Varaždinska','Varazdin',4000),(261,10,1,'{\"field_10\":\"Mea Culpa Bar\",\"field_78\":\"\",\"field_8\":\"\",\"field_17\":\"<p><font face=\\\"Arial, Verdana\\\"><span style=\\\"font-size: 13.3333px;\\\">Mea Culpa Bar is located in the city center with a terrace on the square Miljnka Stančića where you have a direct view of the Old Town.<\\/span><\\/font><\\/p>\",\"field_38\":\"empty\",\"field_56\":\"5\",\"field_1\":\"\",\"field_79\":\"Night Club -\",\"field_64\":\"Croatia - Varaždin -\",\"field_4\":\"Fun\",\"field_54\":\"Agent\",\"field_36\":\"\",\"field_5\":\"Varaždinska\",\"field_40\":\"42000\",\"field_7\":\"Varazdin\",\"field_66\":\"\",\"field_67\":\"\",\"field_74\":\"SKIP_ON_EMPTY\",\"field_68\":\"\",\"field_69\":\"\",\"field_70\":\"\",\"field_71\":\"\",\"field_72\":\"\",\"field_73\":\"\",\"field_21\":\"\",\"field_27\":\"\",\"field_43\":\"\",\"field_32\":\"\",\"field_44\":\"400\",\"field_47\":\"1000\",\"field_46\":\"\",\"field_45\":\"3000\",\"field_9\":\"\",\"field_12\":\"\",\"field_42\":\"\"}',NULL,NULL,NULL,NULL,NULL,NULL,NULL,5,NULL,'Fun',NULL,'Varaždinska','Varazdin',400),(262,10,2,'{\"field_10\":\"Mea Culpa Bar\",\"field_78\":\"\",\"field_8\":\"<p>Mea Culpa Bar smješten je u staroj gradskoj jezgri.<\\/p>\",\"field_17\":\"<p><span style=\\\"font-size: 13.3333px;\\\">Mea Culpa Bar smješten je u staroj gradskoj jezgri u starom centru grada s terasom na Trgu Miljnka Stančića s koje imate izravan pogled na tvrđavu Stari grad.<\\/span><\\/p>\",\"field_38\":\"empty\",\"field_56\":\"5\",\"field_1\":\"\",\"field_79\":\"Noćni Klub -\",\"field_64\":\"Croatia - Varaždin -\",\"field_4\":\"Zabava\",\"field_54\":\"Agent\",\"field_36\":\"\",\"field_5\":\"Varaždinska\",\"field_40\":\"42000\",\"field_7\":\"Varaždin\",\"field_66\":\"\",\"field_67\":\"\",\"field_74\":\"SKIP_ON_EMPTY\",\"field_68\":\"\",\"field_69\":\"\",\"field_70\":\"\",\"field_71\":\"\",\"field_72\":\"\",\"field_73\":\"\",\"field_21\":\"\",\"field_27\":\"\",\"field_43\":\"\",\"field_32\":\"\",\"field_44\":\"400\",\"field_47\":\"1000\",\"field_46\":\"\",\"field_45\":\"3000\",\"field_9\":\"\",\"field_12\":\"\",\"field_42\":\"\"}',NULL,NULL,NULL,NULL,NULL,NULL,NULL,5,NULL,'Zabava',NULL,'Varaždinska','Varaždin',400),(263,11,1,'{\"field_10\":\"Center, Korzo\",\"field_78\":\"\",\"field_8\":\"<p><font face=\\\"Arial, Verdana\\\"><span style=\\\"font-size: 13.3333px;\\\">King Tomislav Square Varazdin central square called Korzo<\\/span><\\/font><span style=\\\"font-size: 13.3333px; font-family: Arial, Verdana;\\\">.<\\/span><\\/p>\",\"field_17\":\"<p><font face=\\\"Arial, Verdana\\\"><span style=\\\"font-size: 13.3333px;\\\">King Tomislav Square Varazdin central square called Korzo, the hall, the cathedral university and other sights.<\\/span><\\/font><\\/p>\",\"field_38\":\"empty\",\"field_56\":\"4\",\"field_1\":\"\",\"field_79\":\"Coffee bar -\",\"field_64\":\"Germany -\",\"field_4\":\"Excursion\",\"field_54\":\"Agent\",\"field_36\":\"\",\"field_5\":\"Varaždinska\",\"field_40\":\"42000\",\"field_7\":\"Varazdin\",\"field_66\":\"\",\"field_67\":\"\",\"field_74\":\"SKIP_ON_EMPTY\",\"field_68\":\"\",\"field_69\":\"\",\"field_70\":\"\",\"field_71\":\"\",\"field_72\":\"\",\"field_73\":\"\",\"field_21\":\"\",\"field_27\":\"\",\"field_43\":\"\",\"field_32\":\"\",\"field_44\":\"1\",\"field_47\":\"1500\",\"field_46\":\"\",\"field_45\":\"2000\",\"field_9\":\"\",\"field_12\":\"\",\"field_42\":\"\"}',NULL,NULL,NULL,NULL,NULL,NULL,NULL,4,NULL,'Excursion',NULL,'Varaždinska','Varazdin',1),(264,11,2,'{\"field_10\":\"Korzo\",\"field_78\":\"\",\"field_8\":\"<p>Trg Kralja Tomislava centralni varaždinski trg takozvai Korzo.<\\/p>\",\"field_17\":\"<p><span style=\\\"font-size: 13.3333px;\\\">Trg Kralja Tomislava centralni varaždinski trg takozvai Korzo, s vječnicom, katedralom fakultetom i drugom znamenitostima.<\\/span><\\/p>\",\"field_38\":\"empty\",\"field_56\":\"4\",\"field_1\":\"\",\"field_79\":\"Caffe bar -\",\"field_64\":\"Germany -\",\"field_4\":\"Izleti\",\"field_54\":\"Agent\",\"field_36\":\"\",\"field_5\":\"Varaždinska\",\"field_40\":\"42000\",\"field_7\":\"Varaždin\",\"field_66\":\"\",\"field_67\":\"\",\"field_74\":\"SKIP_ON_EMPTY\",\"field_68\":\"\",\"field_69\":\"\",\"field_70\":\"\",\"field_71\":\"\",\"field_72\":\"\",\"field_73\":\"\",\"field_21\":\"\",\"field_27\":\"\",\"field_43\":\"\",\"field_32\":\"\",\"field_44\":\"1\",\"field_47\":\"1500\",\"field_46\":\"\",\"field_45\":\"2000\",\"field_9\":\"\",\"field_12\":\"\",\"field_42\":\"\"}',NULL,NULL,NULL,NULL,NULL,NULL,NULL,4,NULL,'Izleti',NULL,'Varaždinska','Varaždin',1),(265,12,1,'{\"field_10\":\"Franjevački trg\",\"field_78\":\"\",\"field_8\":\"<p><span style=\\\"font-size: 13.3333px;\\\">On the square are situated a Franciscan monastery and church of St. Ivana Baptist.<\\/span><\\/p>\",\"field_17\":\"<div><font face=\\\"Arial, Verdana\\\"><span style=\\\"font-size: 13.3333px;\\\">On the square are situated a Franciscan monastery and church of St. Ivana Baptist.<\\/span><\\/font><\\/div>\\r\\n\\r\\n<div><font face=\\\"Arial, Verdana\\\"><span style=\\\"font-size: 13.3333px;\\\">Next to the church is the statue of Gregory of Nin, made by Croatian sculptor Ivan Mestrovic.<\\/span><\\/font><\\/div>\",\"field_38\":\"empty\",\"field_56\":\"4\",\"field_1\":\"\",\"field_79\":\"Coffee bar -\",\"field_64\":\"Croatia - Međimurje -\",\"field_4\":\"Excursion\",\"field_54\":\"Agent\",\"field_36\":\"\",\"field_5\":\"Varaždinska\",\"field_40\":\"42000\",\"field_7\":\"Varazdin\",\"field_66\":\"\",\"field_67\":\"\",\"field_74\":\"SKIP_ON_EMPTY\",\"field_68\":\"\",\"field_69\":\"\",\"field_70\":\"\",\"field_71\":\"\",\"field_72\":\"\",\"field_73\":\"\",\"field_21\":\"\",\"field_27\":\"\",\"field_43\":\"\",\"field_32\":\"\",\"field_44\":\"100\",\"field_47\":\"1500\",\"field_46\":\"\",\"field_45\":\"3000\",\"field_9\":\"\",\"field_12\":\"\",\"field_42\":\"\"}',NULL,NULL,NULL,NULL,NULL,NULL,NULL,4,NULL,'Excursion',NULL,'Varaždinska','Varazdin',100),(266,12,2,'{\"field_10\":\"Franjevački trg\",\"field_78\":\"\",\"field_8\":\"<p>Na trgu su smješteni franjevački samostan i Carkva sv. Ivana Krstitelja<\\/p>\",\"field_17\":\"<p><span style=\\\"font-size: 13.3333px;\\\">Na trgu su smješteni franjevački samostan i Carkva sv. Ivana Krstitelja.<\\/span><\\/p>\\r\\n\\r\\n<div>Uz crkvu je postavljen kip Grgura Ninskog, koji je&nbsp;<span style=\\\"color: rgb(37, 37, 37); font-family: sans-serif; font-size: 14px; line-height: 22.4px; background-color: rgb(255, 255, 255);\\\">izradio hrvatski kipar Ivan Meštrović.<\\/span><\\/div>\",\"field_38\":\"empty\",\"field_56\":\"4\",\"field_1\":\"\",\"field_79\":\"Caffe bar -\",\"field_64\":\"Croatia - Međimurje -\",\"field_4\":\"Izleti\",\"field_54\":\"Agent\",\"field_36\":\"\",\"field_5\":\"Varaždinska\",\"field_40\":\"42000\",\"field_7\":\"Varaždin\",\"field_66\":\"\",\"field_67\":\"\",\"field_74\":\"SKIP_ON_EMPTY\",\"field_68\":\"\",\"field_69\":\"\",\"field_70\":\"\",\"field_71\":\"\",\"field_72\":\"\",\"field_73\":\"\",\"field_21\":\"\",\"field_27\":\"\",\"field_43\":\"\",\"field_32\":\"\",\"field_44\":\"100\",\"field_47\":\"1500\",\"field_46\":\"\",\"field_45\":\"3000\",\"field_9\":\"\",\"field_12\":\"\",\"field_42\":\"\"}',NULL,NULL,NULL,NULL,NULL,NULL,NULL,4,NULL,'Izleti',NULL,'Varaždinska','Varaždin',100),(267,13,1,'{\"field_10\":\"Hotel Turist\",\"field_78\":\"\",\"field_8\":\"<p>Tourist Hotel was founded in 1964 on the model of the Varazdin &quot;Grand Hotels&quot;.<\\/p>\",\"field_17\":\"<p><span style=\\\"font-family: \'Segoe UI\', Arial, sans-serif; font-size: 14px; line-height: 23px; background-color: rgb(255, 255, 255);\\\">Hotel Turist utemeljen je 1964.godine po uzoru na stare varaždinske &quot;grand hotele&quot;. S<\\/span><span style=\\\"font-family: \'Segoe UI\', Arial, sans-serif; font-size: 14px; line-height: 23px; background-color: rgb(255, 255, 255);\\\">avršena je destinacija za odmor i relaksaciju, svojim gostima nudi smještaj kapaciteta od 174 ležaja.&nbsp;<\\/span><\\/p>\",\"field_38\":\"empty\",\"field_56\":\"4\",\"field_1\":\"\",\"field_79\":\"Hotel -\",\"field_64\":\"Croatia - Zadar -\",\"field_4\":\"Sleeping\",\"field_54\":\"Agent\",\"field_36\":\"\",\"field_5\":\"Varaždinska\",\"field_40\":\"42000\",\"field_7\":\"Varazdin\",\"field_66\":\"\",\"field_67\":\"\",\"field_74\":\"SKIP_ON_EMPTY\",\"field_68\":\"\",\"field_69\":\"\",\"field_70\":\"\",\"field_71\":\"\",\"field_72\":\"\",\"field_73\":\"\",\"field_21\":\"\",\"field_27\":\"\",\"field_43\":\"\",\"field_32\":\"true\",\"field_44\":\"1500\",\"field_47\":\"1000\",\"field_46\":\"\",\"field_45\":\"1500\",\"field_9\":\"\",\"field_12\":\"\",\"field_42\":\"\"}',NULL,NULL,NULL,NULL,NULL,NULL,NULL,4,NULL,'Sleeping',NULL,'Varaždinska','Varazdin',1500),(268,13,2,'{\"field_10\":\"Hotel Turist\",\"field_78\":\"\",\"field_8\":\"<p>Hotel Turist utemeljen je 1964.godine po uzoru na stare varaždinske &quot;grand hotele&quot;.<\\/p>\",\"field_17\":\"<p><span style=\\\"font-family: \'Segoe UI\', Arial, sans-serif; font-size: 14px; line-height: 23px; background-color: rgb(255, 255, 255);\\\">Hotel Turist utemeljen je 1964.godine po uzoru na stare varaždinske &quot;grand hotele&quot;. S<\\/span><span style=\\\"font-family: \'Segoe UI\', Arial, sans-serif; font-size: 14px; line-height: 23px; background-color: rgb(255, 255, 255);\\\">avršena je destinacija za odmor i relaksaciju, svojim gostima nudi smještaj kapaciteta od 174 ležaja.&nbsp;<\\/span><\\/p>\",\"field_38\":\"empty\",\"field_56\":\"4\",\"field_1\":\"\",\"field_79\":\"Hotel -\",\"field_64\":\"Croatia - Zadar -\",\"field_4\":\"Spavanje\",\"field_54\":\"Agent\",\"field_36\":\"\",\"field_5\":\"Varaždinska\",\"field_40\":\"42000\",\"field_7\":\"Varaždin\",\"field_66\":\"\",\"field_67\":\"\",\"field_74\":\"SKIP_ON_EMPTY\",\"field_68\":\"\",\"field_69\":\"\",\"field_70\":\"\",\"field_71\":\"\",\"field_72\":\"\",\"field_73\":\"\",\"field_21\":\"\",\"field_27\":\"\",\"field_43\":\"\",\"field_32\":\"true\",\"field_44\":\"1500\",\"field_47\":\"1000\",\"field_46\":\"\",\"field_45\":\"1500\",\"field_9\":\"\",\"field_12\":\"\",\"field_42\":\"\"}',NULL,NULL,NULL,NULL,NULL,NULL,NULL,4,NULL,'Spavanje',NULL,'Varaždinska','Varaždin',1500),(269,14,1,'{\"field_10\":\"Opća bolnica Varaždin\",\"field_78\":\"\",\"field_8\":\"<p><font face=\\\"Arial, Verdana\\\"><span style=\\\"font-size: 13.3333px;\\\">The largest hospital in Varazdin County.<\\/span><\\/font><\\/p>\",\"field_17\":\"<p><font face=\\\"Arial, Verdana\\\"><span style=\\\"font-size: 13.3333px;\\\">The largest hospital in Varazdin County.<\\/span><\\/font><\\/p>\",\"field_38\":\"empty\",\"field_56\":\"3\",\"field_1\":\"\",\"field_79\":\"Hotel -\",\"field_64\":\"Croatia - Osijek -\",\"field_4\":\"Emergency\",\"field_54\":\"Agent\",\"field_36\":\"\",\"field_5\":\"Varaždinska\",\"field_40\":\"42000\",\"field_7\":\"Varazdin\",\"field_66\":\"\",\"field_67\":\"\",\"field_74\":\"SKIP_ON_EMPTY\",\"field_68\":\"\",\"field_69\":\"\",\"field_70\":\"\",\"field_71\":\"\",\"field_72\":\"\",\"field_73\":\"\",\"field_21\":\"\",\"field_27\":\"\",\"field_43\":\"\",\"field_32\":\"true\",\"field_44\":\"2000\",\"field_47\":\"500\",\"field_46\":\"\",\"field_45\":\"3000\",\"field_9\":\"\",\"field_12\":\"\",\"field_42\":\"\"}',NULL,NULL,NULL,NULL,NULL,NULL,NULL,3,NULL,'Emergency',NULL,'Varaždinska','Varazdin',2000),(270,14,2,'{\"field_10\":\"Opća bolnica Varaždin\",\"field_78\":\"\",\"field_8\":\"<p>Najveća bolnička ustanova u Varaždinskoj županiji.<\\/p>\",\"field_17\":\"\",\"field_38\":\"empty\",\"field_56\":\"3\",\"field_1\":\"\",\"field_79\":\"Hotel -\",\"field_64\":\"Croatia - Osijek -\",\"field_4\":\"Prva pomoć\",\"field_54\":\"Agent\",\"field_36\":\"\",\"field_5\":\"Varaždinska\",\"field_40\":\"42000\",\"field_7\":\"Varaždin\",\"field_66\":\"\",\"field_67\":\"\",\"field_74\":\"SKIP_ON_EMPTY\",\"field_68\":\"\",\"field_69\":\"\",\"field_70\":\"\",\"field_71\":\"\",\"field_72\":\"\",\"field_73\":\"\",\"field_21\":\"\",\"field_27\":\"\",\"field_43\":\"\",\"field_32\":\"true\",\"field_44\":\"2000\",\"field_47\":\"500\",\"field_46\":\"\",\"field_45\":\"3000\",\"field_9\":\"\",\"field_12\":\"\",\"field_42\":\"\"}',NULL,NULL,NULL,NULL,NULL,NULL,NULL,3,NULL,'Prva pomoć',NULL,'Varaždinska','Varaždin',2000),(271,15,1,'{\"field_10\":\"PU varaždinska\",\"field_78\":\"\",\"field_8\":\"<p><span style=\\\"font-size: 13.3333px;\\\">In the area of the Police Department monitors, analyzes and prevent a situation of public order, road safety and the issue of misdemeanors and offenses.<\\/span><\\/p>\",\"field_17\":\"<p><font face=\\\"Arial, Verdana\\\"><span style=\\\"font-size: 13.3333px;\\\">In the area of the Police Department monitors, analyzes and prevent a situation of public order, road safety and the issue of misdemeanors and offenses. Monitors the state of explosion protection, ensuring public meetings, facilities and people, and organizes professional development for employees.<\\/span><\\/font><\\/p>\",\"field_38\":\"empty\",\"field_56\":\"5\",\"field_1\":\"\",\"field_79\":\"Store -\",\"field_64\":\"Croatia - Međimurje -\",\"field_4\":\"Emergency\",\"field_54\":\"Agent\",\"field_36\":\"\",\"field_5\":\"Varaždinska\",\"field_40\":\"42000\",\"field_7\":\"Varazdin\",\"field_66\":\"\",\"field_67\":\"\",\"field_74\":\"SKIP_ON_EMPTY\",\"field_68\":\"\",\"field_69\":\"\",\"field_70\":\"\",\"field_71\":\"\",\"field_72\":\"\",\"field_73\":\"\",\"field_21\":\"\",\"field_27\":\"\",\"field_43\":\"\",\"field_32\":\"true\",\"field_44\":\"1500\",\"field_47\":\"2000\",\"field_46\":\"\",\"field_45\":\"1000\",\"field_9\":\"\",\"field_12\":\"\",\"field_42\":\"\"}',NULL,NULL,NULL,NULL,NULL,NULL,NULL,5,NULL,'Emergency',NULL,'Varaždinska','Varazdin',1500),(272,15,2,'{\"field_10\":\"PU varaždinska\",\"field_78\":\"\",\"field_8\":\"<div style=\\\"text-align: justify;\\\"><font face=\\\"Arial, sans-serif\\\"><span style=\\\"font-size: 11px; line-height: 17px;\\\">Na području Policijske uprave prati, analizira i prevenira stanje javnog reda, sigurnosti cestovnog prometa te problematiku prijestupa i prekršaja.<\\/span><\\/font><\\/div>\",\"field_17\":\"<p><span style=\\\"font-family: Arial, sans-serif; font-size: 11px; line-height: 17px; text-align: justify;\\\">Na području Policijske uprave prati, analizira i prevenira stanje javnog reda, sigurnosti cestovnog prometa te problematiku prijestupa i prekršaja. Prati stanje protueksplozijske zaštite, osiguranja javnih okupljanja, objekata i osoba te organizira stručno usavršavanje djelatnika.<\\/span><\\/p>\",\"field_38\":\"empty\",\"field_56\":\"5\",\"field_1\":\"\",\"field_79\":\"Trgovina -\",\"field_64\":\"Croatia - Međimurje -\",\"field_4\":\"Prva pomoć\",\"field_54\":\"Agent\",\"field_36\":\"\",\"field_5\":\"Varaždinska\",\"field_40\":\"42000\",\"field_7\":\"Varaždin\",\"field_66\":\"\",\"field_67\":\"\",\"field_74\":\"SKIP_ON_EMPTY\",\"field_68\":\"\",\"field_69\":\"\",\"field_70\":\"\",\"field_71\":\"\",\"field_72\":\"\",\"field_73\":\"\",\"field_21\":\"\",\"field_27\":\"\",\"field_43\":\"\",\"field_32\":\"true\",\"field_44\":\"1500\",\"field_47\":\"2000\",\"field_46\":\"\",\"field_45\":\"1000\",\"field_9\":\"\",\"field_12\":\"\",\"field_42\":\"\"}',NULL,NULL,NULL,NULL,NULL,NULL,NULL,5,NULL,'Prva pomoć',NULL,'Varaždinska','Varaždin',1500),(273,16,1,'{\"field_10\":\"AP Varaždin\",\"field_78\":\"\",\"field_8\":\"<p>both of passengers and cargo<\\/p>\",\"field_17\":\"<p><span style=\\\"color: rgb(51, 51, 51); font-family: Helvetica, Arial, sans-serif; font-size: 12px; line-height: 17.1429px; background-color: rgb(255, 255, 255);\\\">Autobusni promet d.d. Varaždin je poduzeće s osnovnom djelatnošću prijevoza putnika u domaćem i međunarodnom cestovnom prometu.&nbsp;<\\/span><\\/p>\",\"field_38\":\"empty\",\"field_56\":\"4\",\"field_1\":\"\",\"field_79\":\"Store -\",\"field_64\":\"Croatia - Varaždin -\",\"field_4\":\"Transport\",\"field_54\":\"Agent\",\"field_36\":\"\",\"field_5\":\"Varaždinska\",\"field_40\":\"42000\",\"field_7\":\"Varazdin\",\"field_66\":\"\",\"field_67\":\"\",\"field_74\":\"SKIP_ON_EMPTY\",\"field_68\":\"\",\"field_69\":\"\",\"field_70\":\"\",\"field_71\":\"\",\"field_72\":\"\",\"field_73\":\"\",\"field_21\":\"\",\"field_27\":\"\",\"field_43\":\"\",\"field_32\":\"true\",\"field_44\":\"1000\",\"field_47\":\"1\",\"field_46\":\"\",\"field_45\":\"3000\",\"field_9\":\"\",\"field_12\":\"\",\"field_42\":\"\"}',NULL,NULL,NULL,NULL,NULL,NULL,NULL,4,NULL,'Transport',NULL,'Varaždinska','Varazdin',1000),(274,16,2,'{\"field_10\":\"AP Varaždin\",\"field_78\":\"\",\"field_8\":\"<p><span style=\\\"color: rgb(51, 51, 51); font-family: Helvetica, Arial, sans-serif; font-size: 12px; line-height: 17.1429px;\\\">Bus dd Varazdin is a company with core business of passenger transportation in domestic and international road transport.<\\/span><\\/p>\",\"field_17\":\"<p><font color=\\\"#333333\\\" face=\\\"Helvetica, Arial, sans-serif\\\"><span style=\\\"font-size: 12px; line-height: 17.1429px;\\\">Bus dd Varazdin is a company with core business of passenger transportation in domestic and international road transport. Currently, the fleet&#39;s 125 buses, of which 50 are high-class.<\\/span><\\/font><\\/p>\",\"field_38\":\"empty\",\"field_56\":\"4\",\"field_1\":\"\",\"field_79\":\"Trgovina -\",\"field_64\":\"Croatia - Varaždin -\",\"field_4\":\"Prijevoz\",\"field_54\":\"Agent\",\"field_36\":\"\",\"field_5\":\"Varaždinska\",\"field_40\":\"42000\",\"field_7\":\"Varaždin\",\"field_66\":\"\",\"field_67\":\"\",\"field_74\":\"SKIP_ON_EMPTY\",\"field_68\":\"\",\"field_69\":\"\",\"field_70\":\"\",\"field_71\":\"\",\"field_72\":\"\",\"field_73\":\"\",\"field_21\":\"\",\"field_27\":\"\",\"field_43\":\"\",\"field_32\":\"true\",\"field_44\":\"1000\",\"field_47\":\"1\",\"field_46\":\"\",\"field_45\":\"3000\",\"field_9\":\"\",\"field_12\":\"\",\"field_42\":\"\"}',NULL,NULL,NULL,NULL,NULL,NULL,NULL,4,NULL,'Prijevoz',NULL,'Varaždinska','Varaždin',1000),(275,17,1,'{\"field_10\":\"HŽ Putnički prijevoz\",\"field_78\":\"\",\"field_8\":\"<p>Activity Railways Passenger Transport in the first place is the public transport of passengers in domestic and international railway transport.<\\/p>\",\"field_17\":\"<p>Activity Railways Passenger Transport in the first place is the public transport of passengers in domestic and international railway transport. This implies linking rail urban centers and local areas in Croatia with metropolitan and other urban centers in Europe and mass transport passengers within the major cities and suburban areas.<\\/p>\",\"field_38\":\"empty\",\"field_56\":\"4\",\"field_1\":\"\",\"field_79\":\"Library -\",\"field_64\":\"Croatia - Sisak -\",\"field_4\":\"Transport\",\"field_54\":\"Agent\",\"field_36\":\"\",\"field_5\":\"Varaždinska\",\"field_40\":\"42000\",\"field_7\":\"Varazdin\",\"field_66\":\"\",\"field_67\":\"\",\"field_74\":\"397\",\"field_68\":\"\",\"field_69\":\"\",\"field_70\":\"\",\"field_71\":\"\",\"field_72\":\"\",\"field_73\":\"\",\"field_21\":\"\",\"field_27\":\"\",\"field_43\":\"\",\"field_32\":\"true\",\"field_44\":\"2000\",\"field_47\":\"3000\",\"field_46\":\"\",\"field_45\":\"1\",\"field_9\":\"\",\"field_12\":\"\",\"field_42\":\"\"}',NULL,NULL,NULL,NULL,NULL,NULL,NULL,4,NULL,'Transport',NULL,'Varaždinska','Varazdin',2000),(276,17,2,'{\"field_10\":\"HŽ Putnički prijevoz\",\"field_78\":\"\",\"field_8\":\"<p>Djelatnost HŽ Putničkoga prijevoza u prvom redu jest obavljanje javnoga prijevoza putnika u unutarnjem i međunarodnom željezničkom prijevozu.<\\/p>\",\"field_17\":\"<p>Djelatnost HŽ Putničkoga prijevoza u prvom redu jest obavljanje javnoga prijevoza putnika u unutarnjem i međunarodnom željezničkom prijevozu. Pod time se podrazumijeva povezivanje željeznicom gradskih središta i lokalnih sredina u Hrvatskoj s metropolskim i drugim gradskim središtima u Europi te masovan prijevoz putnika unutar većih gradova i prigradskih područja.<\\/p>\",\"field_38\":\"empty\",\"field_56\":\"4\",\"field_1\":\"\",\"field_79\":\"Knjižnica -\",\"field_64\":\"Croatia - Sisak -\",\"field_4\":\"Prijevoz\",\"field_54\":\"Agent\",\"field_36\":\"\",\"field_5\":\"Varaždinska\",\"field_40\":\"42000\",\"field_7\":\"Varaždin\",\"field_66\":\"\",\"field_67\":\"\",\"field_74\":\"SKIP_ON_EMPTY\",\"field_68\":\"\",\"field_69\":\"\",\"field_70\":\"\",\"field_71\":\"\",\"field_72\":\"\",\"field_73\":\"\",\"field_21\":\"\",\"field_27\":\"\",\"field_43\":\"\",\"field_32\":\"true\",\"field_44\":\"2000\",\"field_47\":\"3000\",\"field_46\":\"\",\"field_45\":\"1\",\"field_9\":\"\",\"field_12\":\"\",\"field_42\":\"\"}',NULL,NULL,NULL,NULL,NULL,NULL,NULL,4,NULL,'Prijevoz',NULL,'Varaždinska','Varaždin',2000),(277,18,1,'{\"field_10\":\"Cemetery\",\"field_78\":\"\",\"field_8\":\"<p>The cemetery was protected in 1966 as a monument of garden architecture.<\\/p>\",\"field_17\":\"<p>The cemetery was protected in 1966 as a monument of garden architecture and the cemetery as a whole, with special note to protect the old tombstones and monuments from the late 18th and 19th centuries, and the burial chapel.<\\/p>\",\"field_38\":\"empty\",\"field_56\":\"5\",\"field_1\":\"\",\"field_79\":\"Hotel -\",\"field_64\":\"Croatia - Varaždin -\",\"field_4\":\"Excursion\",\"field_54\":\"Agent\",\"field_36\":\"\",\"field_5\":\"Varaždinska\",\"field_40\":\"42000\",\"field_7\":\"Varazdin\",\"field_66\":\"\",\"field_67\":\"\",\"field_74\":\"SKIP_ON_EMPTY\",\"field_68\":\"\",\"field_69\":\"\",\"field_70\":\"\",\"field_71\":\"\",\"field_72\":\"\",\"field_73\":\"\",\"field_21\":\"\",\"field_27\":\"\",\"field_43\":\"\",\"field_32\":\"true\",\"field_44\":\"1500\",\"field_47\":\"2000\",\"field_46\":\"\",\"field_45\":\"3000\",\"field_9\":\"\",\"field_12\":\"\",\"field_42\":\"\"}',NULL,NULL,NULL,NULL,NULL,NULL,NULL,5,NULL,'Excursion',NULL,'Varaždinska','Varazdin',1500),(278,18,2,'{\"field_10\":\"Varaždinsko groblje\",\"field_78\":\"\",\"field_8\":\"<p>Groblje je zaštićeno 1966. godine kao spomenik vrtne arhitekture.<\\/p>\",\"field_17\":\"<p>Groblje je zaštićeno 1966. godine kao spomenik vrtne arhitekture i groblje kao cjelina, uz posebnu napomenu da se zaštićuju stare nadgrobne ploče i spomenici iz kraja 18. i 19. stoljeća te grobne kapele.<\\/p>\",\"field_38\":\"empty\",\"field_56\":\"5\",\"field_1\":\"\",\"field_79\":\"Hotel -\",\"field_64\":\"Croatia - Varaždin -\",\"field_4\":\"Izleti\",\"field_54\":\"Agent\",\"field_36\":\"\",\"field_5\":\"Varaždinska\",\"field_40\":\"42000\",\"field_7\":\"Varaždin\",\"field_66\":\"\",\"field_67\":\"\",\"field_74\":\"SKIP_ON_EMPTY\",\"field_68\":\"\",\"field_69\":\"\",\"field_70\":\"\",\"field_71\":\"\",\"field_72\":\"\",\"field_73\":\"\",\"field_21\":\"\",\"field_27\":\"\",\"field_43\":\"\",\"field_32\":\"true\",\"field_44\":\"1500\",\"field_47\":\"2000\",\"field_46\":\"\",\"field_45\":\"3000\",\"field_9\":\"\",\"field_12\":\"\",\"field_42\":\"\"}',NULL,NULL,NULL,NULL,NULL,NULL,NULL,5,NULL,'Izleti',NULL,'Varaždinska','Varaždin',1500),(279,20,1,'{\"field_10\":\"Six\",\"field_78\":\"\",\"field_8\":\"<p><span style=\\\"font-size: 13.3333px;\\\">It offers a wide selection of pastries, cakes, ice cream and desserts.<\\/span><\\/p>\",\"field_17\":\"<p><font face=\\\"Arial, Verdana\\\"><span style=\\\"font-size: 13.3333px;\\\">It offers a wide selection of pastries, cakes, ice cream and desserts, all offered sweets can try on the spot in the pastry with coffee or your favorite drink.<\\/span><\\/font><\\/p>\",\"field_38\":\"empty\",\"field_56\":\"5\",\"field_1\":\"\",\"field_79\":\"Bakery -\",\"field_64\":\"Austria -\",\"field_4\":\"Food and drink\",\"field_54\":\"Agent\",\"field_36\":\"\",\"field_5\":\"Varaždinska\",\"field_40\":\"42000\",\"field_7\":\"Varazdin\",\"field_66\":\"\",\"field_67\":\"\",\"field_74\":\"SKIP_ON_EMPTY\",\"field_68\":\"\",\"field_69\":\"\",\"field_70\":\"\",\"field_71\":\"\",\"field_72\":\"\",\"field_73\":\"\",\"field_21\":\"\",\"field_27\":\"\",\"field_43\":\"\",\"field_32\":\"true\",\"field_44\":\"50\",\"field_47\":\"2000\",\"field_46\":\"\",\"field_45\":\"2000\",\"field_9\":\"\",\"field_12\":\"\",\"field_42\":\"\"}',NULL,NULL,NULL,NULL,NULL,NULL,NULL,5,NULL,'Food and drink',NULL,'Varaždinska','Varazdin',50),(280,20,2,'{\"field_10\":\"Slastičarnica Šest\",\"field_78\":\"\",\"field_8\":\"<p>Nudi širok izbor kolača, torti, sladoleda i ostalih slastica.<\\/p>\",\"field_17\":\"<p><span style=\\\"font-size: 13.3333px;\\\">Nudi širok izbor kolača, torti, sladoleda i ostalih slastica, sve ponuđene slastice možete isprobati na licu mjesta u samoj slastičarni uz kavu ili svoje omiljeno piće.<\\/span><\\/p>\",\"field_38\":\"empty\",\"field_56\":\"5\",\"field_1\":\"\",\"field_79\":\"Pekara -\",\"field_64\":\"Austria -\",\"field_4\":\"Hrana i piće\",\"field_54\":\"Agent\",\"field_36\":\"\",\"field_5\":\"Varaždinska\",\"field_40\":\"42000\",\"field_7\":\"Varaždin\",\"field_66\":\"\",\"field_67\":\"\",\"field_74\":\"SKIP_ON_EMPTY\",\"field_68\":\"\",\"field_69\":\"\",\"field_70\":\"\",\"field_71\":\"\",\"field_72\":\"\",\"field_73\":\"\",\"field_21\":\"\",\"field_27\":\"\",\"field_43\":\"\",\"field_32\":\"true\",\"field_44\":\"50\",\"field_47\":\"2000\",\"field_46\":\"\",\"field_45\":\"2000\",\"field_9\":\"\",\"field_12\":\"\",\"field_42\":\"\"}',NULL,NULL,NULL,NULL,NULL,NULL,NULL,5,NULL,'Hrana i piće',NULL,'Varaždinska','Varaždin',50),(283,19,1,'{\"field_10\":\"Restoran Angelus\",\"field_78\":\"\",\"field_8\":\"<p>Modern and creative indigenous-Mediterranean cuisine.&nbsp;<\\/p>\",\"field_17\":\"<p>Modern and creative indigenous-Mediterranean cuisine, which welcomes its guests expresses a very warm and cozy atmosphere and specific rusticity space. The needs and desires of their guests try to meet a selection of quality and fresh ingredients, and a lavish selection of soups, pastas, risottos, meat dishes, salads and desserts in our offer you will find many dishes suitable for vegetarians.<\\/p>\",\"field_38\":\"empty\",\"field_56\":\"5\",\"field_1\":\"\",\"field_79\":\"Restaurant -\",\"field_64\":\"Croatia - Zadar -\",\"field_4\":\"Food and drink\",\"field_54\":\"Agent\",\"field_36\":\"\",\"field_5\":\"Varaždinska\",\"field_40\":\"42000\",\"field_7\":\"Varazdin\",\"field_66\":\"\",\"field_67\":\"\",\"field_74\":\"SKIP_ON_EMPTY\",\"field_68\":\"\",\"field_69\":\"\",\"field_70\":\"\",\"field_71\":\"\",\"field_72\":\"\",\"field_73\":\"\",\"field_21\":\"\",\"field_27\":\"\",\"field_43\":\"\",\"field_32\":\"true\",\"field_44\":\"100\",\"field_47\":\"1000\",\"field_46\":\"\",\"field_45\":\"700\",\"field_9\":\"\",\"field_12\":\"\",\"field_42\":\"\"}',NULL,NULL,NULL,NULL,NULL,NULL,NULL,5,NULL,'Food and drink',NULL,'Varaždinska','Varazdin',100),(284,19,2,'{\"field_10\":\"Restoran Angelus\",\"field_78\":\"\",\"field_8\":\"<p>Moderna i kreativna autohtono-mediteranska kuhinja.<\\/p>\",\"field_17\":\"<p>Moderna i kreativna autohtono-mediteranska kuhinja koja dobrodošlicu svojim gostima izražava iznimno toplom i ugodnom atmosferom te specifičnim rustikalnim uređenjem prostora. Potrebe i želje svojih gostiju nastojimo zadovoljiti izborom kvalitetnih i svježih namirnica, odnosno raskošnom ponudom juha, tjestenina, rižota, mesnih specijaliteta, salata i slastica, a u našoj ponudi naći ćete i mnoga jela pogodna za vegetarijance.<\\/p>\",\"field_38\":\"empty\",\"field_56\":\"5\",\"field_1\":\"\",\"field_79\":\"Restoran -\",\"field_64\":\"Croatia - Zadar -\",\"field_4\":\"Hrana i piće\",\"field_54\":\"Agent\",\"field_36\":\"\",\"field_5\":\"Varaždinska\",\"field_40\":\"42000\",\"field_7\":\"Varaždin\",\"field_66\":\"\",\"field_67\":\"\",\"field_74\":\"SKIP_ON_EMPTY\",\"field_68\":\"\",\"field_69\":\"\",\"field_70\":\"\",\"field_71\":\"\",\"field_72\":\"\",\"field_73\":\"\",\"field_21\":\"\",\"field_27\":\"\",\"field_43\":\"\",\"field_32\":\"true\",\"field_44\":\"100\",\"field_47\":\"1000\",\"field_46\":\"\",\"field_45\":\"700\",\"field_9\":\"\",\"field_12\":\"\",\"field_42\":\"\"}',NULL,NULL,NULL,NULL,NULL,NULL,NULL,5,NULL,'Hrana i piće',NULL,'Varaždinska','Varaždin',100);

--
-- Table structure for table `property_user`
--

DROP TABLE IF EXISTS `property_user`;
/*!40101 SET @saved_cs_client     = @@character_set_client */;
/*!40101 SET character_set_client = utf8 */;
CREATE TABLE `property_user` (
  `id` int(11) NOT NULL AUTO_INCREMENT,
  `property_id` int(11) NOT NULL,
  `user_id` int(11) NOT NULL,
  PRIMARY KEY (`id`),
  KEY `fk_property_has_user_user1_idx` (`user_id`),
  KEY `fk_property_has_user_property1_idx` (`property_id`),
  CONSTRAINT `fk_property_has_user_property1` FOREIGN KEY (`property_id`) REFERENCES `property` (`id`) ON DELETE NO ACTION ON UPDATE NO ACTION,
  CONSTRAINT `fk_property_has_user_user1` FOREIGN KEY (`user_id`) REFERENCES `user` (`id`) ON DELETE NO ACTION ON UPDATE NO ACTION
) ENGINE=InnoDB AUTO_INCREMENT=46 DEFAULT CHARSET=utf8 COLLATE=utf8_unicode_ci;
/*!40101 SET character_set_client = @saved_cs_client */;

--
-- Dumping data for table `property_user`
--

INSERT INTO `property_user` VALUES (25,1,9),(26,2,11),(27,3,9),(28,4,21),(29,5,9),(30,6,9),(31,7,10),(32,8,11),(33,9,22),(34,10,21),(35,11,10),(36,12,11),(37,13,11),(38,14,18),(39,15,9),(40,16,10),(41,17,21),(42,18,11),(43,20,10),(45,19,11);

--
-- Table structure for table `property_value`
--

DROP TABLE IF EXISTS `property_value`;
/*!40101 SET @saved_cs_client     = @@character_set_client */;
/*!40101 SET character_set_client = utf8 */;
CREATE TABLE `property_value` (
  `id` int(11) NOT NULL AUTO_INCREMENT,
  `language_id` int(11) NOT NULL,
  `property_id` int(11) NOT NULL,
  `option_id` int(11) NOT NULL,
  `value` text COLLATE utf8_unicode_ci,
  `value_num` int(11) DEFAULT NULL,
  PRIMARY KEY (`id`),
  KEY `fk_property_value_language1_idx` (`language_id`),
  KEY `fk_property_value_property1_idx` (`property_id`),
  KEY `fk_property_value_option1_idx` (`option_id`),
  CONSTRAINT `fk_property_value_language1` FOREIGN KEY (`language_id`) REFERENCES `language` (`id`) ON DELETE NO ACTION ON UPDATE NO ACTION,
  CONSTRAINT `fk_property_value_option1` FOREIGN KEY (`option_id`) REFERENCES `option` (`id`) ON DELETE NO ACTION ON UPDATE NO ACTION,
  CONSTRAINT `fk_property_value_property1` FOREIGN KEY (`property_id`) REFERENCES `property` (`id`) ON DELETE NO ACTION ON UPDATE NO ACTION
) ENGINE=InnoDB AUTO_INCREMENT=10672 DEFAULT CHARSET=utf8 COLLATE=utf8_unicode_ci;
/*!40101 SET character_set_client = @saved_cs_client */;

--
-- Dumping data for table `property_value`
--

INSERT INTO `property_value` VALUES (9243,1,1,10,'Promenade Vatroslava Jagica',NULL),(9244,1,1,78,'',NULL),(9245,1,1,8,'<p><span class=\"short_text\" id=\"result_box\" lang=\"en\"><span class=\"hps\">Varazdin</span> <span class=\"hps\">park</span> <span class=\"hps\">near</span> <span class=\"hps\">the</span> <span class=\"hps\">center</span><span>,</span> <span class=\"hps\">a must</span> <span class=\"hps\">for</span> <span class=\"hps alt-edited\">walkers</span><span>.</span></span></p>',NULL),(9246,1,1,17,'<p><span class=\"short_text\" id=\"result_box\" lang=\"en\"><span class=\"hps\">Varazdin</span> <span class=\"hps\">park</span> <span class=\"hps\">near</span> <span class=\"hps\">the</span> <span class=\"hps\">center</span><span>,</span> <span class=\"hps\">a must</span> <span class=\"hps\">for</span> <span class=\"hps alt-edited\">walkers</span><span>.</span></span></p>',NULL),(9247,1,1,38,'empty',NULL),(9248,1,1,56,'5',5),(9249,1,1,1,'',NULL),(9250,1,1,79,'Store -',NULL),(9251,1,1,64,'Croatia - Varaždin -',NULL),(9252,1,1,4,'Excursion',NULL),(9253,1,1,54,'Agent',NULL),(9254,1,1,36,'',NULL),(9255,1,1,5,'Varaždinska',NULL),(9256,1,1,40,'42000',42000),(9257,1,1,7,'Varazdin',NULL),(9258,1,1,66,'',NULL),(9259,1,1,67,'',NULL),(9260,1,1,68,'',NULL),(9261,1,1,69,'',NULL),(9262,1,1,70,'',NULL),(9263,1,1,71,'',NULL),(9264,1,1,72,'',NULL),(9265,1,1,73,'',NULL),(9266,1,1,21,'',NULL),(9267,1,1,27,'',NULL),(9268,1,1,43,'',NULL),(9269,1,1,32,'true',NULL),(9270,1,1,44,'20',20),(9271,1,1,47,'500',500),(9272,1,1,46,'',NULL),(9273,1,1,45,'500',500),(9274,1,1,9,'',NULL),(9275,1,1,12,'',NULL),(9276,1,1,42,'',NULL),(9277,2,1,10,'Šetalište Vatroslava Jagića',NULL),(9278,2,1,78,'',NULL),(9279,2,1,8,'<p>Varaždinski park pokraj samog Centra, nezaobilazan za šetače.</p>',NULL),(9280,2,1,17,'<p>Varaždinski park pokraj samog Centra, nezaobilazan za šetače.</p>',NULL),(9281,2,1,38,'empty',NULL),(9282,2,1,56,'5',5),(9283,2,1,1,'',NULL),(9284,2,1,79,'Trgovina -',NULL),(9285,2,1,64,'Croatia - Varaždin -',NULL),(9286,2,1,4,'Izleti',NULL),(9287,2,1,54,'Agent',NULL),(9288,2,1,36,'',NULL),(9289,2,1,5,'Varaždinska',NULL),(9290,2,1,40,'42000',42000),(9291,2,1,7,'Varaždin',NULL),(9292,2,1,66,'',NULL),(9293,2,1,67,'',NULL),(9294,2,1,68,'',NULL),(9295,2,1,69,'',NULL),(9296,2,1,70,'',NULL),(9297,2,1,71,'',NULL),(9298,2,1,72,'',NULL),(9299,2,1,73,'',NULL),(9300,2,1,21,'',NULL),(9301,2,1,27,'',NULL),(9302,2,1,43,'',NULL),(9303,2,1,32,'true',NULL),(9304,2,1,44,'20',20),(9305,2,1,47,'500',500),(9306,2,1,46,'',NULL),(9307,2,1,45,'500',500),(9308,2,1,9,'',NULL),(9309,2,1,12,'',NULL),(9310,2,1,42,'',NULL),(9311,1,2,10,'The Old Town',NULL),(9312,1,2,78,'',NULL),(9313,1,2,8,'<p>The Old Town keep is one of the biggest monuments in the city of Varaždin.</p>',NULL),(9314,1,2,17,'<p>The Old Town keep is one of the biggest monuments in the city of Varaždin and one of its biggest tourist attractions. It is located in the north-western section of the city core. Today the keep houses the Varaždin City Museum.<br />\r\n<br />\r\nThe keep is first mentioned in the 12th century and it is believed to be the center of Varaždin county life. The keep underwent numerous ownership changes and reconstructions over the centuries.</p>',NULL),(9315,1,2,38,'empty',NULL),(9316,1,2,56,'5',5),(9317,1,2,1,'',NULL),(9318,1,2,79,'Library -',NULL),(9319,1,2,64,'Croatia - Osijek -',NULL),(9320,1,2,4,'Excursion',NULL),(9321,1,2,54,'Agent',NULL),(9322,1,2,36,'',NULL),(9323,1,2,5,'Varaždinska',NULL),(9324,1,2,40,'42000',42000),(9325,1,2,7,'Varazdin',NULL),(9326,1,2,66,'',NULL),(9327,1,2,67,'',NULL),(9328,1,2,68,'',NULL),(9329,1,2,69,'',NULL),(9330,1,2,70,'',NULL),(9331,1,2,71,'',NULL),(9332,1,2,72,'',NULL),(9333,1,2,73,'',NULL),(9334,1,2,21,'',NULL),(9335,1,2,27,'',NULL),(9336,1,2,43,'',NULL),(9337,1,2,32,'',NULL),(9338,1,2,44,'50',50),(9339,1,2,47,'500',500),(9340,1,2,46,'',NULL),(9341,1,2,45,'2000',2000),(9342,1,2,9,'',NULL),(9343,1,2,12,'',NULL),(9344,1,2,42,'',NULL),(9345,2,2,10,'Stari Grad',NULL),(9346,2,2,78,'',NULL),(9347,2,2,8,'<p>Najveća znamenitost Varaždina je tvrđava zvana Stari grad.</p>',NULL),(9348,2,2,17,'<p>Najveća znamenitost Varaždina je tvrđava zvana Stari grad. Nalazi se na sjeverozapadnom obodu gradske jezgre, a danas je u njoj smješten Gradski muzej Varaždin.<br />\r\n<br />\r\nTvrđava se prvi put spominje u 12. stoljeću i vjeruje se da je tada bila sjedište varaždinskih župana. Krajem 14. stoljeća dolazi u vlasništvo grofova Celjskih koji je pregrađuju u gotičkom stilu.</p>',NULL),(9349,2,2,38,'empty',NULL),(9350,2,2,56,'5',5),(9351,2,2,1,'',NULL),(9352,2,2,79,'Knjižnica -',NULL),(9353,2,2,64,'Croatia - Osijek -',NULL),(9354,2,2,4,'Izleti',NULL),(9355,2,2,54,'Agent',NULL),(9356,2,2,36,'',NULL),(9357,2,2,5,'Varaždinska',NULL),(9358,2,2,40,'42000',42000),(9359,2,2,7,'Varaždin',NULL),(9360,2,2,66,'',NULL),(9361,2,2,67,'',NULL),(9362,2,2,68,'',NULL),(9363,2,2,69,'',NULL),(9364,2,2,70,'',NULL),(9365,2,2,71,'',NULL),(9366,2,2,72,'',NULL),(9367,2,2,73,'',NULL),(9368,2,2,21,'',NULL),(9369,2,2,27,'',NULL),(9370,2,2,43,'',NULL),(9371,2,2,32,'',NULL),(9372,2,2,44,'50',50),(9373,2,2,47,'500',500),(9374,2,2,46,'',NULL),(9375,2,2,45,'2000',2000),(9376,2,2,9,'',NULL),(9377,2,2,12,'',NULL),(9378,2,2,42,'',NULL),(9379,1,3,10,'Movie Gallery',NULL),(9380,1,3,78,'',NULL),(9381,1,3,8,'<p><span id=\"result_box\" lang=\"en\"><span class=\"hps\">Movie</span> <span class=\"hps\">Gallery</span> <span class=\"hps\">is located</span> <span class=\"hps\">at the old CInema</span> <span class=\"hps\">Gaj</span> <span class=\"hps\">in the center</span> <span class=\"hps\">of Varazdin</span><span>.</span></span></p>',NULL),(9382,1,3,17,'<p><span id=\"result_box\" lang=\"en\"><span class=\"hps\">Movie</span> <span class=\"hps\">Gallery</span> <span class=\"hps\">is located</span> <span class=\"hps\">at the old Cinema</span> <span class=\"hps\">Gaj</span> <span class=\"hps\">in the center</span> <span class=\"hps\">of Varazdin</span><span>.</span></span></p>',NULL),(9383,1,3,38,'new',NULL),(9384,1,3,56,'3',3),(9385,1,3,1,'',NULL),(9386,1,3,79,'Hotel -',NULL),(9387,1,3,64,'Croatia - Međimurje -',NULL),(9388,1,3,4,'Fun',NULL),(9389,1,3,54,'Agent',NULL),(9390,1,3,36,'',NULL),(9391,1,3,5,'Varaždinska',NULL),(9392,1,3,40,'42000',42000),(9393,1,3,7,'Varazdin',NULL),(9394,1,3,66,'',NULL),(9395,1,3,67,'',NULL),(9396,1,3,68,'',NULL),(9397,1,3,69,'',NULL),(9398,1,3,70,'',NULL),(9399,1,3,71,'',NULL),(9400,1,3,72,'',NULL),(9401,1,3,73,'',NULL),(9402,1,3,21,'',NULL),(9403,1,3,27,'',NULL),(9404,1,3,43,'',NULL),(9405,1,3,32,'',NULL),(9406,1,3,44,'1',1),(9407,1,3,47,'1000',1000),(9408,1,3,46,'',NULL),(9409,1,3,45,'1000',1000),(9410,1,3,9,'',NULL),(9411,1,3,12,'',NULL),(9412,1,3,42,'',NULL),(9413,2,3,10,'Kino Galerija',NULL),(9414,2,3,78,'',NULL),(9415,2,3,8,'<p>Kino Galerija smješteno je u prostoru bivšeg Kina Gaj u samom centru Varaždina.</p>',NULL),(9416,2,3,17,'<p>Kino Galerija smješteno je u prostoru bivšeg Kina Gaj u samom centru Varaždina. Kino raspolaže sa 198 stolica na parteru i 144 na balkonu koji nije preuređen, stoga nije u uporabi, osim ako se ne pokaže potreba. Projekcijska dvorana opremljena je s 35-milimetarskim projektorom iz 60-ih godina prošlog stoljeća.</p>',NULL),(9417,2,3,38,'novo',NULL),(9418,2,3,56,'3',3),(9419,2,3,1,'',NULL),(9420,2,3,79,'Hotel -',NULL),(9421,2,3,64,'Croatia - Međimurje -',NULL),(9422,2,3,4,'Zabava',NULL),(9423,2,3,54,'Agent',NULL),(9424,2,3,36,'',NULL),(9425,2,3,5,'Varaždinska',NULL),(9426,2,3,40,'42000',42000),(9427,2,3,7,'Varaždin',NULL),(9428,2,3,66,'',NULL),(9429,2,3,67,'',NULL),(9430,2,3,68,'',NULL),(9431,2,3,69,'',NULL),(9432,2,3,70,'',NULL),(9433,2,3,71,'',NULL),(9434,2,3,72,'',NULL),(9435,2,3,73,'',NULL),(9436,2,3,21,'',NULL),(9437,2,3,27,'',NULL),(9438,2,3,43,'',NULL),(9439,2,3,32,'',NULL),(9440,2,3,44,'1',1),(9441,2,3,47,'1000',1000),(9442,2,3,46,'',NULL),(9443,2,3,45,'1000',1000),(9444,2,3,9,'',NULL),(9445,2,3,12,'',NULL),(9446,2,3,42,'',NULL),(9447,1,4,10,'Domenico',NULL),(9448,1,4,78,'',NULL),(9449,1,4,8,'<p><span id=\"result_box\" lang=\"en\"><span class=\"hps\">Restaurant</span> <span class=\"hps\">and</span> <span class=\"hps\">Pizzeria</span> with <span class=\"hps\">pleasant atmosphere</span> and<span class=\"hps alt-edited\"> view to the</span> <span class=\"hps\">park</span><span>.</span></span></p>',NULL),(9450,1,4,17,'<p><span id=\"result_box\" lang=\"en\"><span class=\"hps\">Restaurant</span> <span class=\"hps\">and</span> <span class=\"hps\">Pizzeria</span> with <span class=\"hps\">pleasant atmosphere</span> and<span class=\"hps alt-edited\"> view to the</span> <span class=\"hps\">park</span><span>.</span></span></p>',NULL),(9451,1,4,38,'empty',NULL),(9452,1,4,56,'5',5),(9453,1,4,1,'',NULL),(9454,1,4,79,'Restaurant -',NULL),(9455,1,4,64,'Croatia - Varaždin -',NULL),(9456,1,4,4,'Food and drink',NULL),(9457,1,4,54,'Agent',NULL),(9458,1,4,36,'',NULL),(9459,1,4,5,'Varaždinska',NULL),(9460,1,4,40,'42000',42000),(9461,1,4,7,'Varazdin',NULL),(9462,1,4,66,'',NULL),(9463,1,4,67,'',NULL),(9464,1,4,68,'',NULL),(9465,1,4,69,'',NULL),(9466,1,4,70,'',NULL),(9467,1,4,71,'',NULL),(9468,1,4,72,'',NULL),(9469,1,4,73,'',NULL),(9470,1,4,21,'',NULL),(9471,1,4,27,'',NULL),(9472,1,4,43,'',NULL),(9473,1,4,32,'',NULL),(9474,1,4,44,'300',300),(9475,1,4,47,'500',500),(9476,1,4,46,'',NULL),(9477,1,4,45,'1300',1300),(9478,1,4,9,'',NULL),(9479,1,4,12,'',NULL),(9480,1,4,42,'',NULL),(9481,2,4,10,'Domenico',NULL),(9482,2,4,78,'',NULL),(9483,2,4,8,'<p>Restoran i Pizzeria ugodnog ambijenta s pogledom na Park.</p>',NULL),(9484,2,4,17,'<p>Restoran i Pizzeria ugodnog ambijenta s pogledom na Park.</p>',NULL),(9485,2,4,38,'empty',NULL),(9486,2,4,56,'5',5),(9487,2,4,1,'',NULL),(9488,2,4,79,'Restoran -',NULL),(9489,2,4,64,'Croatia - Varaždin -',NULL),(9490,2,4,4,'Hrana i piće',NULL),(9491,2,4,54,'Agent',NULL),(9492,2,4,36,'',NULL),(9493,2,4,5,'Varaždinska',NULL),(9494,2,4,40,'42000',42000),(9495,2,4,7,'Varaždin',NULL),(9496,2,4,66,'',NULL),(9497,2,4,67,'',NULL),(9498,2,4,68,'',NULL),(9499,2,4,69,'',NULL),(9500,2,4,70,'',NULL),(9501,2,4,71,'',NULL),(9502,2,4,72,'',NULL),(9503,2,4,73,'',NULL),(9504,2,4,21,'',NULL),(9505,2,4,27,'',NULL),(9506,2,4,43,'',NULL),(9507,2,4,32,'',NULL),(9508,2,4,44,'300',300),(9509,2,4,47,'500',500),(9510,2,4,46,'',NULL),(9511,2,4,45,'1300',1300),(9512,2,4,9,'',NULL),(9513,2,4,12,'',NULL),(9514,2,4,42,'',NULL),(9515,1,5,10,'Fountain',NULL),(9516,1,5,78,'',NULL),(9517,1,5,8,'<p><font face=\"Arial, Verdana\"><span style=\"font-size: 13.3333px;\">Bakery Fountain is located near popular park.</span></font></p>',NULL),(9518,1,5,17,'<p><font face=\"Arial, Verdana\"><span style=\"font-size: 13.3333px;\">Bakery Fountain offers a variety of ice creams, cakes, clips and a choice of drinks and is located near popular park.</span></font></p>',NULL),(9519,1,5,38,'empty',NULL),(9520,1,5,56,'4',4),(9521,1,5,1,'',NULL),(9522,1,5,79,'Bakery -',NULL),(9523,1,5,64,'Croatia - Sisak -',NULL),(9524,1,5,4,'Food and drink',NULL),(9525,1,5,54,'Agent',NULL),(9526,1,5,36,'',NULL),(9527,1,5,5,'Varaždinska',NULL),(9528,1,5,40,'42000',42000),(9529,1,5,7,'Varazdin',NULL),(9530,1,5,66,'',NULL),(9531,1,5,67,'',NULL),(9532,1,5,68,'',NULL),(9533,1,5,69,'',NULL),(9534,1,5,70,'',NULL),(9535,1,5,71,'',NULL),(9536,1,5,72,'',NULL),(9537,1,5,73,'',NULL),(9538,1,5,21,'',NULL),(9539,1,5,27,'',NULL),(9540,1,5,43,'',NULL),(9541,1,5,32,'true',NULL),(9542,1,5,44,'500',500),(9543,1,5,47,'500',500),(9544,1,5,46,'',NULL),(9545,1,5,45,'1500',1500),(9546,1,5,9,'',NULL),(9547,1,5,12,'',NULL),(9548,1,5,42,'',NULL),(9549,2,5,10,'Fontana',NULL),(9550,2,5,78,'',NULL),(9551,2,5,8,'<p>Slastičarnica Fontana nalazi se preko puta parka.</p>',NULL),(9552,2,5,17,'<p><span style=\"font-size: 13.3333px;\">Slastičarnica Fontana u ponudi ima razne sladolede, kolače, klipiće te veliku ponudu pića i nalazi se preko puta parka.</span></p>',NULL),(9553,2,5,38,'empty',NULL),(9554,2,5,56,'4',4),(9555,2,5,1,'',NULL),(9556,2,5,79,'Pekara -',NULL),(9557,2,5,64,'Croatia - Sisak -',NULL),(9558,2,5,4,'Hrana i piće',NULL),(9559,2,5,54,'Agent',NULL),(9560,2,5,36,'',NULL),(9561,2,5,5,'Varaždinska',NULL),(9562,2,5,40,'42000',42000),(9563,2,5,7,'Varaždin',NULL),(9564,2,5,66,'',NULL),(9565,2,5,67,'',NULL),(9566,2,5,68,'',NULL),(9567,2,5,69,'',NULL),(9568,2,5,70,'',NULL),(9569,2,5,71,'',NULL),(9570,2,5,72,'',NULL),(9571,2,5,73,'',NULL),(9572,2,5,21,'',NULL),(9573,2,5,27,'',NULL),(9574,2,5,43,'',NULL),(9575,2,5,32,'true',NULL),(9576,2,5,44,'500',500),(9577,2,5,47,'500',500),(9578,2,5,46,'',NULL),(9579,2,5,45,'1500',1500),(9580,2,5,9,'',NULL),(9581,2,5,12,'',NULL),(9582,2,5,42,'',NULL),(9583,1,6,10,'Coffeehouse',NULL),(9584,1,6,78,'',NULL),(9585,1,6,8,'<p>Dora Cafe offers daily fresh homemade cookies, cakes and indigenous traditional sweets from Varazdin area.</p>',NULL),(9586,1,6,17,'<p>Dora Cafe offers daily fresh homemade cookies, cakes and indigenous traditional sweets from Varazdin area.</p>',NULL),(9587,1,6,38,'empty',NULL),(9588,1,6,56,'5',5),(9589,1,6,1,'',NULL),(9590,1,6,79,'Coffee bar -',NULL),(9591,1,6,64,'Croatia - Istria -',NULL),(9592,1,6,4,'Food and drink',NULL),(9593,1,6,54,'Agent',NULL),(9594,1,6,36,'',NULL),(9595,1,6,5,'Varaždinska',NULL),(9596,1,6,40,'42000',42000),(9597,1,6,7,'Varazdin',NULL),(9598,1,6,66,'',NULL),(9599,1,6,67,'',NULL),(9600,1,6,68,'',NULL),(9601,1,6,69,'',NULL),(9602,1,6,70,'',NULL),(9603,1,6,71,'',NULL),(9604,1,6,72,'',NULL),(9605,1,6,73,'',NULL),(9606,1,6,21,'',NULL),(9607,1,6,27,'',NULL),(9608,1,6,43,'',NULL),(9609,1,6,32,'',NULL),(9610,1,6,44,'100',100),(9611,1,6,47,'600',600),(9612,1,6,46,'',NULL),(9613,1,6,45,'2000',2000),(9614,1,6,9,'',NULL),(9615,1,6,12,'',NULL),(9616,1,6,42,'',NULL),(9617,2,6,10,'Kavana Dora',NULL),(9618,2,6,78,'',NULL),(9619,2,6,8,'<p>Kavana Dora nudi doživljaj prave srednjeeuropske kavane.</p>',NULL),(9620,2,6,17,'<p>Kavana Dora nudi dnevno svježe domaće kolače, torte te autohtone tradicionalne slastice varaždinskog kraja.</p>',NULL),(9621,2,6,38,'empty',NULL),(9622,2,6,56,'5',5),(9623,2,6,1,'',NULL),(9624,2,6,79,'Caffe bar -',NULL),(9625,2,6,64,'Croatia - Istria -',NULL),(9626,2,6,4,'Hrana i piće',NULL),(9627,2,6,54,'Agent',NULL),(9628,2,6,36,'',NULL),(9629,2,6,5,'Varaždinska',NULL),(9630,2,6,40,'42000',42000),(9631,2,6,7,'Varaždin',NULL),(9632,2,6,66,'',NULL),(9633,2,6,67,'',NULL),(9634,2,6,68,'',NULL),(9635,2,6,69,'',NULL),(9636,2,6,70,'',NULL),(9637,2,6,71,'',NULL),(9638,2,6,72,'',NULL),(9639,2,6,73,'',NULL),(9640,2,6,21,'',NULL),(9641,2,6,27,'',NULL),(9642,2,6,43,'',NULL),(9643,2,6,32,'',NULL),(9644,2,6,44,'100',100),(9645,2,6,47,'600',600),(9646,2,6,46,'',NULL),(9647,2,6,45,'2000',2000),(9648,2,6,9,'',NULL),(9649,2,6,12,'',NULL),(9650,2,6,42,'',NULL),(9651,1,7,10,'NK Varteks',NULL),(9652,1,7,78,'',NULL),(9653,1,7,8,'<p><font face=\"Arial, Verdana\"><span style=\"font-size: 13.3333px;\">The stadium NK Varteks held the premier league matches.</span></font></p>',NULL),(9654,1,7,17,'<p><font face=\"Arial, Verdana\"><span style=\"font-size: 13.3333px;\">The stadium NK Varteks held the premier league matches.</span></font></p>',NULL),(9655,1,7,38,'empty',NULL),(9656,1,7,56,'4',4),(9657,1,7,1,'',NULL),(9658,1,7,79,'Store -',NULL),(9659,1,7,64,'Austria -',NULL),(9660,1,7,4,'Sport',NULL),(9661,1,7,54,'Agent',NULL),(9662,1,7,36,'',NULL),(9663,1,7,5,'Varaždinska',NULL),(9664,1,7,40,'42000',42000),(9665,1,7,7,'Varazdin',NULL),(9666,1,7,66,'',NULL),(9667,1,7,67,'',NULL),(9668,1,7,68,'',NULL),(9669,1,7,69,'',NULL),(9670,1,7,70,'',NULL),(9671,1,7,71,'',NULL),(9672,1,7,72,'',NULL),(9673,1,7,73,'',NULL),(9674,1,7,21,'',NULL),(9675,1,7,27,'',NULL),(9676,1,7,43,'',NULL),(9677,1,7,32,'true',NULL),(9678,1,7,44,'3000',3000),(9679,1,7,47,'3000',3000),(9680,1,7,46,'',NULL),(9681,1,7,45,'2000',2000),(9682,1,7,9,'',NULL),(9683,1,7,12,'',NULL),(9684,1,7,42,'',NULL),(9685,2,7,10,'NK Varteks',NULL),(9686,2,7,78,'',NULL),(9687,2,7,8,'<p>Na stadionu NK Varteks održavaju se prvoligaške utakmice.</p>',NULL),(9688,2,7,17,'<p><span style=\"font-size: 13.3333px;\">Na stadionu NK Varteks održavaju se prvoligaške utakmice.</span></p>',NULL),(9689,2,7,38,'empty',NULL),(9690,2,7,56,'4',4),(9691,2,7,1,'',NULL),(9692,2,7,79,'Trgovina -',NULL),(9693,2,7,64,'Austria -',NULL),(9694,2,7,4,'Sport',NULL),(9695,2,7,54,'Agent',NULL),(9696,2,7,36,'',NULL),(9697,2,7,5,'Varaždinska',NULL),(9698,2,7,40,'42000',42000),(9699,2,7,7,'Varazdin',NULL),(9700,2,7,66,'',NULL),(9701,2,7,67,'',NULL),(9702,2,7,68,'',NULL),(9703,2,7,69,'',NULL),(9704,2,7,70,'',NULL),(9705,2,7,71,'',NULL),(9706,2,7,72,'',NULL),(9707,2,7,73,'',NULL),(9708,2,7,21,'',NULL),(9709,2,7,27,'',NULL),(9710,2,7,43,'',NULL),(9711,2,7,32,'true',NULL),(9712,2,7,44,'3000',3000),(9713,2,7,47,'3000',3000),(9714,2,7,46,'',NULL),(9715,2,7,45,'2000',2000),(9716,2,7,9,'',NULL),(9717,2,7,12,'',NULL),(9718,2,7,42,'',NULL),(9719,1,8,10,'Faculty of Organization and Informatics',NULL),(9720,1,8,78,'',NULL),(9721,1,8,8,'<p>University of Zagreb School of Medicine</p>',NULL),(9722,1,8,17,'',NULL),(9723,1,8,38,'empty',NULL),(9724,1,8,56,'4',4),(9725,1,8,1,'',NULL),(9726,1,8,79,'Library -',NULL),(9727,1,8,64,'Croatia - Zagreb -',NULL),(9728,1,8,4,'Learning',NULL),(9729,1,8,54,'Agent',NULL),(9730,1,8,36,'',NULL),(9731,1,8,5,'Varaždinska',NULL),(9732,1,8,40,'42000',42000),(9733,1,8,7,'Varazdin',NULL),(9734,1,8,66,'',NULL),(9735,1,8,67,'',NULL),(9736,1,8,68,'',NULL),(9737,1,8,69,'',NULL),(9738,1,8,70,'',NULL),(9739,1,8,71,'',NULL),(9740,1,8,72,'',NULL),(9741,1,8,73,'',NULL),(9742,1,8,21,'',NULL),(9743,1,8,27,'',NULL),(9744,1,8,43,'',NULL),(9745,1,8,32,'',NULL),(9746,1,8,44,'1',1),(9747,1,8,47,'1000',1000),(9748,1,8,46,'',NULL),(9749,1,8,45,'1000',1000),(9750,1,8,9,'',NULL),(9751,1,8,12,'',NULL),(9752,1,8,42,'',NULL),(9753,2,8,10,'Fakultet organizacije i informatike',NULL),(9754,2,8,78,'',NULL),(9755,2,8,8,'<p>Fakultet organizacije i informatike jedna je od 33 sastavnice Sveučilišta u Zagrebu.</p>',NULL),(9756,2,8,17,'<p>Fakultet informatike i organizacije postoji već 51 godinu. Prvih 12 godine djelovao je kao visoka ekonomska škola, a od 1974. godine djeluje kao fakultet i jedini je koji obrazovnim i znanstvenoistraživačkim programom isključivo pokriva područje informacijskih znanosti, odnosno informatike.</p>',NULL),(9757,2,8,38,'empty',NULL),(9758,2,8,56,'4',4),(9759,2,8,1,'',NULL),(9760,2,8,79,'Knjižnica -',NULL),(9761,2,8,64,'Croatia - Zagreb -',NULL),(9762,2,8,4,'Učenje',NULL),(9763,2,8,54,'Agent',NULL),(9764,2,8,36,'',NULL),(9765,2,8,5,'Varaždinska',NULL),(9766,2,8,40,'42000',42000),(9767,2,8,7,'Varaždin',NULL),(9768,2,8,66,'',NULL),(9769,2,8,67,'',NULL),(9770,2,8,68,'',NULL),(9771,2,8,69,'',NULL),(9772,2,8,70,'',NULL),(9773,2,8,71,'',NULL),(9774,2,8,72,'',NULL),(9775,2,8,73,'',NULL),(9776,2,8,21,'',NULL),(9777,2,8,27,'',NULL),(9778,2,8,43,'',NULL),(9779,2,8,32,'',NULL),(9780,2,8,44,'1',1),(9781,2,8,47,'1000',1000),(9782,2,8,46,'',NULL),(9783,2,8,45,'1000',1000),(9784,2,8,9,'',NULL),(9785,2,8,12,'',NULL),(9786,2,8,42,'',NULL),(9787,1,9,10,'Supernova',NULL),(9788,1,9,78,'',NULL),(9789,1,9,8,'<p>Shopping park Supernova na zapadnom ulazu u Varaždin.</p>',NULL),(9790,1,9,17,'<p>Shopping park Supernova&nbsp;<span style=\"font-size: 13.3333px;\">na zapadnom ulazu u Varaždin s više od 20 trgovina i velikim parkingom. Autobusna lijija ga povezuje s centrom.</span></p>',NULL),(9791,1,9,38,'empty',NULL),(9792,1,9,56,'4',4),(9793,1,9,1,'',NULL),(9794,1,9,79,'Store -',NULL),(9795,1,9,64,'Croatia - Osijek -',NULL),(9796,1,9,4,'Shopping',NULL),(9797,1,9,54,'Agent',NULL),(9798,1,9,36,'',NULL),(9799,1,9,5,'Varaždinska',NULL),(9800,1,9,40,'42000',42000),(9801,1,9,7,'Varazdin',NULL),(9802,1,9,66,'',NULL),(9803,1,9,67,'',NULL),(9804,1,9,68,'',NULL),(9805,1,9,69,'',NULL),(9806,1,9,70,'',NULL),(9807,1,9,71,'',NULL),(9808,1,9,72,'',NULL),(9809,1,9,73,'',NULL),(9810,1,9,21,'',NULL),(9811,1,9,27,'',NULL),(9812,1,9,43,'',NULL),(9813,1,9,32,'true',NULL),(9814,1,9,44,'4000',4000),(9815,1,9,47,'20',20),(9816,1,9,46,'',NULL),(9817,1,9,45,'5000',5000),(9818,1,9,9,'',NULL),(9819,1,9,12,'',NULL),(9820,1,9,42,'',NULL),(9821,2,9,10,'Supernova',NULL),(9822,2,9,78,'',NULL),(9823,2,9,8,'<p>Shopping park Supernova na zapadnom ulazu u Varaždin.</p>',NULL),(9824,2,9,17,'<p>Shopping park Supernova&nbsp;<span style=\"font-size: 13.3333px;\">na zapadnom ulazu u Varaždin s više od 20 trgovina i velikim parkingom. Autobusna linija ga povezuje s centrom.</span></p>',NULL),(9825,2,9,38,'empty',NULL),(9826,2,9,56,'4',4),(9827,2,9,1,'',NULL),(9828,2,9,79,'Trgovina -',NULL),(9829,2,9,64,'Croatia - Osijek -',NULL),(9830,2,9,4,'Shopping',NULL),(9831,2,9,54,'Agent',NULL),(9832,2,9,36,'',NULL),(9833,2,9,5,'Varaždinska',NULL),(9834,2,9,40,'42000',42000),(9835,2,9,7,'Varazdin',NULL),(9836,2,9,66,'',NULL),(9837,2,9,67,'',NULL),(9838,2,9,68,'',NULL),(9839,2,9,69,'',NULL),(9840,2,9,70,'',NULL),(9841,2,9,71,'',NULL),(9842,2,9,72,'',NULL),(9843,2,9,73,'',NULL),(9844,2,9,21,'',NULL),(9845,2,9,27,'',NULL),(9846,2,9,43,'',NULL),(9847,2,9,32,'true',NULL),(9848,2,9,44,'4000',4000),(9849,2,9,47,'20',20),(9850,2,9,46,'',NULL),(9851,2,9,45,'5000',5000),(9852,2,9,9,'',NULL),(9853,2,9,12,'',NULL),(9854,2,9,42,'',NULL),(9855,1,10,10,'Mea Culpa Bar',NULL),(9856,1,10,78,'',NULL),(9857,1,10,8,'',NULL),(9858,1,10,17,'<p><font face=\"Arial, Verdana\"><span style=\"font-size: 13.3333px;\">Mea Culpa Bar is located in the city center with a terrace on the square Miljnka Stančića where you have a direct view of the Old Town.</span></font></p>',NULL),(9859,1,10,38,'empty',NULL),(9860,1,10,56,'5',5),(9861,1,10,1,'',NULL),(9862,1,10,79,'Night Club -',NULL),(9863,1,10,64,'Croatia - Varaždin -',NULL),(9864,1,10,4,'Fun',NULL),(9865,1,10,54,'Agent',NULL),(9866,1,10,36,'',NULL),(9867,1,10,5,'Varaždinska',NULL),(9868,1,10,40,'42000',42000),(9869,1,10,7,'Varazdin',NULL),(9870,1,10,66,'',NULL),(9871,1,10,67,'',NULL),(9872,1,10,68,'',NULL),(9873,1,10,69,'',NULL),(9874,1,10,70,'',NULL),(9875,1,10,71,'',NULL),(9876,1,10,72,'',NULL),(9877,1,10,73,'',NULL),(9878,1,10,21,'',NULL),(9879,1,10,27,'',NULL),(9880,1,10,43,'',NULL),(9881,1,10,32,'',NULL),(9882,1,10,44,'400',400),(9883,1,10,47,'1000',1000),(9884,1,10,46,'',NULL),(9885,1,10,45,'3000',3000),(9886,1,10,9,'',NULL),(9887,1,10,12,'',NULL),(9888,1,10,42,'',NULL),(9889,2,10,10,'Mea Culpa Bar',NULL),(9890,2,10,78,'',NULL),(9891,2,10,8,'<p>Mea Culpa Bar smješten je u staroj gradskoj jezgri.</p>',NULL),(9892,2,10,17,'<p><span style=\"font-size: 13.3333px;\">Mea Culpa Bar smješten je u staroj gradskoj jezgri u starom centru grada s terasom na Trgu Miljnka Stančića s koje imate izravan pogled na tvrđavu Stari grad.</span></p>',NULL),(9893,2,10,38,'empty',NULL),(9894,2,10,56,'5',5),(9895,2,10,1,'',NULL),(9896,2,10,79,'Noćni Klub -',NULL),(9897,2,10,64,'Croatia - Varaždin -',NULL),(9898,2,10,4,'Zabava',NULL),(9899,2,10,54,'Agent',NULL),(9900,2,10,36,'',NULL),(9901,2,10,5,'Varaždinska',NULL),(9902,2,10,40,'42000',42000),(9903,2,10,7,'Varaždin',NULL),(9904,2,10,66,'',NULL),(9905,2,10,67,'',NULL),(9906,2,10,68,'',NULL),(9907,2,10,69,'',NULL),(9908,2,10,70,'',NULL),(9909,2,10,71,'',NULL),(9910,2,10,72,'',NULL),(9911,2,10,73,'',NULL),(9912,2,10,21,'',NULL),(9913,2,10,27,'',NULL),(9914,2,10,43,'',NULL),(9915,2,10,32,'',NULL),(9916,2,10,44,'400',400),(9917,2,10,47,'1000',1000),(9918,2,10,46,'',NULL),(9919,2,10,45,'3000',3000),(9920,2,10,9,'',NULL),(9921,2,10,12,'',NULL),(9922,2,10,42,'',NULL),(9923,1,11,10,'Center, Korzo',NULL),(9924,1,11,78,'',NULL),(9925,1,11,8,'<p><font face=\"Arial, Verdana\"><span style=\"font-size: 13.3333px;\">King Tomislav Square Varazdin central square called Korzo</span></font><span style=\"font-size: 13.3333px; font-family: Arial, Verdana;\">.</span></p>',NULL),(9926,1,11,17,'<p><font face=\"Arial, Verdana\"><span style=\"font-size: 13.3333px;\">King Tomislav Square Varazdin central square called Korzo, the hall, the cathedral university and other sights.</span></font></p>',NULL),(9927,1,11,38,'empty',NULL),(9928,1,11,56,'4',4),(9929,1,11,1,'',NULL),(9930,1,11,79,'Coffee bar -',NULL),(9931,1,11,64,'Germany -',NULL),(9932,1,11,4,'Excursion',NULL),(9933,1,11,54,'Agent',NULL),(9934,1,11,36,'',NULL),(9935,1,11,5,'Varaždinska',NULL),(9936,1,11,40,'42000',42000),(9937,1,11,7,'Varazdin',NULL),(9938,1,11,66,'',NULL),(9939,1,11,67,'',NULL),(9940,1,11,68,'',NULL),(9941,1,11,69,'',NULL),(9942,1,11,70,'',NULL),(9943,1,11,71,'',NULL),(9944,1,11,72,'',NULL),(9945,1,11,73,'',NULL),(9946,1,11,21,'',NULL),(9947,1,11,27,'',NULL),(9948,1,11,43,'',NULL),(9949,1,11,32,'',NULL),(9950,1,11,44,'1',1),(9951,1,11,47,'1500',1500),(9952,1,11,46,'',NULL),(9953,1,11,45,'2000',2000),(9954,1,11,9,'',NULL),(9955,1,11,12,'',NULL),(9956,1,11,42,'',NULL),(9957,2,11,10,'Korzo',NULL),(9958,2,11,78,'',NULL),(9959,2,11,8,'<p>Trg Kralja Tomislava centralni varaždinski trg takozvai Korzo.</p>',NULL),(9960,2,11,17,'<p><span style=\"font-size: 13.3333px;\">Trg Kralja Tomislava centralni varaždinski trg takozvai Korzo, s vječnicom, katedralom fakultetom i drugom znamenitostima.</span></p>',NULL),(9961,2,11,38,'empty',NULL),(9962,2,11,56,'4',4),(9963,2,11,1,'',NULL),(9964,2,11,79,'Caffe bar -',NULL),(9965,2,11,64,'Germany -',NULL),(9966,2,11,4,'Izleti',NULL),(9967,2,11,54,'Agent',NULL),(9968,2,11,36,'',NULL),(9969,2,11,5,'Varaždinska',NULL),(9970,2,11,40,'42000',42000),(9971,2,11,7,'Varaždin',NULL),(9972,2,11,66,'',NULL),(9973,2,11,67,'',NULL),(9974,2,11,68,'',NULL),(9975,2,11,69,'',NULL),(9976,2,11,70,'',NULL),(9977,2,11,71,'',NULL),(9978,2,11,72,'',NULL),(9979,2,11,73,'',NULL),(9980,2,11,21,'',NULL),(9981,2,11,27,'',NULL),(9982,2,11,43,'',NULL),(9983,2,11,32,'',NULL),(9984,2,11,44,'1',1),(9985,2,11,47,'1500',1500),(9986,2,11,46,'',NULL),(9987,2,11,45,'2000',2000),(9988,2,11,9,'',NULL),(9989,2,11,12,'',NULL),(9990,2,11,42,'',NULL),(9991,1,12,10,'Franjevački trg',NULL),(9992,1,12,78,'',NULL),(9993,1,12,8,'<p><span style=\"font-size: 13.3333px;\">On the square are situated a Franciscan monastery and church of St. Ivana Baptist.</span></p>',NULL),(9994,1,12,17,'<div><font face=\"Arial, Verdana\"><span style=\"font-size: 13.3333px;\">On the square are situated a Franciscan monastery and church of St. Ivana Baptist.</span></font></div>\r\n\r\n<div><font face=\"Arial, Verdana\"><span style=\"font-size: 13.3333px;\">Next to the church is the statue of Gregory of Nin, made by Croatian sculptor Ivan Mestrovic.</span></font></div>',NULL),(9995,1,12,38,'empty',NULL),(9996,1,12,56,'4',4),(9997,1,12,1,'',NULL),(9998,1,12,79,'Coffee bar -',NULL),(9999,1,12,64,'Croatia - Međimurje -',NULL),(10000,1,12,4,'Excursion',NULL),(10001,1,12,54,'Agent',NULL),(10002,1,12,36,'',NULL),(10003,1,12,5,'Varaždinska',NULL),(10004,1,12,40,'42000',42000),(10005,1,12,7,'Varazdin',NULL),(10006,1,12,66,'',NULL),(10007,1,12,67,'',NULL),(10008,1,12,68,'',NULL),(10009,1,12,69,'',NULL),(10010,1,12,70,'',NULL),(10011,1,12,71,'',NULL),(10012,1,12,72,'',NULL),(10013,1,12,73,'',NULL),(10014,1,12,21,'',NULL),(10015,1,12,27,'',NULL),(10016,1,12,43,'',NULL),(10017,1,12,32,'',NULL),(10018,1,12,44,'100',100),(10019,1,12,47,'1500',1500),(10020,1,12,46,'',NULL),(10021,1,12,45,'3000',3000),(10022,1,12,9,'',NULL),(10023,1,12,12,'',NULL),(10024,1,12,42,'',NULL),(10025,2,12,10,'Franjevački trg',NULL),(10026,2,12,78,'',NULL),(10027,2,12,8,'<p>Na trgu su smješteni franjevački samostan i Carkva sv. Ivana Krstitelja</p>',NULL),(10028,2,12,17,'<p><span style=\"font-size: 13.3333px;\">Na trgu su smješteni franjevački samostan i Carkva sv. Ivana Krstitelja.</span></p>\r\n\r\n<div>Uz crkvu je postavljen kip Grgura Ninskog, koji je&nbsp;<span style=\"color: rgb(37, 37, 37); font-family: sans-serif; font-size: 14px; line-height: 22.4px; background-color: rgb(255, 255, 255);\">izradio hrvatski kipar Ivan Meštrović.</span></div>',NULL),(10029,2,12,38,'empty',NULL),(10030,2,12,56,'4',4),(10031,2,12,1,'',NULL),(10032,2,12,79,'Caffe bar -',NULL),(10033,2,12,64,'Croatia - Međimurje -',NULL),(10034,2,12,4,'Izleti',NULL),(10035,2,12,54,'Agent',NULL),(10036,2,12,36,'',NULL),(10037,2,12,5,'Varaždinska',NULL),(10038,2,12,40,'42000',42000),(10039,2,12,7,'Varaždin',NULL),(10040,2,12,66,'',NULL),(10041,2,12,67,'',NULL),(10042,2,12,68,'',NULL),(10043,2,12,69,'',NULL),(10044,2,12,70,'',NULL),(10045,2,12,71,'',NULL),(10046,2,12,72,'',NULL),(10047,2,12,73,'',NULL),(10048,2,12,21,'',NULL),(10049,2,12,27,'',NULL),(10050,2,12,43,'',NULL),(10051,2,12,32,'',NULL),(10052,2,12,44,'100',100),(10053,2,12,47,'1500',1500),(10054,2,12,46,'',NULL),(10055,2,12,45,'3000',3000),(10056,2,12,9,'',NULL),(10057,2,12,12,'',NULL),(10058,2,12,42,'',NULL),(10059,1,13,10,'Hotel Turist',NULL),(10060,1,13,78,'',NULL),(10061,1,13,8,'<p>Tourist Hotel was founded in 1964 on the model of the Varazdin &quot;Grand Hotels&quot;.</p>',NULL),(10062,1,13,17,'<p><span style=\"font-family: \'Segoe UI\', Arial, sans-serif; font-size: 14px; line-height: 23px; background-color: rgb(255, 255, 255);\">Hotel Turist utemeljen je 1964.godine po uzoru na stare varaždinske &quot;grand hotele&quot;. S</span><span style=\"font-family: \'Segoe UI\', Arial, sans-serif; font-size: 14px; line-height: 23px; background-color: rgb(255, 255, 255);\">avršena je destinacija za odmor i relaksaciju, svojim gostima nudi smještaj kapaciteta od 174 ležaja.&nbsp;</span></p>',NULL),(10063,1,13,38,'empty',NULL),(10064,1,13,56,'4',4),(10065,1,13,1,'',NULL),(10066,1,13,79,'Hotel -',NULL),(10067,1,13,64,'Croatia - Zadar -',NULL),(10068,1,13,4,'Sleeping',NULL),(10069,1,13,54,'Agent',NULL),(10070,1,13,36,'',NULL),(10071,1,13,5,'Varaždinska',NULL),(10072,1,13,40,'42000',42000),(10073,1,13,7,'Varazdin',NULL),(10074,1,13,66,'',NULL),(10075,1,13,67,'',NULL),(10076,1,13,68,'',NULL),(10077,1,13,69,'',NULL),(10078,1,13,70,'',NULL),(10079,1,13,71,'',NULL),(10080,1,13,72,'',NULL),(10081,1,13,73,'',NULL),(10082,1,13,21,'',NULL),(10083,1,13,27,'',NULL),(10084,1,13,43,'',NULL),(10085,1,13,32,'true',NULL),(10086,1,13,44,'1500',1500),(10087,1,13,47,'1000',1000),(10088,1,13,46,'',NULL),(10089,1,13,45,'1500',1500),(10090,1,13,9,'',NULL),(10091,1,13,12,'',NULL),(10092,1,13,42,'',NULL),(10093,2,13,10,'Hotel Turist',NULL),(10094,2,13,78,'',NULL),(10095,2,13,8,'<p>Hotel Turist utemeljen je 1964.godine po uzoru na stare varaždinske &quot;grand hotele&quot;.</p>',NULL),(10096,2,13,17,'<p><span style=\"font-family: \'Segoe UI\', Arial, sans-serif; font-size: 14px; line-height: 23px; background-color: rgb(255, 255, 255);\">Hotel Turist utemeljen je 1964.godine po uzoru na stare varaždinske &quot;grand hotele&quot;. S</span><span style=\"font-family: \'Segoe UI\', Arial, sans-serif; font-size: 14px; line-height: 23px; background-color: rgb(255, 255, 255);\">avršena je destinacija za odmor i relaksaciju, svojim gostima nudi smještaj kapaciteta od 174 ležaja.&nbsp;</span></p>',NULL),(10097,2,13,38,'empty',NULL),(10098,2,13,56,'4',4),(10099,2,13,1,'',NULL),(10100,2,13,79,'Hotel -',NULL),(10101,2,13,64,'Croatia - Zadar -',NULL),(10102,2,13,4,'Spavanje',NULL),(10103,2,13,54,'Agent',NULL),(10104,2,13,36,'',NULL),(10105,2,13,5,'Varaždinska',NULL),(10106,2,13,40,'42000',42000),(10107,2,13,7,'Varaždin',NULL),(10108,2,13,66,'',NULL),(10109,2,13,67,'',NULL),(10110,2,13,68,'',NULL),(10111,2,13,69,'',NULL),(10112,2,13,70,'',NULL),(10113,2,13,71,'',NULL),(10114,2,13,72,'',NULL),(10115,2,13,73,'',NULL),(10116,2,13,21,'',NULL),(10117,2,13,27,'',NULL),(10118,2,13,43,'',NULL),(10119,2,13,32,'true',NULL),(10120,2,13,44,'1500',1500),(10121,2,13,47,'1000',1000),(10122,2,13,46,'',NULL),(10123,2,13,45,'1500',1500),(10124,2,13,9,'',NULL),(10125,2,13,12,'',NULL),(10126,2,13,42,'',NULL),(10127,1,14,10,'Opća bolnica Varaždin',NULL),(10128,1,14,78,'',NULL),(10129,1,14,8,'<p><font face=\"Arial, Verdana\"><span style=\"font-size: 13.3333px;\">The largest hospital in Varazdin County.</span></font></p>',NULL),(10130,1,14,17,'<p><font face=\"Arial, Verdana\"><span style=\"font-size: 13.3333px;\">The largest hospital in Varazdin County.</span></font></p>',NULL),(10131,1,14,38,'empty',NULL),(10132,1,14,56,'3',3),(10133,1,14,1,'',NULL),(10134,1,14,79,'Hotel -',NULL),(10135,1,14,64,'Croatia - Osijek -',NULL),(10136,1,14,4,'Emergency',NULL),(10137,1,14,54,'Agent',NULL),(10138,1,14,36,'',NULL),(10139,1,14,5,'Varaždinska',NULL),(10140,1,14,40,'42000',42000),(10141,1,14,7,'Varazdin',NULL),(10142,1,14,66,'',NULL),(10143,1,14,67,'',NULL),(10144,1,14,68,'',NULL),(10145,1,14,69,'',NULL),(10146,1,14,70,'',NULL),(10147,1,14,71,'',NULL),(10148,1,14,72,'',NULL),(10149,1,14,73,'',NULL),(10150,1,14,21,'',NULL),(10151,1,14,27,'',NULL),(10152,1,14,43,'',NULL),(10153,1,14,32,'true',NULL),(10154,1,14,44,'2000',2000),(10155,1,14,47,'500',500),(10156,1,14,46,'',NULL),(10157,1,14,45,'3000',3000),(10158,1,14,9,'',NULL),(10159,1,14,12,'',NULL),(10160,1,14,42,'',NULL),(10161,2,14,10,'Opća bolnica Varaždin',NULL),(10162,2,14,78,'',NULL),(10163,2,14,8,'<p>Najveća bolnička ustanova u Varaždinskoj županiji.</p>',NULL),(10164,2,14,17,'',NULL),(10165,2,14,38,'empty',NULL),(10166,2,14,56,'3',3),(10167,2,14,1,'',NULL),(10168,2,14,79,'Hotel -',NULL),(10169,2,14,64,'Croatia - Osijek -',NULL),(10170,2,14,4,'Prva pomoć',NULL),(10171,2,14,54,'Agent',NULL),(10172,2,14,36,'',NULL),(10173,2,14,5,'Varaždinska',NULL),(10174,2,14,40,'42000',42000),(10175,2,14,7,'Varaždin',NULL),(10176,2,14,66,'',NULL),(10177,2,14,67,'',NULL),(10178,2,14,68,'',NULL),(10179,2,14,69,'',NULL),(10180,2,14,70,'',NULL),(10181,2,14,71,'',NULL),(10182,2,14,72,'',NULL),(10183,2,14,73,'',NULL),(10184,2,14,21,'',NULL),(10185,2,14,27,'',NULL),(10186,2,14,43,'',NULL),(10187,2,14,32,'true',NULL),(10188,2,14,44,'2000',2000),(10189,2,14,47,'500',500),(10190,2,14,46,'',NULL),(10191,2,14,45,'3000',3000),(10192,2,14,9,'',NULL),(10193,2,14,12,'',NULL),(10194,2,14,42,'',NULL),(10195,1,15,10,'PU varaždinska',NULL),(10196,1,15,78,'',NULL),(10197,1,15,8,'<p><span style=\"font-size: 13.3333px;\">In the area of the Police Department monitors, analyzes and prevent a situation of public order, road safety and the issue of misdemeanors and offenses.</span></p>',NULL),(10198,1,15,17,'<p><font face=\"Arial, Verdana\"><span style=\"font-size: 13.3333px;\">In the area of the Police Department monitors, analyzes and prevent a situation of public order, road safety and the issue of misdemeanors and offenses. Monitors the state of explosion protection, ensuring public meetings, facilities and people, and organizes professional development for employees.</span></font></p>',NULL),(10199,1,15,38,'empty',NULL),(10200,1,15,56,'5',5),(10201,1,15,1,'',NULL),(10202,1,15,79,'Store -',NULL),(10203,1,15,64,'Croatia - Međimurje -',NULL),(10204,1,15,4,'Emergency',NULL),(10205,1,15,54,'Agent',NULL),(10206,1,15,36,'',NULL),(10207,1,15,5,'Varaždinska',NULL),(10208,1,15,40,'42000',42000),(10209,1,15,7,'Varazdin',NULL),(10210,1,15,66,'',NULL),(10211,1,15,67,'',NULL),(10212,1,15,68,'',NULL),(10213,1,15,69,'',NULL),(10214,1,15,70,'',NULL),(10215,1,15,71,'',NULL),(10216,1,15,72,'',NULL),(10217,1,15,73,'',NULL),(10218,1,15,21,'',NULL),(10219,1,15,27,'',NULL),(10220,1,15,43,'',NULL),(10221,1,15,32,'true',NULL),(10222,1,15,44,'1500',1500),(10223,1,15,47,'2000',2000),(10224,1,15,46,'',NULL),(10225,1,15,45,'1000',1000),(10226,1,15,9,'',NULL),(10227,1,15,12,'',NULL),(10228,1,15,42,'',NULL),(10229,2,15,10,'PU varaždinska',NULL),(10230,2,15,78,'',NULL),(10231,2,15,8,'<div style=\"text-align: justify;\"><font face=\"Arial, sans-serif\"><span style=\"font-size: 11px; line-height: 17px;\">Na području Policijske uprave prati, analizira i prevenira stanje javnog reda, sigurnosti cestovnog prometa te problematiku prijestupa i prekršaja.</span></font></div>',NULL),(10232,2,15,17,'<p><span style=\"font-family: Arial, sans-serif; font-size: 11px; line-height: 17px; text-align: justify;\">Na području Policijske uprave prati, analizira i prevenira stanje javnog reda, sigurnosti cestovnog prometa te problematiku prijestupa i prekršaja. Prati stanje protueksplozijske zaštite, osiguranja javnih okupljanja, objekata i osoba te organizira stručno usavršavanje djelatnika.</span></p>',NULL),(10233,2,15,38,'empty',NULL),(10234,2,15,56,'5',5),(10235,2,15,1,'',NULL),(10236,2,15,79,'Trgovina -',NULL),(10237,2,15,64,'Croatia - Međimurje -',NULL),(10238,2,15,4,'Prva pomoć',NULL),(10239,2,15,54,'Agent',NULL),(10240,2,15,36,'',NULL),(10241,2,15,5,'Varaždinska',NULL),(10242,2,15,40,'42000',42000),(10243,2,15,7,'Varaždin',NULL),(10244,2,15,66,'',NULL),(10245,2,15,67,'',NULL),(10246,2,15,68,'',NULL),(10247,2,15,69,'',NULL),(10248,2,15,70,'',NULL),(10249,2,15,71,'',NULL),(10250,2,15,72,'',NULL),(10251,2,15,73,'',NULL),(10252,2,15,21,'',NULL),(10253,2,15,27,'',NULL),(10254,2,15,43,'',NULL),(10255,2,15,32,'true',NULL),(10256,2,15,44,'1500',1500),(10257,2,15,47,'2000',2000),(10258,2,15,46,'',NULL),(10259,2,15,45,'1000',1000),(10260,2,15,9,'',NULL),(10261,2,15,12,'',NULL),(10262,2,15,42,'',NULL),(10263,1,16,10,'AP Varaždin',NULL),(10264,1,16,78,'',NULL),(10265,1,16,8,'<p>both of passengers and cargo</p>',NULL),(10266,1,16,17,'<p><span style=\"color: rgb(51, 51, 51); font-family: Helvetica, Arial, sans-serif; font-size: 12px; line-height: 17.1429px; background-color: rgb(255, 255, 255);\">Autobusni promet d.d. Varaždin je poduzeće s osnovnom djelatnošću prijevoza putnika u domaćem i međunarodnom cestovnom prometu.&nbsp;</span></p>',NULL),(10267,1,16,38,'empty',NULL),(10268,1,16,56,'4',4),(10269,1,16,1,'',NULL),(10270,1,16,79,'Store -',NULL),(10271,1,16,64,'Croatia - Varaždin -',NULL),(10272,1,16,4,'Transport',NULL),(10273,1,16,54,'Agent',NULL),(10274,1,16,36,'',NULL),(10275,1,16,5,'Varaždinska',NULL),(10276,1,16,40,'42000',42000),(10277,1,16,7,'Varazdin',NULL),(10278,1,16,66,'',NULL),(10279,1,16,67,'',NULL),(10280,1,16,68,'',NULL),(10281,1,16,69,'',NULL),(10282,1,16,70,'',NULL),(10283,1,16,71,'',NULL),(10284,1,16,72,'',NULL),(10285,1,16,73,'',NULL),(10286,1,16,21,'',NULL),(10287,1,16,27,'',NULL),(10288,1,16,43,'',NULL),(10289,1,16,32,'true',NULL),(10290,1,16,44,'1000',1000),(10291,1,16,47,'1',1),(10292,1,16,46,'',NULL),(10293,1,16,45,'3000',3000),(10294,1,16,9,'',NULL),(10295,1,16,12,'',NULL),(10296,1,16,42,'',NULL),(10297,2,16,10,'AP Varaždin',NULL),(10298,2,16,78,'',NULL),(10299,2,16,8,'<p><span style=\"color: rgb(51, 51, 51); font-family: Helvetica, Arial, sans-serif; font-size: 12px; line-height: 17.1429px;\">Bus dd Varazdin is a company with core business of passenger transportation in domestic and international road transport.</span></p>',NULL),(10300,2,16,17,'<p><font color=\"#333333\" face=\"Helvetica, Arial, sans-serif\"><span style=\"font-size: 12px; line-height: 17.1429px;\">Bus dd Varazdin is a company with core business of passenger transportation in domestic and international road transport. Currently, the fleet&#39;s 125 buses, of which 50 are high-class.</span></font></p>',NULL),(10301,2,16,38,'empty',NULL),(10302,2,16,56,'4',4),(10303,2,16,1,'',NULL),(10304,2,16,79,'Trgovina -',NULL),(10305,2,16,64,'Croatia - Varaždin -',NULL),(10306,2,16,4,'Prijevoz',NULL),(10307,2,16,54,'Agent',NULL),(10308,2,16,36,'',NULL),(10309,2,16,5,'Varaždinska',NULL),(10310,2,16,40,'42000',42000),(10311,2,16,7,'Varaždin',NULL),(10312,2,16,66,'',NULL),(10313,2,16,67,'',NULL),(10314,2,16,68,'',NULL),(10315,2,16,69,'',NULL),(10316,2,16,70,'',NULL),(10317,2,16,71,'',NULL),(10318,2,16,72,'',NULL),(10319,2,16,73,'',NULL),(10320,2,16,21,'',NULL),(10321,2,16,27,'',NULL),(10322,2,16,43,'',NULL),(10323,2,16,32,'true',NULL),(10324,2,16,44,'1000',1000),(10325,2,16,47,'1',1),(10326,2,16,46,'',NULL),(10327,2,16,45,'3000',3000),(10328,2,16,9,'',NULL),(10329,2,16,12,'',NULL),(10330,2,16,42,'',NULL),(10331,1,17,10,'HŽ Putnički prijevoz',NULL),(10332,1,17,78,'',NULL),(10333,1,17,8,'<p>Activity Railways Passenger Transport in the first place is the public transport of passengers in domestic and international railway transport.</p>',NULL),(10334,1,17,17,'<p>Activity Railways Passenger Transport in the first place is the public transport of passengers in domestic and international railway transport. This implies linking rail urban centers and local areas in Croatia with metropolitan and other urban centers in Europe and mass transport passengers within the major cities and suburban areas.</p>',NULL),(10335,1,17,38,'empty',NULL),(10336,1,17,56,'4',4),(10337,1,17,1,'',NULL),(10338,1,17,79,'Library -',NULL),(10339,1,17,64,'Croatia - Sisak -',NULL),(10340,1,17,4,'Transport',NULL),(10341,1,17,54,'Agent',NULL),(10342,1,17,36,'',NULL),(10343,1,17,5,'Varaždinska',NULL),(10344,1,17,40,'42000',42000),(10345,1,17,7,'Varazdin',NULL),(10346,1,17,66,'',NULL),(10347,1,17,67,'',NULL),(10348,1,17,74,'397',397),(10349,1,17,68,'',NULL),(10350,1,17,69,'',NULL),(10351,1,17,70,'',NULL),(10352,1,17,71,'',NULL),(10353,1,17,72,'',NULL),(10354,1,17,73,'',NULL),(10355,1,17,21,'',NULL),(10356,1,17,27,'',NULL),(10357,1,17,43,'',NULL),(10358,1,17,32,'true',NULL),(10359,1,17,44,'2000',2000),(10360,1,17,47,'3000',3000),(10361,1,17,46,'',NULL),(10362,1,17,45,'1',1),(10363,1,17,9,'',NULL),(10364,1,17,12,'',NULL),(10365,1,17,42,'',NULL),(10366,2,17,10,'HŽ Putnički prijevoz',NULL),(10367,2,17,78,'',NULL),(10368,2,17,8,'<p>Djelatnost HŽ Putničkoga prijevoza u prvom redu jest obavljanje javnoga prijevoza putnika u unutarnjem i međunarodnom željezničkom prijevozu.</p>',NULL),(10369,2,17,17,'<p>Djelatnost HŽ Putničkoga prijevoza u prvom redu jest obavljanje javnoga prijevoza putnika u unutarnjem i međunarodnom željezničkom prijevozu. Pod time se podrazumijeva povezivanje željeznicom gradskih središta i lokalnih sredina u Hrvatskoj s metropolskim i drugim gradskim središtima u Europi te masovan prijevoz putnika unutar većih gradova i prigradskih područja.</p>',NULL),(10370,2,17,38,'empty',NULL),(10371,2,17,56,'4',4),(10372,2,17,1,'',NULL),(10373,2,17,79,'Knjižnica -',NULL),(10374,2,17,64,'Croatia - Sisak -',NULL),(10375,2,17,4,'Prijevoz',NULL),(10376,2,17,54,'Agent',NULL),(10377,2,17,36,'',NULL),(10378,2,17,5,'Varaždinska',NULL),(10379,2,17,40,'42000',42000),(10380,2,17,7,'Varaždin',NULL),(10381,2,17,66,'',NULL),(10382,2,17,67,'',NULL),(10383,2,17,68,'',NULL),(10384,2,17,69,'',NULL),(10385,2,17,70,'',NULL),(10386,2,17,71,'',NULL),(10387,2,17,72,'',NULL),(10388,2,17,73,'',NULL),(10389,2,17,21,'',NULL),(10390,2,17,27,'',NULL),(10391,2,17,43,'',NULL),(10392,2,17,32,'true',NULL),(10393,2,17,44,'2000',2000),(10394,2,17,47,'3000',3000),(10395,2,17,46,'',NULL),(10396,2,17,45,'1',1),(10397,2,17,9,'',NULL),(10398,2,17,12,'',NULL),(10399,2,17,42,'',NULL),(10400,1,18,10,'Cemetery',NULL),(10401,1,18,78,'',NULL),(10402,1,18,8,'<p>The cemetery was protected in 1966 as a monument of garden architecture.</p>',NULL),(10403,1,18,17,'<p>The cemetery was protected in 1966 as a monument of garden architecture and the cemetery as a whole, with special note to protect the old tombstones and monuments from the late 18th and 19th centuries, and the burial chapel.</p>',NULL),(10404,1,18,38,'empty',NULL),(10405,1,18,56,'5',5),(10406,1,18,1,'',NULL),(10407,1,18,79,'Hotel -',NULL),(10408,1,18,64,'Croatia - Varaždin -',NULL),(10409,1,18,4,'Excursion',NULL),(10410,1,18,54,'Agent',NULL),(10411,1,18,36,'',NULL),(10412,1,18,5,'Varaždinska',NULL),(10413,1,18,40,'42000',42000),(10414,1,18,7,'Varazdin',NULL),(10415,1,18,66,'',NULL),(10416,1,18,67,'',NULL),(10417,1,18,68,'',NULL),(10418,1,18,69,'',NULL),(10419,1,18,70,'',NULL),(10420,1,18,71,'',NULL),(10421,1,18,72,'',NULL),(10422,1,18,73,'',NULL),(10423,1,18,21,'',NULL),(10424,1,18,27,'',NULL),(10425,1,18,43,'',NULL),(10426,1,18,32,'true',NULL),(10427,1,18,44,'1500',1500),(10428,1,18,47,'2000',2000),(10429,1,18,46,'',NULL),(10430,1,18,45,'3000',3000),(10431,1,18,9,'',NULL),(10432,1,18,12,'',NULL),(10433,1,18,42,'',NULL),(10434,2,18,10,'Varaždinsko groblje',NULL),(10435,2,18,78,'',NULL),(10436,2,18,8,'<p>Groblje je zaštićeno 1966. godine kao spomenik vrtne arhitekture.</p>',NULL),(10437,2,18,17,'<p>Groblje je zaštićeno 1966. godine kao spomenik vrtne arhitekture i groblje kao cjelina, uz posebnu napomenu da se zaštićuju stare nadgrobne ploče i spomenici iz kraja 18. i 19. stoljeća te grobne kapele.</p>',NULL),(10438,2,18,38,'empty',NULL),(10439,2,18,56,'5',5),(10440,2,18,1,'',NULL),(10441,2,18,79,'Hotel -',NULL),(10442,2,18,64,'Croatia - Varaždin -',NULL),(10443,2,18,4,'Izleti',NULL),(10444,2,18,54,'Agent',NULL),(10445,2,18,36,'',NULL),(10446,2,18,5,'Varaždinska',NULL),(10447,2,18,40,'42000',42000),(10448,2,18,7,'Varaždin',NULL),(10449,2,18,66,'',NULL),(10450,2,18,67,'',NULL),(10451,2,18,68,'',NULL),(10452,2,18,69,'',NULL),(10453,2,18,70,'',NULL),(10454,2,18,71,'',NULL),(10455,2,18,72,'',NULL),(10456,2,18,73,'',NULL),(10457,2,18,21,'',NULL),(10458,2,18,27,'',NULL),(10459,2,18,43,'',NULL),(10460,2,18,32,'true',NULL),(10461,2,18,44,'1500',1500),(10462,2,18,47,'2000',2000),(10463,2,18,46,'',NULL),(10464,2,18,45,'3000',3000),(10465,2,18,9,'',NULL),(10466,2,18,12,'',NULL),(10467,2,18,42,'',NULL),(10468,1,20,10,'Six',NULL),(10469,1,20,78,'',NULL),(10470,1,20,8,'<p><span style=\"font-size: 13.3333px;\">It offers a wide selection of pastries, cakes, ice cream and desserts.</span></p>',NULL),(10471,1,20,17,'<p><font face=\"Arial, Verdana\"><span style=\"font-size: 13.3333px;\">It offers a wide selection of pastries, cakes, ice cream and desserts, all offered sweets can try on the spot in the pastry with coffee or your favorite drink.</span></font></p>',NULL),(10472,1,20,38,'empty',NULL),(10473,1,20,56,'5',5),(10474,1,20,1,'',NULL),(10475,1,20,79,'Bakery -',NULL),(10476,1,20,64,'Austria -',NULL),(10477,1,20,4,'Food and drink',NULL),(10478,1,20,54,'Agent',NULL),(10479,1,20,36,'',NULL),(10480,1,20,5,'Varaždinska',NULL),(10481,1,20,40,'42000',42000),(10482,1,20,7,'Varazdin',NULL),(10483,1,20,66,'',NULL),(10484,1,20,67,'',NULL),(10485,1,20,68,'',NULL),(10486,1,20,69,'',NULL),(10487,1,20,70,'',NULL),(10488,1,20,71,'',NULL),(10489,1,20,72,'',NULL),(10490,1,20,73,'',NULL),(10491,1,20,21,'',NULL),(10492,1,20,27,'',NULL),(10493,1,20,43,'',NULL),(10494,1,20,32,'true',NULL),(10495,1,20,44,'50',50),(10496,1,20,47,'2000',2000),(10497,1,20,46,'',NULL),(10498,1,20,45,'2000',2000),(10499,1,20,9,'',NULL),(10500,1,20,12,'',NULL),(10501,1,20,42,'',NULL),(10502,2,20,10,'Slastičarnica Šest',NULL),(10503,2,20,78,'',NULL),(10504,2,20,8,'<p>Nudi širok izbor kolača, torti, sladoleda i ostalih slastica.</p>',NULL),(10505,2,20,17,'<p><span style=\"font-size: 13.3333px;\">Nudi širok izbor kolača, torti, sladoleda i ostalih slastica, sve ponuđene slastice možete isprobati na licu mjesta u samoj slastičarni uz kavu ili svoje omiljeno piće.</span></p>',NULL),(10506,2,20,38,'empty',NULL),(10507,2,20,56,'5',5),(10508,2,20,1,'',NULL),(10509,2,20,79,'Pekara -',NULL),(10510,2,20,64,'Austria -',NULL),(10511,2,20,4,'Hrana i piće',NULL),(10512,2,20,54,'Agent',NULL),(10513,2,20,36,'',NULL),(10514,2,20,5,'Varaždinska',NULL),(10515,2,20,40,'42000',42000),(10516,2,20,7,'Varaždin',NULL),(10517,2,20,66,'',NULL),(10518,2,20,67,'',NULL),(10519,2,20,68,'',NULL),(10520,2,20,69,'',NULL),(10521,2,20,70,'',NULL),(10522,2,20,71,'',NULL),(10523,2,20,72,'',NULL),(10524,2,20,73,'',NULL),(10525,2,20,21,'',NULL),(10526,2,20,27,'',NULL),(10527,2,20,43,'',NULL),(10528,2,20,32,'true',NULL),(10529,2,20,44,'50',50),(10530,2,20,47,'2000',2000),(10531,2,20,46,'',NULL),(10532,2,20,45,'2000',2000),(10533,2,20,9,'',NULL),(10534,2,20,12,'',NULL),(10535,2,20,42,'',NULL),(10604,1,19,10,'Restoran Angelus',NULL),(10605,1,19,78,'',NULL),(10606,1,19,8,'<p>Modern and creative indigenous-Mediterranean cuisine.&nbsp;</p>',NULL),(10607,1,19,17,'<p>Modern and creative indigenous-Mediterranean cuisine, which welcomes its guests expresses a very warm and cozy atmosphere and specific rusticity space. The needs and desires of their guests try to meet a selection of quality and fresh ingredients, and a lavish selection of soups, pastas, risottos, meat dishes, salads and desserts in our offer you will find many dishes suitable for vegetarians.</p>',NULL),(10608,1,19,38,'empty',NULL),(10609,1,19,56,'5',5),(10610,1,19,1,'',NULL),(10611,1,19,79,'Restaurant -',NULL),(10612,1,19,64,'Croatia - Zadar -',NULL),(10613,1,19,4,'Food and drink',NULL),(10614,1,19,54,'Agent',NULL),(10615,1,19,36,'',NULL),(10616,1,19,5,'Varaždinska',NULL),(10617,1,19,40,'42000',42000),(10618,1,19,7,'Varazdin',NULL),(10619,1,19,66,'',NULL),(10620,1,19,67,'',NULL),(10621,1,19,68,'',NULL),(10622,1,19,69,'',NULL),(10623,1,19,70,'',NULL),(10624,1,19,71,'',NULL),(10625,1,19,72,'',NULL),(10626,1,19,73,'',NULL),(10627,1,19,21,'',NULL),(10628,1,19,27,'',NULL),(10629,1,19,43,'',NULL),(10630,1,19,32,'true',NULL),(10631,1,19,44,'100',100),(10632,1,19,47,'1000',1000),(10633,1,19,46,'',NULL),(10634,1,19,45,'700',700),(10635,1,19,9,'',NULL),(10636,1,19,12,'',NULL),(10637,1,19,42,'',NULL),(10638,2,19,10,'Restoran Angelus',NULL),(10639,2,19,78,'',NULL),(10640,2,19,8,'<p>Moderna i kreativna autohtono-mediteranska kuhinja.</p>',NULL),(10641,2,19,17,'<p>Moderna i kreativna autohtono-mediteranska kuhinja koja dobrodošlicu svojim gostima izražava iznimno toplom i ugodnom atmosferom te specifičnim rustikalnim uređenjem prostora. Potrebe i želje svojih gostiju nastojimo zadovoljiti izborom kvalitetnih i svježih namirnica, odnosno raskošnom ponudom juha, tjestenina, rižota, mesnih specijaliteta, salata i slastica, a u našoj ponudi naći ćete i mnoga jela pogodna za vegetarijance.</p>',NULL),(10642,2,19,38,'empty',NULL),(10643,2,19,56,'5',5),(10644,2,19,1,'',NULL),(10645,2,19,79,'Restoran -',NULL),(10646,2,19,64,'Croatia - Zadar -',NULL),(10647,2,19,4,'Hrana i piće',NULL),(10648,2,19,54,'Agent',NULL),(10649,2,19,36,'',NULL),(10650,2,19,5,'Varaždinska',NULL),(10651,2,19,40,'42000',42000),(10652,2,19,7,'Varaždin',NULL),(10653,2,19,66,'',NULL),(10654,2,19,67,'',NULL),(10655,2,19,68,'',NULL),(10656,2,19,69,'',NULL),(10657,2,19,70,'',NULL),(10658,2,19,71,'',NULL),(10659,2,19,72,'',NULL),(10660,2,19,73,'',NULL),(10661,2,19,21,'',NULL),(10662,2,19,27,'',NULL),(10663,2,19,43,'',NULL),(10664,2,19,32,'true',NULL),(10665,2,19,44,'100',100),(10666,2,19,47,'1000',1000),(10667,2,19,46,'',NULL),(10668,2,19,45,'700',700),(10669,2,19,9,'',NULL),(10670,2,19,12,'',NULL),(10671,2,19,42,'',NULL);

--
-- Table structure for table `qa`
--

DROP TABLE IF EXISTS `qa`;
/*!40101 SET @saved_cs_client     = @@character_set_client */;
/*!40101 SET character_set_client = utf8 */;
CREATE TABLE `qa` (
  `id` int(11) NOT NULL AUTO_INCREMENT,
  `parent_id` int(11) DEFAULT NULL,
  `order` int(11) DEFAULT NULL,
  `date` datetime DEFAULT NULL,
  `date_modified` datetime DEFAULT NULL,
  `date_publish` datetime DEFAULT NULL,
  `question_user_id` int(11) DEFAULT NULL,
  `type` varchar(45) COLLATE utf8_unicode_ci NOT NULL DEFAULT 'CATEGORY',
  `is_readed` tinyint(1) DEFAULT '0',
  `answer_user_id` int(11) DEFAULT NULL,
  PRIMARY KEY (`id`)
) ENGINE=InnoDB AUTO_INCREMENT=7 DEFAULT CHARSET=utf8 COLLATE=utf8_unicode_ci;
/*!40101 SET character_set_client = @saved_cs_client */;

--
-- Dumping data for table `qa`
--

INSERT INTO `qa` VALUES (1,0,1,'2014-05-08 14:13:45',NULL,NULL,NULL,'CATEGORY',0,NULL),(2,0,2,'2014-05-08 14:14:46',NULL,NULL,NULL,'CATEGORY',0,NULL),(4,1,2,'2014-05-08 22:22:53',NULL,'2014-05-08 22:22:51',NULL,'QUESTION',1,9),(5,2,2,'2014-05-09 19:58:23',NULL,'2014-05-09 19:58:17',NULL,'QUESTION',1,9),(6,1,2,'2014-06-17 15:33:16',NULL,'2014-06-17 15:32:57',NULL,'QUESTION',1,11);

--
-- Table structure for table `qa_lang`
--

DROP TABLE IF EXISTS `qa_lang`;
/*!40101 SET @saved_cs_client     = @@character_set_client */;
/*!40101 SET character_set_client = utf8 */;
CREATE TABLE `qa_lang` (
  `id_qa_lang` int(11) NOT NULL AUTO_INCREMENT,
  `qa_id` int(11) NOT NULL,
  `language_id` int(11) NOT NULL,
  `question` text COLLATE utf8_unicode_ci,
  `answer` text COLLATE utf8_unicode_ci,
  `keywords` varchar(160) COLLATE utf8_unicode_ci DEFAULT NULL,
  PRIMARY KEY (`id_qa_lang`),
  KEY `fk_qa_lang_qa1_idx` (`qa_id`),
  KEY `fk_qa_lang_language1_idx` (`language_id`),
  CONSTRAINT `fk_qa_lang_language1` FOREIGN KEY (`language_id`) REFERENCES `language` (`id`) ON DELETE NO ACTION ON UPDATE NO ACTION,
  CONSTRAINT `fk_qa_lang_qa1` FOREIGN KEY (`qa_id`) REFERENCES `qa` (`id`) ON DELETE NO ACTION ON UPDATE NO ACTION
) ENGINE=InnoDB AUTO_INCREMENT=63 DEFAULT CHARSET=utf8 COLLATE=utf8_unicode_ci;
/*!40101 SET character_set_client = @saved_cs_client */;

--
-- Dumping data for table `qa_lang`
--

INSERT INTO `qa_lang` VALUES (3,2,1,'Landscape Architect',NULL,NULL),(4,2,2,'Ekspert za okućnice',NULL,NULL),(5,1,1,'Properties interior expert',NULL,NULL),(6,1,2,'Ekspert za unutrašnjost nekretnina',NULL,NULL),(55,4,1,'Lorem ipsum dolor sit amet, consectetur adipiscing elit. Sed vulputate nec neque gravida rhoncus. Donec sit amet blandit mauris, sed bibendum risus?','Lorem ipsum dolor sit amet, consectetur adipiscing elit. Sed vulputate nec neque gravida rhoncus. Donec sit amet blandit mauris, sed bibendum risus.','kktest'),(56,4,2,'Lorem ipsum dolor sit amet, consectetur adipiscing elit. Sed vulputate nec neque gravida rhoncus. Donec sit amet blandit mauris, sed bibendum risus?','Lorem ipsum dolor sit amet, consectetur adipiscing elit. Sed vulputate nec neque gravida rhoncus. Donec sit amet blandit mauris, sed bibendum risus.','kk'),(59,6,1,'Test','Test','Test'),(60,6,2,'Test','Test','Test'),(61,5,1,'Lorem ipsum dolor sit amet, consectetur adipiscing elit. Sed vulputate nec neque gravida rhoncus. Donec sit amet blandit mauris, sed bibendum risus?','Lorem ipsum dolor sit amet, consectetur adipiscing elit. Sed vulputate nec neque gravida rhoncus. Donec sit amet blandit mauris, sed bibendum risus.',''),(62,5,2,'Lorem ipsum dolor sit amet, consectetur adipiscing elit. Sed vulputate nec neque gravida rhoncus. Donec sit amet blandit mauris, sed bibendum risus?','Lorem ipsum dolor sit amet, consectetur adipiscing elit. Sed vulputate nec neque gravida rhoncus. Donec sit amet blandit mauris, sed bibendum risus.','');

--
-- Table structure for table `rates`
--

DROP TABLE IF EXISTS `rates`;
/*!40101 SET @saved_cs_client     = @@character_set_client */;
/*!40101 SET character_set_client = utf8 */;
CREATE TABLE `rates` (
  `id` int(11) NOT NULL AUTO_INCREMENT,
  `property_id` int(11) NOT NULL,
  `date_from` datetime NOT NULL,
  `date_to` datetime NOT NULL,
  `min_stay` int(11) DEFAULT '1',
  `changeover_day` int(11) DEFAULT '6',
  PRIMARY KEY (`id`)
) ENGINE=InnoDB AUTO_INCREMENT=4 DEFAULT CHARSET=utf8 COLLATE=utf8_unicode_ci;
/*!40101 SET character_set_client = @saved_cs_client */;

--
-- Dumping data for table `rates`
--

INSERT INTO `rates` VALUES (2,8,'2014-12-30 18:58:29','2015-12-30 18:58:29',7,6),(3,8,'2014-07-01 22:46:21','2014-12-01 22:46:21',7,6);

--
-- Table structure for table `rates_lang`
--

DROP TABLE IF EXISTS `rates_lang`;
/*!40101 SET @saved_cs_client     = @@character_set_client */;
/*!40101 SET character_set_client = utf8 */;
CREATE TABLE `rates_lang` (
  `id` int(11) NOT NULL AUTO_INCREMENT,
  `rates_id` int(11) NOT NULL,
  `language_id` int(11) NOT NULL,
  `rate_nightly` decimal(10,2) DEFAULT NULL,
  `rate_weekly` decimal(10,2) DEFAULT NULL,
  `rate_monthly` decimal(10,2) DEFAULT NULL,
  `currency_code` varchar(10) COLLATE utf8_unicode_ci DEFAULT 'USD' COMMENT 'USD, EUR, HRK...',
  PRIMARY KEY (`id`),
  KEY `fk_raes_lang_rates1_idx` (`rates_id`),
  KEY `fk_raes_lang_language1_idx` (`language_id`),
  CONSTRAINT `fk_raes_lang_language1` FOREIGN KEY (`language_id`) REFERENCES `language` (`id`) ON DELETE NO ACTION ON UPDATE NO ACTION,
  CONSTRAINT `fk_raes_lang_rates1` FOREIGN KEY (`rates_id`) REFERENCES `rates` (`id`) ON DELETE NO ACTION ON UPDATE NO ACTION
) ENGINE=InnoDB AUTO_INCREMENT=23 DEFAULT CHARSET=utf8 COLLATE=utf8_unicode_ci;
/*!40101 SET character_set_client = @saved_cs_client */;

--
-- Dumping data for table `rates_lang`
--

INSERT INTO `rates_lang` VALUES (21,3,1,10.00,100.00,1000.00,'USD'),(22,3,2,50.00,500.00,5000.00,'AUD');

--
-- Table structure for table `removed_listings`
--

DROP TABLE IF EXISTS `removed_listings`;
/*!40101 SET @saved_cs_client     = @@character_set_client */;
/*!40101 SET character_set_client = utf8 */;
CREATE TABLE `removed_listings` (
  `id` int(11) NOT NULL AUTO_INCREMENT,
  `date_removed` datetime DEFAULT NULL,
  `address` text COLLATE utf8_unicode_ci,
  `lat` decimal(9,6) DEFAULT NULL,
  `lng` decimal(9,6) DEFAULT NULL,
  `submission_date` datetime DEFAULT NULL,
  `expire_date` datetime DEFAULT NULL,
  `price_0` int(11) DEFAULT NULL,
  `price_1` int(11) DEFAULT NULL,
  `price_2` int(11) DEFAULT NULL,
  PRIMARY KEY (`id`)
) ENGINE=InnoDB DEFAULT CHARSET=utf8 COLLATE=utf8_unicode_ci;
/*!40101 SET character_set_client = @saved_cs_client */;

--
-- Dumping data for table `removed_listings`
--


--
-- Table structure for table `reports`
--

DROP TABLE IF EXISTS `reports`;
/*!40101 SET @saved_cs_client     = @@character_set_client */;
/*!40101 SET character_set_client = utf8 */;
CREATE TABLE `reports` (
  `id` int(11) NOT NULL AUTO_INCREMENT,
  `date_submit` datetime DEFAULT NULL,
  `name` varchar(45) DEFAULT NULL,
  `phone` varchar(45) DEFAULT NULL,
  `email` varchar(45) DEFAULT NULL,
  `message` text,
  `allow_contact` varchar(45) DEFAULT NULL,
  `agent_id` int(11) DEFAULT NULL,
  `property_id` int(11) DEFAULT NULL,
  PRIMARY KEY (`id`)
) ENGINE=InnoDB DEFAULT CHARSET=utf8;
/*!40101 SET character_set_client = @saved_cs_client */;

--
-- Dumping data for table `reports`
--


--
-- Table structure for table `repository`
--

DROP TABLE IF EXISTS `repository`;
/*!40101 SET @saved_cs_client     = @@character_set_client */;
/*!40101 SET character_set_client = utf8 */;
CREATE TABLE `repository` (
  `id` int(11) NOT NULL AUTO_INCREMENT,
  `name` varchar(45) COLLATE utf8_unicode_ci DEFAULT NULL,
  `is_activated` tinyint(1) DEFAULT '1',
  `date_submit` datetime DEFAULT NULL,
  `date_modified` datetime DEFAULT NULL,
  PRIMARY KEY (`id`)
) ENGINE=InnoDB AUTO_INCREMENT=415 DEFAULT CHARSET=utf8 COLLATE=utf8_unicode_ci;
/*!40101 SET character_set_client = @saved_cs_client */;

--
-- Dumping data for table `repository`
--

INSERT INTO `repository` VALUES (6,'user_m',1,NULL,NULL),(21,'user_m',1,NULL,NULL),(22,'slideshow_m',1,NULL,NULL),(23,'page_m',1,NULL,NULL),(24,'page_m',1,NULL,NULL),(25,'page_m',1,NULL,NULL),(40,'page_m',1,NULL,NULL),(41,'page_m',1,NULL,NULL),(42,'page_m',1,NULL,NULL),(43,'page_m',1,NULL,NULL),(44,'page_m',1,NULL,NULL),(45,'page_m',1,NULL,NULL),(46,'page_m',1,NULL,NULL),(47,'page_m',1,NULL,NULL),(48,'page_m',1,NULL,NULL),(49,'page_m',1,NULL,NULL),(50,'page_m',1,NULL,NULL),(51,'page_m',1,NULL,NULL),(52,'page_m',1,NULL,NULL),(53,'page_m',1,NULL,NULL),(54,'page_m',1,NULL,NULL),(55,'page_m',1,NULL,NULL),(56,'page_m',1,NULL,NULL),(57,'page_m',1,NULL,NULL),(58,'page_m',1,NULL,NULL),(59,'page_m',1,NULL,NULL),(60,'page_m',1,NULL,NULL),(61,'page_m',1,NULL,NULL),(62,'page_m',1,NULL,NULL),(63,'page_m',1,NULL,NULL),(64,'page_m',1,NULL,NULL),(65,'page_m',1,NULL,NULL),(66,'page_m',1,NULL,NULL),(67,'page_m',1,NULL,NULL),(68,'page_m',1,NULL,NULL),(69,'page_m',1,NULL,NULL),(70,'page_m',1,NULL,NULL),(71,'page_m',1,NULL,NULL),(72,'page_m',1,NULL,NULL),(73,'page_m',1,NULL,NULL),(74,'page_m',1,NULL,NULL),(75,'page_m',1,NULL,NULL),(76,'page_m',1,NULL,NULL),(77,'page_m',1,NULL,NULL),(78,'page_m',1,NULL,NULL),(79,'page_m',1,NULL,NULL),(80,'page_m',1,NULL,NULL),(81,'page_m',1,NULL,NULL),(82,'page_m',1,NULL,NULL),(83,'page_m',1,NULL,NULL),(84,'page_m',1,NULL,NULL),(85,'page_m',1,NULL,NULL),(86,'page_m',1,NULL,NULL),(87,'page_m',1,NULL,NULL),(88,'page_m',1,NULL,NULL),(89,'page_m',1,NULL,NULL),(90,'page_m',1,NULL,NULL),(91,'page_m',1,NULL,NULL),(92,'page_m',1,NULL,NULL),(93,'page_m',1,NULL,NULL),(94,'page_m',1,NULL,NULL),(95,'page_m',1,NULL,NULL),(96,'page_m',1,NULL,NULL),(97,'page_m',1,NULL,NULL),(98,'page_m',1,NULL,NULL),(99,'page_m',1,NULL,NULL),(100,'page_m',1,NULL,NULL),(101,'page_m',1,NULL,NULL),(102,'page_m',1,NULL,NULL),(103,'page_m',1,NULL,NULL),(104,'page_m',1,NULL,NULL),(105,'page_m',1,NULL,NULL),(106,'page_m',1,NULL,NULL),(107,'page_m',1,NULL,NULL),(108,'page_m',1,NULL,NULL),(109,'page_m',1,NULL,NULL),(110,'page_m',1,NULL,NULL),(111,'page_m',1,NULL,NULL),(112,'page_m',1,NULL,NULL),(113,'page_m',1,NULL,NULL),(114,'page_m',1,NULL,NULL),(115,'page_m',1,NULL,NULL),(116,'page_m',1,NULL,NULL),(117,'page_m',1,NULL,NULL),(118,'page_m',1,NULL,NULL),(119,'page_m',1,NULL,NULL),(120,'page_m',1,NULL,NULL),(121,'page_m',1,NULL,NULL),(122,'page_m',1,NULL,NULL),(123,'page_m',1,NULL,NULL),(124,'page_m',1,NULL,NULL),(125,'page_m',1,NULL,NULL),(126,'page_m',1,NULL,NULL),(127,'page_m',1,NULL,NULL),(128,'page_m',1,NULL,NULL),(129,'page_m',1,NULL,NULL),(130,'page_m',1,NULL,NULL),(131,'page_m',1,NULL,NULL),(132,'page_m',1,NULL,NULL),(133,'page_m',1,NULL,NULL),(134,'page_m',1,NULL,NULL),(135,'page_m',1,NULL,NULL),(136,'page_m',1,NULL,NULL),(137,'page_m',1,NULL,NULL),(138,'page_m',1,NULL,NULL),(139,'page_m',1,NULL,NULL),(140,'page_m',1,NULL,NULL),(141,'page_m',1,NULL,NULL),(142,'page_m',1,NULL,NULL),(143,'page_m',1,NULL,NULL),(144,'page_m',1,NULL,NULL),(145,'page_m',1,NULL,NULL),(146,'page_m',1,NULL,NULL),(147,'page_m',1,NULL,NULL),(148,'page_m',1,NULL,NULL),(149,'page_m',1,NULL,NULL),(150,'page_m',1,NULL,NULL),(151,'page_m',1,NULL,NULL),(152,'page_m',1,NULL,NULL),(153,'page_m',1,NULL,NULL),(154,'page_m',1,NULL,NULL),(155,'page_m',1,NULL,NULL),(156,'page_m',1,NULL,NULL),(157,'page_m',1,NULL,NULL),(158,'page_m',1,NULL,NULL),(159,'page_m',1,NULL,NULL),(160,'page_m',1,NULL,NULL),(161,'page_m',1,NULL,NULL),(162,'page_m',1,NULL,NULL),(163,'page_m',1,NULL,NULL),(164,'page_m',1,NULL,NULL),(165,'page_m',1,NULL,NULL),(166,'page_m',1,NULL,NULL),(167,'page_m',1,NULL,NULL),(168,'page_m',1,NULL,NULL),(169,'page_m',1,NULL,NULL),(170,'page_m',1,NULL,NULL),(171,'page_m',1,NULL,NULL),(172,'page_m',1,NULL,NULL),(173,'page_m',1,NULL,NULL),(174,'page_m',1,NULL,NULL),(175,'page_m',1,NULL,NULL),(176,'page_m',1,NULL,NULL),(177,'page_m',1,NULL,NULL),(178,'page_m',1,NULL,NULL),(179,'page_m',1,NULL,NULL),(180,'page_m',1,NULL,NULL),(181,'page_m',1,NULL,NULL),(182,'page_m',1,NULL,NULL),(183,'page_m',1,NULL,NULL),(184,'user_m',1,NULL,NULL),(185,'user_m',1,NULL,NULL),(186,'user_m',1,NULL,NULL),(196,'user_m',1,NULL,NULL),(199,'page_m',1,NULL,NULL),(201,'page_m',1,NULL,NULL),(202,'page_m',1,NULL,NULL),(203,'page_m',1,NULL,NULL),(207,'page_m',1,NULL,NULL),(208,'page_m',1,NULL,NULL),(209,'page_m',1,NULL,NULL),(210,'page_m',1,NULL,NULL),(211,'page_m',1,NULL,NULL),(212,'ads_m',1,NULL,NULL),(213,'ads_m',1,NULL,NULL),(214,'ads_m',1,NULL,NULL),(215,'ads_m',1,NULL,NULL),(216,'ads_m',1,NULL,NULL),(217,'ads_m',1,NULL,NULL),(218,'ads_m',1,NULL,NULL),(219,'ads_m',1,NULL,NULL),(220,'ads_m',1,NULL,NULL),(221,'ads_m',1,NULL,NULL),(222,'ads_m',1,NULL,NULL),(223,'ads_m',1,NULL,NULL),(224,'ads_m',1,NULL,NULL),(225,'ads_m',1,NULL,NULL),(226,'ads_m',1,NULL,NULL),(227,'ads_m',1,NULL,NULL),(228,'ads_m',1,NULL,NULL),(229,'ads_m',1,NULL,NULL),(230,'ads_m',1,NULL,NULL),(231,'ads_m',1,NULL,NULL),(232,'ads_m',1,NULL,NULL),(233,'ads_m',1,NULL,NULL),(234,'ads_m',1,NULL,NULL),(235,'ads_m',1,NULL,NULL),(238,'ads_m',1,NULL,NULL),(239,'ads_m',1,NULL,NULL),(240,'page_m',1,NULL,NULL),(241,'showroom_m',1,NULL,NULL),(243,'showroom_m',1,NULL,NULL),(244,'showroom_m',1,NULL,NULL),(246,'page_m',1,NULL,NULL),(247,'user_m',1,NULL,NULL),(248,'page_m',1,NULL,NULL),(249,'page_m',1,NULL,NULL),(250,'page_m',1,NULL,NULL),(251,'page_m',1,NULL,NULL),(252,'page_m',1,NULL,NULL),(253,'page_m',1,NULL,NULL),(254,'user_m',1,NULL,NULL),(255,'page_m',1,NULL,NULL),(262,'option_m_val',1,NULL,NULL),(263,'option_m_val',1,NULL,NULL),(264,'option_m_val',1,NULL,NULL),(265,'option_m_val',1,NULL,NULL),(267,'option_m_val',1,NULL,NULL),(268,'option_m_val',1,NULL,NULL),(269,'option_m_val',1,NULL,NULL),(270,'option_m_val',1,NULL,NULL),(272,'option_m_val',1,NULL,NULL),(273,'option_m_val',1,NULL,NULL),(274,'option_m_val',1,NULL,NULL),(275,'option_m_val',1,NULL,NULL),(276,'option_m_val',1,NULL,NULL),(277,'page_m',1,NULL,NULL),(278,'page_m',1,NULL,NULL),(280,'showroom_m',1,NULL,NULL),(281,'showroom_m',1,NULL,NULL),(282,'user_m',1,NULL,NULL),(284,'settings_m',1,NULL,NULL),(285,'settings_m',1,NULL,NULL),(286,'option_m_val',1,NULL,NULL),(287,'option_m_val',1,NULL,NULL),(288,'estate_m',1,NULL,NULL),(289,'estate_m',1,NULL,NULL),(290,'estate_m',1,NULL,NULL),(291,'estate_m',1,NULL,NULL),(292,'estate_m',1,NULL,NULL),(293,'estate_m',1,NULL,NULL),(294,'estate_m',1,NULL,NULL),(295,'estate_m',1,NULL,NULL),(296,'estate_m',1,NULL,NULL),(297,'estate_m',1,NULL,NULL),(298,'estate_m',1,NULL,NULL),(299,'estate_m',1,NULL,NULL),(300,'estate_m',1,NULL,NULL),(301,'estate_m',1,NULL,NULL),(302,'estate_m',1,NULL,NULL),(303,'estate_m',1,NULL,NULL),(304,'estate_m',1,NULL,NULL),(305,'estate_m',1,NULL,NULL),(306,'estate_m',1,NULL,NULL),(307,'estate_m',1,NULL,NULL),(308,'settings_m',1,NULL,NULL),(309,'option_m',1,NULL,NULL),(310,'option_m',1,NULL,NULL),(311,'treefield_m',1,'2018-02-28 15:28:01','2018-02-28 15:28:01'),(312,'treefield_m',1,'2018-02-28 15:28:07','2018-02-28 15:28:07'),(313,'treefield_m',1,'2018-02-28 15:28:09','2018-02-28 15:28:09'),(314,'treefield_m',1,'2018-02-28 15:28:11','2018-02-28 15:28:11'),(315,'treefield_m',1,'2018-02-28 15:28:15','2018-02-28 15:28:15'),(316,'treefield_m',1,'2018-02-28 15:28:16','2018-02-28 15:28:16'),(317,'treefield_m',1,'2018-02-28 15:28:18','2018-02-28 15:28:18'),(318,'treefield_m',1,'2018-02-28 15:28:23','2018-02-28 15:28:23'),(319,'treefield_m',1,'2018-02-28 15:28:24','2018-02-28 15:28:24'),(320,'treefield_m',1,'2018-02-28 15:28:25','2018-02-28 15:28:25'),(321,'treefield_m',1,'2018-02-28 15:28:27','2018-02-28 15:28:27'),(322,'treefield_m',1,'2018-02-28 15:28:28','2018-02-28 15:28:28'),(323,'treefield_m',1,'2018-02-28 15:28:29','2018-02-28 15:28:29'),(324,'treefield_m',1,'2018-02-28 15:28:30','2018-02-28 15:28:30'),(325,'treefield_m',1,'2018-02-28 15:28:32','2018-02-28 15:28:32'),(326,'treefield_m',1,'2018-02-28 15:28:38','2018-02-28 15:28:38'),(327,'treefield_m',1,'2018-02-28 15:28:39','2018-02-28 15:28:39'),(328,'treefield_m',1,'2018-02-28 15:28:40','2018-02-28 15:28:40'),(329,'treefield_m',1,'2018-02-28 15:28:41','2018-02-28 15:28:41'),(330,'treefield_m',1,'2018-02-28 15:28:42','2018-02-28 15:28:42'),(331,'treefield_m',1,'2018-02-28 15:28:44','2018-02-28 15:28:44'),(332,'treefield_m',1,'2018-02-28 15:28:45','2018-02-28 15:28:45'),(333,'treefield_m',1,'2018-02-28 15:28:46','2018-02-28 15:28:46'),(334,'treefield_m',1,'2018-02-28 15:28:47','2018-02-28 15:28:47'),(335,'treefield_m',1,'2018-02-28 15:28:49','2018-02-28 15:28:49'),(336,'treefield_m',1,'2018-02-28 15:28:50','2018-02-28 15:28:50'),(337,'treefield_m',1,'2018-02-28 15:28:51','2018-02-28 15:28:51'),(338,'treefield_m',1,'2018-02-28 15:28:52','2018-02-28 15:28:52'),(339,'treefield_m',1,'2018-02-28 15:28:54','2018-02-28 15:28:54'),(340,'treefield_m',1,'2018-02-28 15:28:58','2018-02-28 15:28:58'),(341,'treefield_m',1,'2018-02-28 15:28:59','2018-02-28 15:28:59'),(342,'treefield_m',1,'2018-02-28 15:29:00','2018-02-28 15:29:00'),(343,'treefield_m',1,'2018-02-28 15:29:01','2018-02-28 15:29:01'),(344,'treefield_m',1,'2018-02-28 15:29:02','2018-02-28 15:29:02'),(345,'treefield_m',1,'2018-02-28 15:29:03','2018-02-28 15:29:03'),(346,'treefield_m',1,'2018-02-28 15:29:05','2018-02-28 15:29:05'),(347,'treefield_m',1,'2018-02-28 15:29:07','2018-02-28 15:29:07'),(348,'page_m',1,'2018-03-06 13:26:40','2018-03-06 13:26:40'),(349,'estate_m',1,'2018-03-09 10:43:34','2018-03-09 10:43:34'),(350,'estate_m',1,'2018-03-09 10:43:35','2018-03-09 10:43:35'),(351,'estate_m',1,'2018-03-09 10:43:36','2018-03-09 10:43:36'),(352,'estate_m',1,'2018-03-09 10:43:37','2018-03-09 10:43:37'),(353,'estate_m',1,'2018-03-09 10:43:38','2018-03-09 10:43:38'),(354,'estate_m',1,'2018-03-09 10:43:39','2018-03-09 10:43:39'),(355,'estate_m',1,'2018-03-09 10:43:43','2018-03-09 10:43:43'),(356,'estate_m',1,'2018-03-09 10:43:43','2018-03-09 10:43:43'),(357,'estate_m',1,'2018-03-09 10:43:46','2018-03-09 10:43:46'),(358,'estate_m',1,'2018-03-09 10:43:46','2018-03-09 10:43:46'),(359,'estate_m',1,'2018-03-09 10:43:47','2018-03-09 10:43:47'),(360,'estate_m',1,'2018-03-09 10:43:47','2018-03-09 10:43:47'),(361,'estate_m',1,'2018-03-09 10:43:47','2018-03-09 10:43:47'),(362,'option_m',1,'2018-03-09 11:37:05','2018-03-09 11:37:05'),(363,'estate_m',0,'2018-03-11 14:36:13','2018-03-11 14:36:13'),(364,'estate_m',0,'2018-03-13 10:39:53','2018-03-13 10:39:53'),(365,'page_m',1,'2018-03-13 10:50:05','2018-03-13 10:50:05'),(366,'page_m',1,'2018-03-13 10:50:06','2018-03-13 10:50:06'),(367,'estate_m',0,'2018-03-27 13:47:46','2018-03-27 13:47:46'),(368,'estate_m',0,'2018-03-27 13:48:33','2018-03-27 13:48:33'),(369,'page_m',1,'2018-03-28 17:29:37','2018-03-28 17:29:37'),(370,'page_m',1,'2018-03-28 17:31:09','2018-03-28 17:31:09'),(371,'page_m',1,'2018-03-28 17:32:26','2018-03-28 17:32:26'),(372,'page_m',1,'2018-03-28 17:33:06','2018-03-28 17:33:06'),(373,'page_m',1,'2018-03-28 17:34:14','2018-03-28 17:34:14'),(374,'page_m',1,'2018-03-28 17:34:45','2018-03-28 17:34:45'),(375,'option_m',1,'2018-03-28 18:04:04','2018-03-28 18:04:04'),(376,'estate_m',0,'2018-03-29 21:01:30','2018-03-29 21:01:30'),(377,'option_m',1,'2018-03-29 21:07:10','2018-03-29 21:07:10'),(378,'option_m',1,'2018-03-29 21:09:46','2018-03-29 21:09:46'),(379,'option_m',1,'2018-03-29 21:10:36','2018-03-29 21:10:36'),(380,'option_m',1,'2018-03-29 21:10:36','2018-03-29 21:10:36'),(381,'option_m',1,'2018-03-29 21:10:37','2018-03-29 21:10:37'),(382,'option_m',1,'2018-03-29 21:10:38','2018-03-29 21:10:38'),(383,'option_m',1,'2018-03-29 21:10:39','2018-03-29 21:10:39'),(384,'option_m',1,'2018-03-29 21:12:28','2018-03-29 21:12:28'),(385,'option_m',1,'2018-03-29 21:15:31','2018-03-29 21:15:31'),(386,'option_m',1,'2018-03-29 21:16:48','2018-03-29 21:16:48'),(387,'treefield_m',1,'2018-03-29 21:20:13','2018-03-29 21:20:13'),(388,'option_m',1,'2018-03-29 21:25:26','2018-03-29 21:25:26'),(389,'treefield_m',1,'2018-03-29 21:29:10','2018-03-29 21:29:10'),(390,'treefield_m',1,'2018-03-31 00:13:42','2018-03-31 00:13:42'),(391,'treefield_m',1,'2018-03-31 00:20:38','2018-03-31 00:20:38'),(392,'treefield_m',1,'2018-04-03 16:05:49','2018-04-03 16:05:49'),(393,'treefield_m',1,'2018-04-03 16:06:50','2018-04-03 16:06:50'),(394,'treefield_m',1,'2018-04-03 16:07:31','2018-04-03 16:07:31'),(395,'treefield_m',1,'2018-04-03 16:08:09','2018-04-03 16:08:09'),(396,'option_m_val',1,'2018-04-03 17:09:58','2018-04-03 17:09:58'),(397,'option_m_val',1,'2018-04-03 17:11:01','2018-04-03 17:11:01'),(398,'estate_m',0,'2018-04-05 17:21:17','2018-04-05 17:21:17'),(399,'estate_m',0,'2018-04-06 10:49:28','2018-04-06 10:49:28'),(400,'estate_m',0,'2018-04-10 14:03:49','2018-04-10 14:03:49'),(401,'estate_m',0,'2018-04-11 13:16:12','2018-04-11 13:16:12'),(402,'estate_m',0,'2018-04-11 13:16:31','2018-04-11 13:16:31'),(403,'option_m',1,'2018-04-11 13:16:41','2018-04-11 13:16:41'),(404,'estate_m',0,'2018-04-11 13:17:46','2018-04-11 13:17:46'),(405,'option_m',1,'2018-04-11 13:18:40','2018-04-11 13:18:40'),(406,'option_m',1,'2018-04-11 13:18:40','2018-04-11 13:18:40'),(407,'option_m',1,'2018-04-11 13:19:04','2018-04-11 13:19:04'),(408,'option_m',1,'2018-04-11 13:19:13','2018-04-11 13:19:13'),(409,'option_m',1,'2018-04-11 13:19:15','2018-04-11 13:19:15'),(410,'option_m',1,'2018-04-11 13:19:20','2018-04-11 13:19:20'),(411,'estate_m',0,'2018-04-11 13:20:20','2018-04-11 13:20:20'),(412,'option_m',1,'2018-04-21 12:11:31','2018-04-21 12:11:31'),(413,'treefield_m',1,'2018-05-04 18:34:31','2018-05-04 18:34:31'),(414,'estate_m',0,'2018-07-02 20:51:49','2018-07-02 20:51:49');

--
-- Table structure for table `reservations`
--

DROP TABLE IF EXISTS `reservations`;
/*!40101 SET @saved_cs_client     = @@character_set_client */;
/*!40101 SET character_set_client = utf8 */;
CREATE TABLE `reservations` (
  `id` int(11) NOT NULL AUTO_INCREMENT,
  `user_id` int(11) NOT NULL,
  `property_id` int(11) NOT NULL,
  `date_from` datetime NOT NULL,
  `date_to` datetime NOT NULL,
  `total_price` decimal(10,2) DEFAULT NULL,
  `currency_code` varchar(10) COLLATE utf8_unicode_ci DEFAULT 'USD',
  `date_paid_advance` datetime DEFAULT NULL,
  `date_paid_total` datetime DEFAULT NULL,
  `total_paid` decimal(10,2) DEFAULT NULL,
  `is_confirmed` tinyint(1) DEFAULT '0',
  `saller_id` int(11) DEFAULT NULL,
  `booking_fee` int(11) DEFAULT '0',
  PRIMARY KEY (`id`),
  KEY `fk_reservations_user1_idx` (`user_id`),
  CONSTRAINT `fk_reservations_user1` FOREIGN KEY (`user_id`) REFERENCES `user` (`id`) ON DELETE NO ACTION ON UPDATE NO ACTION
) ENGINE=InnoDB AUTO_INCREMENT=17 DEFAULT CHARSET=utf8 COLLATE=utf8_unicode_ci;
/*!40101 SET character_set_client = @saved_cs_client */;

--
-- Dumping data for table `reservations`
--

INSERT INTO `reservations` VALUES (9,18,30,'2014-12-02 11:31:21','2014-12-05 11:31:21',100.00,'USD',NULL,NULL,10.00,0,18,10),(11,18,30,'2015-04-01 11:31:21','2015-04-04 11:31:21',100.00,'EUR',NULL,NULL,10.00,0,18,10),(12,11,30,'2014-12-20 11:31:21','2014-12-30 11:31:21',100.00,'USD',NULL,NULL,10.00,0,NULL,10),(13,18,30,'2015-01-01 11:31:21','2015-01-07 11:31:21',100.00,'USD',NULL,NULL,10.00,0,18,10),(16,18,30,'2015-07-15 12:00:00','2015-07-22 12:00:00',50.00,'USD',NULL,NULL,0.00,0,18,10);

--
-- Table structure for table `reviews`
--

DROP TABLE IF EXISTS `reviews`;
/*!40101 SET @saved_cs_client     = @@character_set_client */;
/*!40101 SET character_set_client = utf8 */;
CREATE TABLE `reviews` (
  `id` int(11) NOT NULL AUTO_INCREMENT,
  `listing_id` int(11) DEFAULT NULL,
  `user_id` int(11) DEFAULT NULL,
  `stars` int(11) DEFAULT NULL,
  `message` text COLLATE utf8_unicode_ci,
  `is_visible` tinyint(1) DEFAULT NULL,
  `date_publish` datetime DEFAULT NULL,
  `user_mail` varchar(45) COLLATE utf8_unicode_ci DEFAULT NULL,
  PRIMARY KEY (`id`)
) ENGINE=InnoDB AUTO_INCREMENT=4 DEFAULT CHARSET=utf8 COLLATE=utf8_unicode_ci;
/*!40101 SET character_set_client = @saved_cs_client */;

--
-- Dumping data for table `reviews`
--

INSERT INTO `reviews` VALUES (2,14,10,4,'Maecenas id efficitur augue. Nulla nec urna congue, accumsan tellus eget, varius nulla.',1,'2014-09-15 22:55:00',NULL),(3,14,9,2,'Lorem ipsum dolor sit amet, consectetur adipiscing elit. Donec ultrices, quam vitae volutpat rutrum, dui tellus posuere velit, vitae porta lectus orci sed lectus.',1,'2014-09-18 23:29:26',NULL);

--
-- Table structure for table `saved_search`
--

DROP TABLE IF EXISTS `saved_search`;
/*!40101 SET @saved_cs_client     = @@character_set_client */;
/*!40101 SET character_set_client = utf8 */;
CREATE TABLE `saved_search` (
  `id` int(11) NOT NULL AUTO_INCREMENT,
  `user_id` int(11) DEFAULT NULL,
  `lang_code` varchar(45) COLLATE utf8_unicode_ci DEFAULT NULL,
  `activated` tinyint(1) DEFAULT '1',
  `date_created` datetime DEFAULT NULL,
  `date_last_informed` datetime DEFAULT NULL,
  `parameters` text COLLATE utf8_unicode_ci COMMENT 'parameters saved in JSON format',
  `delivery_frequency_h` int(11) DEFAULT '24',
  PRIMARY KEY (`id`)
) ENGINE=InnoDB DEFAULT CHARSET=utf8 COLLATE=utf8_unicode_ci;
/*!40101 SET character_set_client = @saved_cs_client */;

--
-- Dumping data for table `saved_search`
--


--
-- Table structure for table `settings`
--

DROP TABLE IF EXISTS `settings`;
/*!40101 SET @saved_cs_client     = @@character_set_client */;
/*!40101 SET character_set_client = utf8 */;
CREATE TABLE `settings` (
  `id` int(11) NOT NULL AUTO_INCREMENT,
  `field` varchar(100) COLLATE utf8_unicode_ci DEFAULT NULL,
  `value` text COLLATE utf8_unicode_ci,
  PRIMARY KEY (`id`)
) ENGINE=InnoDB AUTO_INCREMENT=3503 DEFAULT CHARSET=utf8 COLLATE=utf8_unicode_ci;
/*!40101 SET character_set_client = @saved_cs_client */;

--
-- Dumping data for table `settings`
--

INSERT INTO `settings` VALUES (653,'rating_enabled','1'),(3323,'noreply','webform@my-website.com'),(3324,'zoom','16'),(3325,'paypal_email','sandi.winter@gmail.com'),(3326,'payments_enabled','1'),(3327,'walkscore_enabled','0'),(3328,'property_subm_disabled','0'),(3329,'maps_api_key','AIzaSyB0lxCRSHcNPBu5hq3wsmY1KhcBq5Tlwi8'),(3330,'listing_expiry_days','0'),(3331,'activation_price','5'),(3332,'featured_price','10'),(3333,'default_currency','USD'),(3334,'authorize_api_login_id','0'),(3335,'authorize_api_hash_secret','0'),(3336,'authorize_api_transaction_key','0'),(3337,'payu_api_pos_id',''),(3338,'payu_api_key_1',''),(3339,'payu_api_key_2',''),(3340,'payu_api_auth_key',''),(3341,'adsense728_90','<script async src=\"//pagead2.googlesyndication.com/pagead/js/adsbygoogle.js\"></script>\r\n<!-- Real estate responsive -->\r\n<ins class=\"adsbygoogle\"\r\n     style=\"display:block\"\r\n     data-ad-client=\"ca-pub-6994200887384132\"\r\n     data-ad-slot=\"6454101571\"\r\n     data-ad-format=\"auto\"></ins>\r\n<script>\r\n(adsbygoogle = window.adsbygoogle || []).push({});\r\n</script>'),(3342,'adsense160_600','<script async src=\"//pagead2.googlesyndication.com/pagead/js/adsbygoogle.js\"></script>\r\n<!-- Real estate right -->\r\n<ins class=\"adsbygoogle\"\r\n     style=\"display:inline-block;width:160px;height:600px\"\r\n     data-ad-client=\"ca-pub-6994200887384132\"\r\n     data-ad-slot=\"7090863570\"></ins>\r\n<script>\r\n(adsbygoogle = window.adsbygoogle || []).push({});\r\n</script>'),(3343,'reviews_enabled','1'),(3344,'reviews_public_visible_enabled','1'),(3345,'showroom_slideshow_enabled','1'),(3346,'withdrawal_details','IBAN: HR43 2340009 3207462177<br/>\r\nSWIFT: PBZGHR2X'),(3347,'booking_fee','0'),(3442,'color',''),(3443,'design_parameters',''),(3444,'css_variant',''),(3445,'address','Varaždin, Trg Kralja TOmislava'),(3446,'websitetitle','Local'),(3447,'gps','46.30790229999999, 16.33786090000001'),(3448,'map_center','0'),(3449,'email','info@my-website.com'),(3450,'email_alert','0'),(3451,'phone','+385 (0)1 123 321'),(3452,'fax','+385 (0)1 123 322'),(3453,'address_footer','<b>City</b>Guide<br />\r\nMap Kiosk from Croatia<br />\r\nIlica 345<br />\r\nHR-10000 Zagreb'),(3491,'template','local'),(3492,'tracking','<script type=\"text/javascript\">  var _gaq = _gaq || [];  _gaq.push([\'_setAccount\', \'UA-683342-5\']);  _gaq.push([\'_trackPageview\']);  (function() {    var ga = document.createElement(\'script\'); ga.type = \'text/javascript\'; ga.async = true;    ga.src = (\'https:\' == document.location.protocol ? \'https://ssl\' : \'http://www\') + \'.google-analytics.com/ga.js\';    var s = document.getElementsByTagName(\'script\')[0]; s.parentNode.insertBefore(ga, s);  })();</script>'),(3493,'facebook','<!-- AddThis Button BEGIN -->\r\n<div class=\"addthis_toolbox addthis_default_style addthis_32x32_style\">\r\n<a class=\"addthis_button_facebook\">\r\n    <div class=\"custom-icon at15t_facebook\"> </div>\r\n</a>\r\n<a class=\"addthis_button_twitter\">\r\n    <div class=\"custom-icon at15t_twitter\"> </div>\r\n</a>\r\n<a class=\"addthis_button_google_plusone_share\">\r\n    <div class=\"custom-icon at15t_google_plusone_share\"> </div>\r\n</a>\r\n</div>\r\n<script type=\"text/javascript\">var addthis_config = {\"data_track_addressbar\":false};</script>\r\n<script type=\"text/javascript\" src=\"//s7.addthis.com/js/300/addthis_widget.js#pubid=sandiwinter\"></script>\r\n<!-- AddThis Button END -->'),(3494,'facebook_top','<!-- Go to www.addthis.com/dashboard to customize your tools -->\r\n<div class=\"addthis_sharing_toolbox\"></div>'),(3495,'facebook_jsdk',''),(3496,'facebook_comments',''),(3497,'useful_links','<ul class=\"menu nav\">\r\n                            <li class=\"first leaf\"><a href=\"#\">404 page</a></li>\r\n                            <li class=\"leaf\"><a href=\"#\">About us</a></li>\r\n                            <li class=\"leaf\"><a href=\"#\">Contact us</a></li>\r\n                            <li class=\"leaf\"><a href=\"#\">FAQ</a></li>\r\n                            <li class=\"leaf\"><a href=\"#\">Grid system</a></li>\r\n                            <li class=\"leaf\"><a href=\"#\">Our agents</a></li>\r\n                            <li class=\"last leaf\"><a href=\"#\">Typography</a></li>\r\n                        </ul>'),(3498,'website_logo','284'),(3499,'website_logo_secondary','0'),(3500,'website_favicon','308'),(3501,'watermark_img','SKIP_ON_EMPTY'),(3502,'search_background','285');

--
-- Table structure for table `showroom`
--

DROP TABLE IF EXISTS `showroom`;
/*!40101 SET @saved_cs_client     = @@character_set_client */;
/*!40101 SET character_set_client = utf8 */;
CREATE TABLE `showroom` (
  `id` int(11) NOT NULL AUTO_INCREMENT,
  `parent_id` int(11) DEFAULT NULL,
  `order` int(11) DEFAULT NULL,
  `type` varchar(45) COLLATE utf8_unicode_ci NOT NULL DEFAULT 'CATEGORY',
  `date` datetime DEFAULT NULL,
  `date_modified` datetime DEFAULT NULL,
  `date_publish` datetime DEFAULT NULL,
  `template` varchar(100) COLLATE utf8_unicode_ci DEFAULT NULL,
  `slug` varchar(160) COLLATE utf8_unicode_ci DEFAULT NULL,
  `repository_id` int(11) DEFAULT NULL,
  `gps` varchar(100) COLLATE utf8_unicode_ci DEFAULT NULL,
  `address` varchar(200) COLLATE utf8_unicode_ci DEFAULT NULL,
  `contact_email` varchar(100) COLLATE utf8_unicode_ci DEFAULT NULL,
  `image_filename` varchar(200) COLLATE utf8_unicode_ci DEFAULT NULL,
  PRIMARY KEY (`id`)
) ENGINE=InnoDB AUTO_INCREMENT=7 DEFAULT CHARSET=utf8 COLLATE=utf8_unicode_ci;
/*!40101 SET character_set_client = @saved_cs_client */;

--
-- Dumping data for table `showroom`
--

INSERT INTO `showroom` VALUES (1,0,1,'CATEGORY','2014-04-26 14:15:16',NULL,NULL,NULL,NULL,280,NULL,NULL,NULL,NULL),(2,0,3,'CATEGORY','2014-04-26 14:17:59',NULL,NULL,NULL,NULL,281,NULL,NULL,NULL,NULL),(3,1,2,'CATEGORY','2014-04-26 14:22:01',NULL,NULL,NULL,NULL,NULL,NULL,NULL,NULL,NULL),(4,3,2,'COMPANY','2014-04-26 20:20:17',NULL,'2014-04-26 20:16:59','showroom_company',NULL,241,'46.36667726352153, 16.1281658000305','Cestica, Croatia','tire-repair@mydomain.com','wap-logo v2.png'),(5,1,2,'COMPANY','2014-04-28 20:36:54',NULL,'2014-04-28 20:35:41','showroom_company',NULL,243,'45.8020205655489, 16.156422732031274','Zagreb, Croatia','sandi.winter@gmail.com','logo-350.png'),(6,2,3,'COMPANY','2014-04-28 20:40:48',NULL,'2014-04-28 20:39:54','showroom_company',NULL,244,'46.38895474076167, 16.0408969904297','zavrč, slovenia','zavrc@mydomain.com','cropped-logo2.png');

--
-- Table structure for table `showroom_lang`
--

DROP TABLE IF EXISTS `showroom_lang`;
/*!40101 SET @saved_cs_client     = @@character_set_client */;
/*!40101 SET character_set_client = utf8 */;
CREATE TABLE `showroom_lang` (
  `id_showroom_lang` int(11) NOT NULL AUTO_INCREMENT,
  `showroom_id` int(11) NOT NULL,
  `language_id` int(11) NOT NULL,
  `title` varchar(160) COLLATE utf8_unicode_ci DEFAULT NULL,
  `window_title` varchar(160) COLLATE utf8_unicode_ci DEFAULT NULL,
  `body` text COLLATE utf8_unicode_ci NOT NULL,
  `description` text COLLATE utf8_unicode_ci,
  `keywords` varchar(200) COLLATE utf8_unicode_ci DEFAULT NULL,
  PRIMARY KEY (`id_showroom_lang`),
  KEY `fk_showroom_lang_showroom1_idx` (`showroom_id`),
  KEY `fk_showroom_lang_language1_idx` (`language_id`),
  CONSTRAINT `fk_showroom_lang_language1` FOREIGN KEY (`language_id`) REFERENCES `language` (`id`) ON DELETE NO ACTION ON UPDATE NO ACTION,
  CONSTRAINT `fk_showroom_lang_showroom1` FOREIGN KEY (`showroom_id`) REFERENCES `showroom` (`id`) ON DELETE NO ACTION ON UPDATE NO ACTION
) ENGINE=InnoDB AUTO_INCREMENT=19 DEFAULT CHARSET=utf8 COLLATE=utf8_unicode_ci;
/*!40101 SET character_set_client = @saved_cs_client */;

--
-- Dumping data for table `showroom_lang`
--

INSERT INTO `showroom_lang` VALUES (1,1,1,'Car services','Car services','','Car services','Car services'),(2,1,2,'Car services','Car services','','Car services','Car services'),(3,2,1,'Real estate services','Real estate services','','','Real estate services'),(4,2,2,'Real estate services','Real estate services','','','Real estate services'),(5,3,1,'Tire repairs','Tire repairs','','','Tire repairs'),(6,3,2,'Vulkanizer','Vulkanizer','','','Vulkanizer'),(13,6,1,'Estate sellers','Estate sellers','<p>\r\nLorem ipsum dolor sit amet, consectetur adipiscing elit. Sed vulputate \r\nnec neque gravida rhoncus. Donec sit amet blandit mauris, sed bibendum \r\nrisus. Cras ut urna semper, facilisis augue sed, imperdiet nulla. Duis \r\ntristique tellus tortor, dapibus gravida sem sodales id. Nullam quis \r\nconvallis libero, vitae pulvinar nisi.</p><p><span style=\"font-weight: bold;\">Nam eget est facilisis, porta mi \r\nac, ultricies enim. Proin nisi diam, eleifend ac eleifend in, dapibus in\r\n orci. Vestibulum elementum lectus non nisl venenatis, tempus molestie \r\nnisi tempus. Pellentesque facilisis nibh nec purus blandit, id aliquam \r\nlorem fermentum.\r\n</span></p>\r\n<p>\r\n<span style=\"font-style: italic;\">Ut erat lacus, sagittis ac leo eu, molestie mattis libero. Nam sit amet \r\nmassa et magna porttitor eleifend a aliquam nunc. Pellentesque a est a \r\naugue dignissim tristique eu nec augue. Integer pretium sollicitudin \r\ntellus, quis hendrerit nunc accumsan et. Fusce bibendum a neque vel \r\nfringilla. Vivamus viverra enim at purus gravida, in elementum neque \r\neleifend. Curabitur sodales dapibus urna, at mattis lacus eleifend non. \r\nDonec ultricies porta orci eu congue. Nulla sodales arcu a libero \r\naliquet, nec aliquam ante sagittis.</span></p>','Lorem ipsum dolor sit amet, consectetur adipiscing elit. Sed vulputate nec neque gravida rhoncus. Donec sit amet blandit mauris, sed bibendum risus.','Estate sellers'),(14,6,2,'Estate sellers','Estate sellers','<p>\r\nLorem ipsum dolor sit amet, consectetur adipiscing elit. Sed vulputate \r\nnec neque gravida rhoncus. Donec sit amet blandit mauris, sed bibendum \r\nrisus. Cras ut urna semper, facilisis augue sed, imperdiet nulla. Duis \r\ntristique tellus tortor, dapibus gravida sem sodales id. Nullam quis \r\nconvallis libero, vitae pulvinar nisi.</p><p><span style=\"font-weight: bold;\">Nam eget est facilisis, porta mi \r\nac, ultricies enim. Proin nisi diam, eleifend ac eleifend in, dapibus in\r\n orci. Vestibulum elementum lectus non nisl venenatis, tempus molestie \r\nnisi tempus. Pellentesque facilisis nibh nec purus blandit, id aliquam \r\nlorem fermentum.\r\n</span></p>\r\n<p>\r\n<span style=\"font-style: italic;\">Ut erat lacus, sagittis ac leo eu, molestie mattis libero. Nam sit amet \r\nmassa et magna porttitor eleifend a aliquam nunc. Pellentesque a est a \r\naugue dignissim tristique eu nec augue. Integer pretium sollicitudin \r\ntellus, quis hendrerit nunc accumsan et. Fusce bibendum a neque vel \r\nfringilla. Vivamus viverra enim at purus gravida, in elementum neque \r\neleifend. Curabitur sodales dapibus urna, at mattis lacus eleifend non. \r\nDonec ultricies porta orci eu congue. Nulla sodales arcu a libero \r\naliquet, nec aliquam ante sagittis.</span></p>','Lorem ipsum dolor sit amet, consectetur adipiscing elit. Sed vulputate nec neque gravida rhoncus. Donec sit amet blandit mauris, sed bibendum risus.','Estate sellers'),(15,4,1,'Vulkanizer d.o.o.','Vulkanizer d.o.o.','<p>\r\nLorem ipsum dolor sit amet, consectetur adipiscing elit. Sed vulputate \r\nnec neque gravida rhoncus. Donec sit amet blandit mauris, sed bibendum \r\nrisus. Cras ut urna semper, facilisis augue sed, imperdiet nulla. Duis \r\ntristique tellus tortor, dapibus gravida sem sodales id. Nullam quis \r\nconvallis libero, vitae pulvinar nisi.</p><p><span style=\"font-weight: bold;\">Nam eget est facilisis, porta mi \r\nac, ultricies enim. Proin nisi diam, eleifend ac eleifend in, dapibus in\r\n orci. Vestibulum elementum lectus non nisl venenatis, tempus molestie \r\nnisi tempus. Pellentesque facilisis nibh nec purus blandit, id aliquam \r\nlorem fermentum.\r\n</span></p>\r\n<p>\r\n<span style=\"font-style: italic;\">Ut erat lacus, sagittis ac leo eu, molestie mattis libero. Nam sit amet \r\nmassa et magna porttitor eleifend a aliquam nunc. Pellentesque a est a \r\naugue dignissim tristique eu nec augue. Integer pretium sollicitudin \r\ntellus, quis hendrerit nunc accumsan et. Fusce bibendum a neque vel \r\nfringilla. Vivamus viverra enim at purus gravida, in elementum neque \r\neleifend. Curabitur sodales dapibus urna, at mattis lacus eleifend non. \r\nDonec ultricies porta orci eu congue. Nulla sodales arcu a libero \r\naliquet, nec aliquam ante sagittis.</span></p>','Lorem ipsum dolor sit amet, consectetur adipiscing elit. Sed vulputate nec neque gravida rhoncus. Donec sit amet blandit mauris, sed bibendum risus.','tire repair, cestica, company,car'),(16,4,2,'Vulkanizer d.o.o.','Vulkanizer d.o.o.','<p>\r\nLorem ipsum dolor sit amet, consectetur adipiscing elit. Sed vulputate \r\nnec neque gravida rhoncus. Donec sit amet blandit mauris, sed bibendum \r\nrisus. Cras ut urna semper, facilisis augue sed, imperdiet nulla. Duis \r\ntristique tellus tortor, dapibus gravida sem sodales id. Nullam quis \r\nconvallis libero, vitae pulvinar nisi.</p><p><span style=\"font-weight: bold;\">Nam eget est facilisis, porta mi \r\nac, ultricies enim. Proin nisi diam, eleifend ac eleifend in, dapibus in\r\n orci. Vestibulum elementum lectus non nisl venenatis, tempus molestie \r\nnisi tempus. Pellentesque facilisis nibh nec purus blandit, id aliquam \r\nlorem fermentum.\r\n</span></p>\r\n<p>\r\n<span style=\"font-style: italic;\">Ut erat lacus, sagittis ac leo eu, molestie mattis libero. Nam sit amet \r\nmassa et magna porttitor eleifend a aliquam nunc. Pellentesque a est a \r\naugue dignissim tristique eu nec augue. Integer pretium sollicitudin \r\ntellus, quis hendrerit nunc accumsan et. Fusce bibendum a neque vel \r\nfringilla. Vivamus viverra enim at purus gravida, in elementum neque \r\neleifend. Curabitur sodales dapibus urna, at mattis lacus eleifend non. \r\nDonec ultricies porta orci eu congue. Nulla sodales arcu a libero \r\naliquet, nec aliquam ante sagittis.</span></p>','Lorem ipsum dolor sit amet, consectetur adipiscing elit. Sed vulputate nec neque gravida rhoncus. Donec sit amet blandit mauris, sed bibendum risus.','vulkanizer, cestica,car'),(17,5,1,'Towing service ltd','Towing service ltd','<p>\r\nLorem ipsum dolor sit amet, consectetur adipiscing elit. Sed vulputate \r\nnec neque gravida rhoncus. Donec sit amet blandit mauris, sed bibendum \r\nrisus. Cras ut urna semper, facilisis augue sed, imperdiet nulla. Duis \r\ntristique tellus tortor, dapibus gravida sem sodales id. Nullam quis \r\nconvallis libero, vitae pulvinar nisi.</p><p><span style=\"font-weight: bold;\">Nam eget est facilisis, porta mi \r\nac, ultricies enim. Proin nisi diam, eleifend ac eleifend in, dapibus in\r\n orci. Vestibulum elementum lectus non nisl venenatis, tempus molestie \r\nnisi tempus. Pellentesque facilisis nibh nec purus blandit, id aliquam \r\nlorem fermentum.\r\n</span></p>\r\n<p>\r\n<span style=\"font-style: italic;\">Ut erat lacus, sagittis ac leo eu, molestie mattis libero. Nam sit amet \r\nmassa et magna porttitor eleifend a aliquam nunc. Pellentesque a est a \r\naugue dignissim tristique eu nec augue. Integer pretium sollicitudin \r\ntellus, quis hendrerit nunc accumsan et. Fusce bibendum a neque vel \r\nfringilla. Vivamus viverra enim at purus gravida, in elementum neque \r\neleifend. Curabitur sodales dapibus urna, at mattis lacus eleifend non. \r\nDonec ultricies porta orci eu congue. Nulla sodales arcu a libero \r\naliquet, nec aliquam ante sagittis.</span></p>','Lorem ipsum dolor sit amet, consectetur adipiscing elit. Sed vulputate nec neque gravida rhoncus. Donec sit amet blandit mauris, sed bibendum risus.','towing,car,service'),(18,5,2,'Towing service ltd','Towing service ltd','<p>\r\nLorem ipsum dolor sit amet, consectetur adipiscing elit. Sed vulputate \r\nnec neque gravida rhoncus. Donec sit amet blandit mauris, sed bibendum \r\nrisus. Cras ut urna semper, facilisis augue sed, imperdiet nulla. Duis \r\ntristique tellus tortor, dapibus gravida sem sodales id. Nullam quis \r\nconvallis libero, vitae pulvinar nisi.</p><p><span style=\"font-weight: bold;\">Nam eget est facilisis, porta mi \r\nac, ultricies enim. Proin nisi diam, eleifend ac eleifend in, dapibus in\r\n orci. Vestibulum elementum lectus non nisl venenatis, tempus molestie \r\nnisi tempus. Pellentesque facilisis nibh nec purus blandit, id aliquam \r\nlorem fermentum.\r\n</span></p>\r\n<p>\r\n<span style=\"font-style: italic;\">Ut erat lacus, sagittis ac leo eu, molestie mattis libero. Nam sit amet \r\nmassa et magna porttitor eleifend a aliquam nunc. Pellentesque a est a \r\naugue dignissim tristique eu nec augue. Integer pretium sollicitudin \r\ntellus, quis hendrerit nunc accumsan et. Fusce bibendum a neque vel \r\nfringilla. Vivamus viverra enim at purus gravida, in elementum neque \r\neleifend. Curabitur sodales dapibus urna, at mattis lacus eleifend non. \r\nDonec ultricies porta orci eu congue. Nulla sodales arcu a libero \r\naliquet, nec aliquam ante sagittis.</span></p>','Lorem ipsum dolor sit amet, consectetur adipiscing elit. Sed vulputate nec neque gravida rhoncus. Donec sit amet blandit mauris, sed bibendum risus.','towing,car,service');

--
-- Table structure for table `slideshow`
--

DROP TABLE IF EXISTS `slideshow`;
/*!40101 SET @saved_cs_client     = @@character_set_client */;
/*!40101 SET character_set_client = utf8 */;
CREATE TABLE `slideshow` (
  `id` int(11) NOT NULL AUTO_INCREMENT,
  `repository_id` int(11) DEFAULT NULL,
  `date` datetime DEFAULT NULL,
  PRIMARY KEY (`id`)
) ENGINE=InnoDB AUTO_INCREMENT=3 DEFAULT CHARSET=utf8 COLLATE=utf8_unicode_ci;
/*!40101 SET character_set_client = @saved_cs_client */;

--
-- Dumping data for table `slideshow`
--

INSERT INTO `slideshow` VALUES (2,22,'2013-12-29 11:53:16');

--
-- Table structure for table `slugs`
--

DROP TABLE IF EXISTS `slugs`;
/*!40101 SET @saved_cs_client     = @@character_set_client */;
/*!40101 SET character_set_client = utf8 */;
CREATE TABLE `slugs` (
  `id` int(11) NOT NULL AUTO_INCREMENT,
  `model_name` varchar(45) COLLATE utf8_unicode_ci DEFAULT 'page_m',
  `model_id` int(11) DEFAULT NULL,
  `model_lang_code` varchar(15) COLLATE utf8_unicode_ci DEFAULT 'en',
  `model_lang_id` int(11) DEFAULT '1',
  `slug` varchar(100) COLLATE utf8_unicode_ci DEFAULT NULL,
  `real_url` text COLLATE utf8_unicode_ci,
  PRIMARY KEY (`id`)
) ENGINE=InnoDB AUTO_INCREMENT=359 DEFAULT CHARSET=utf8 COLLATE=utf8_unicode_ci;
/*!40101 SET character_set_client = @saved_cs_client */;

--
-- Dumping data for table `slugs`
--

INSERT INTO `slugs` VALUES (21,'page_m',169,'en',1,'agents',NULL),(22,'page_m',169,'hr',2,'agenti',NULL),(23,'page_m',147,'en',1,'featured',NULL),(24,'page_m',147,'hr',2,'izdvojene',NULL),(27,'page_m',142,'en',1,'test-page',NULL),(28,'page_m',142,'hr',2,'test-stranica',NULL),(29,'page_m',145,'en',1,'fullscreen',NULL),(30,'page_m',145,'hr',2,'puni-zaslon',NULL),(31,'page_m',143,'en',1,'custom-search',NULL),(32,'page_m',143,'hr',2,'prilagodeni-pretrazivac',NULL),(43,'page_m',4,'en',1,'contact',NULL),(44,'page_m',4,'hr',2,'kontakt',NULL),(203,'page_m',1,'en',1,'homepage',NULL),(204,'page_m',1,'hr',2,'naslovnica',NULL),(223,'treefield_m',22,'en',1,'winnipeg',NULL),(224,'treefield_m',22,'hr',2,'winnipeg1',NULL),(225,'custom',NULL,'en',1,'winnipeg-test','winnipeg.htm?search={\"search_option_smart\": \"zagreb\",\"test\":\"test2\"}'),(226,'custom',NULL,'en',1,'winnipeg-test-2','map.htm'),(227,'custom',NULL,'en',1,'winnipeg-test-3','index.php/en/6/map'),(229,'estate_m',19,'en',1,'retro-old',NULL),(230,'estate_m',19,'hr',2,'stari-retro',NULL),(288,'estate_m',15,'en',1,'round-towers',NULL),(289,'estate_m',15,'hr',2,'okrugle-kule',NULL),(312,'page_m',5,'en',1,'about-us',NULL),(313,'page_m',5,'hr',2,'o-nama',NULL),(328,'page_m',6,'en',1,'map',NULL),(329,'page_m',6,'hr',2,'karta',NULL),(340,'custom',NULL,'en',1,'test-fabian','index.php/en?search={ \"search_option_2\":\"Apartment\", \"search_option_4\":\"Rent\", \"search_option_22\":\"true\",\"search_option_11\":\"true\"}'),(347,'estate_m',8,'en',1,'ozalj-apartment',NULL),(348,'estate_m',8,'hr',2,'ozalj-apartman',NULL),(351,'estate_m',18,'en',1,'small-beauty',NULL),(352,'estate_m',18,'hr',2,'malena-ljepotica',NULL),(357,'estate_m',30,'en',1,'bjelovar-estate',NULL),(358,'estate_m',30,'hr',2,'bjelovar-nekretnina',NULL);

--
-- Table structure for table `stats`
--

DROP TABLE IF EXISTS `stats`;
/*!40101 SET @saved_cs_client     = @@character_set_client */;
/*!40101 SET character_set_client = utf8 */;
CREATE TABLE `stats` (
  `id` int(11) NOT NULL AUTO_INCREMENT,
  `property_id` int(11) DEFAULT NULL,
  `time_part_5min` datetime DEFAULT NULL,
  `views` int(11) DEFAULT NULL,
  PRIMARY KEY (`id`)
) ENGINE=InnoDB AUTO_INCREMENT=249 DEFAULT CHARSET=utf8 COLLATE=utf8_unicode_ci;
/*!40101 SET character_set_client = @saved_cs_client */;

--
-- Dumping data for table `stats`
--

INSERT INTO `stats` VALUES (1,14,'2015-03-01 19:15:00',3),(2,14,'2015-03-01 19:20:00',3),(3,14,'2015-03-01 19:40:00',3),(4,14,'2015-03-01 19:45:00',4),(5,14,'2015-03-01 19:50:00',1),(6,14,'2015-03-01 19:55:00',1),(7,9,'2015-03-01 19:55:00',2),(8,8,'2015-03-01 19:55:00',2),(9,14,'2015-03-02 09:35:00',1),(10,14,'2015-03-02 09:45:00',1),(11,14,'2015-03-02 10:00:00',2),(12,14,'2015-03-02 19:45:00',1),(13,14,'2015-03-02 19:55:00',4),(14,14,'2015-03-02 20:30:00',3),(15,14,'2015-03-02 21:10:00',1),(16,14,'2015-03-02 21:15:00',4),(17,14,'2015-03-02 21:30:00',2),(18,14,'2015-03-02 21:35:00',3),(19,14,'2015-03-02 21:40:00',3),(20,14,'2015-03-02 21:45:00',1),(21,14,'2015-03-02 21:50:00',5),(22,14,'2015-03-02 21:55:00',3),(23,14,'2015-03-02 22:00:00',1),(24,14,'2015-03-03 17:10:00',1),(25,14,'2015-03-03 18:10:00',2),(26,14,'2015-03-03 21:00:00',1),(27,14,'2015-03-03 21:15:00',2),(28,14,'2015-03-03 21:25:00',4),(29,14,'2015-03-03 21:50:00',1),(30,14,'2015-03-03 21:55:00',5),(31,14,'2015-03-03 22:00:00',1),(32,14,'2015-03-05 09:25:00',2),(33,12,'2015-03-05 09:25:00',2),(34,12,'2015-03-05 09:30:00',1),(35,14,'2015-03-05 16:45:00',1),(36,14,'2015-03-05 16:50:00',1),(37,14,'2015-03-05 17:20:00',2),(38,14,'2015-03-05 17:25:00',5),(39,14,'2015-03-07 13:45:00',1),(40,14,'2015-03-08 23:00:00',1),(41,14,'2015-03-09 20:05:00',1),(42,16,'2015-03-13 09:20:00',1),(43,30,'2015-03-13 09:25:00',1),(44,12,'2015-03-17 22:15:00',1),(45,8,'2015-03-17 23:10:00',1),(46,30,'2015-03-17 23:10:00',1),(47,14,'2015-03-18 09:15:00',1),(48,30,'2015-03-19 18:45:00',32),(49,14,'2015-03-24 21:35:00',2),(50,14,'2015-03-24 21:50:00',2),(51,14,'2015-03-24 21:55:00',8),(52,14,'2015-03-24 22:00:00',16),(53,14,'2015-03-24 22:05:00',2),(54,14,'2015-03-24 22:15:00',2),(55,14,'2015-03-27 21:35:00',2),(56,14,'2015-03-27 21:55:00',1),(57,14,'2015-03-27 22:00:00',1),(58,14,'2015-03-29 18:25:00',2),(59,14,'2015-03-29 19:00:00',59),(60,14,'2015-03-29 19:25:00',7),(61,14,'2015-03-29 19:05:00',1),(62,14,'2015-03-29 19:50:00',1),(63,14,'2015-03-29 19:55:00',5),(64,14,'2015-03-29 20:00:00',4),(65,14,'2015-03-29 20:05:00',45),(66,14,'2015-03-29 20:10:00',2),(67,14,'2015-03-29 20:15:00',7),(68,14,'2015-03-29 20:20:00',46),(69,14,'2015-03-29 20:25:00',4),(70,14,'2015-03-29 20:30:00',5),(71,14,'2015-03-29 20:35:00',1),(72,19,'2015-04-07 11:10:00',2),(73,19,'2015-04-08 11:25:00',1),(74,19,'2015-04-08 11:30:00',2),(75,8,'2015-04-10 18:55:00',1),(76,8,'2015-04-10 19:05:00',1),(77,8,'2015-04-10 19:45:00',1),(78,14,'2015-04-12 15:30:00',2),(79,14,'2015-04-12 15:35:00',1),(80,30,'2015-04-26 19:55:00',2),(81,8,'2015-05-25 21:10:00',1),(82,8,'2015-05-29 15:30:00',1),(83,8,'2015-05-29 15:50:00',1),(84,14,'2015-06-06 12:10:00',1),(85,14,'2015-06-06 17:45:00',2),(86,14,'2015-06-06 17:50:00',3),(87,14,'2015-06-06 17:55:00',2),(88,14,'2015-06-06 18:00:00',8),(89,14,'2015-06-06 18:05:00',2),(90,14,'2015-06-06 18:10:00',2),(91,30,'2015-06-07 15:15:00',1),(92,14,'2015-06-07 15:20:00',1),(93,14,'2015-06-08 19:45:00',2),(94,8,'2015-06-08 20:00:00',5),(95,14,'2015-06-09 08:30:00',1),(96,12,'2015-06-09 08:30:00',1),(97,14,'2015-06-09 14:45:00',5),(98,14,'2015-06-09 14:50:00',1),(99,14,'2015-06-09 14:55:00',6),(100,14,'2015-06-09 15:00:00',1),(101,14,'2015-06-09 15:05:00',1),(102,14,'2015-06-09 15:10:00',3),(103,12,'2015-06-09 15:10:00',6),(104,12,'2015-06-09 15:15:00',4),(105,12,'2015-06-09 15:20:00',4),(106,12,'2015-06-09 15:25:00',5),(107,12,'2015-06-09 15:30:00',7),(108,12,'2015-06-09 15:35:00',1),(109,12,'2015-06-09 16:10:00',1),(110,12,'2015-06-09 19:15:00',1),(111,12,'2015-06-09 19:20:00',1),(112,12,'2015-06-09 19:45:00',1),(113,12,'2015-06-09 19:50:00',4),(114,12,'2015-06-09 19:55:00',3),(115,12,'2015-06-09 20:00:00',6),(116,14,'2015-06-09 20:05:00',2),(117,14,'2015-06-09 20:10:00',1),(118,14,'2015-06-09 20:15:00',4),(119,13,'2015-06-09 20:20:00',5),(120,30,'2015-06-09 20:20:00',6),(121,7,'2015-06-09 20:20:00',6),(122,7,'2015-06-09 20:25:00',1),(123,7,'2015-06-09 20:30:00',1),(124,30,'2015-06-09 20:40:00',4),(125,30,'2015-06-09 20:45:00',5),(126,12,'2015-06-09 20:55:00',4),(127,12,'2015-06-09 21:00:00',1),(128,30,'2015-06-09 21:00:00',1),(129,8,'2015-06-09 21:00:00',6),(130,30,'2015-06-10 16:20:00',1),(131,30,'2015-06-10 16:25:00',1),(132,30,'2015-06-10 16:30:00',4),(133,30,'2015-06-10 16:35:00',5),(134,30,'2015-06-10 17:45:00',6),(135,30,'2015-06-10 17:50:00',7),(136,30,'2015-06-10 17:55:00',4),(137,30,'2015-06-10 18:00:00',2),(138,12,'2015-06-10 19:15:00',5),(139,7,'2015-06-13 09:45:00',5),(140,7,'2015-06-13 10:00:00',5),(141,30,'2015-06-13 10:00:00',5),(142,30,'2015-06-13 10:05:00',6),(143,30,'2015-06-13 10:10:00',4),(144,30,'2015-06-13 10:15:00',4),(145,30,'2015-06-13 10:20:00',1),(146,8,'2015-06-13 10:20:00',5),(147,7,'2015-06-19 14:10:00',5),(148,30,'2015-06-19 14:10:00',5),(149,14,'2015-06-20 15:30:00',5),(150,7,'2015-06-20 19:10:00',4),(151,30,'2015-06-20 19:10:00',3),(152,30,'2015-06-20 19:25:00',3),(153,30,'2015-06-20 19:30:00',2),(154,30,'2015-06-20 19:35:00',2),(155,12,'2015-06-20 20:10:00',4),(156,12,'2015-06-20 20:15:00',4),(157,12,'2015-06-20 20:20:00',4),(158,30,'2015-06-23 23:50:00',4),(159,7,'2015-06-23 23:50:00',2),(160,8,'2015-06-23 23:50:00',2),(161,30,'2015-06-23 23:55:00',8),(162,14,'2015-06-24 21:40:00',3),(163,12,'2015-06-24 21:40:00',3),(164,8,'2015-06-24 21:40:00',5),(165,30,'2015-06-24 21:40:00',7),(166,19,'2015-06-24 21:40:00',5),(167,18,'2015-06-24 21:40:00',5),(168,8,'2015-06-24 21:45:00',3),(169,8,'2015-07-05 12:05:00',4),(170,30,'2015-07-05 12:05:00',2),(171,8,'2015-07-05 13:40:00',2),(172,30,'2015-07-05 13:40:00',2),(173,9,'2015-07-05 13:55:00',4),(174,30,'2015-07-05 14:05:00',2),(175,14,'2015-07-07 21:40:00',5),(176,14,'2015-07-09 20:00:00',4),(177,19,'2015-07-14 22:00:00',5),(178,14,'2015-07-18 17:20:00',5),(179,14,'2015-07-21 19:40:00',5),(180,14,'2015-07-23 15:20:00',5),(181,13,'2015-07-23 15:20:00',5),(182,30,'2015-07-23 15:20:00',5),(183,14,'2015-07-27 18:50:00',4),(184,18,'2015-07-27 19:00:00',4),(185,14,'2015-07-28 14:30:00',11),(186,14,'2015-07-28 14:40:00',3),(187,14,'2015-07-28 14:55:00',2),(188,14,'2015-07-28 15:00:00',2),(189,14,'2015-07-28 15:05:00',1),(190,30,'2015-07-30 17:10:00',2),(191,19,'2015-07-30 17:15:00',2),(192,7,'2015-07-30 17:30:00',3),(193,2,'2016-03-04 16:30:00',1),(194,2,'2016-03-04 16:35:00',1),(195,1,'2016-03-04 21:05:00',1),(196,1,'2016-03-04 21:15:00',2),(197,1,'2016-03-04 21:20:00',1),(198,21,'2016-03-04 21:25:00',1),(199,21,'2016-03-04 21:30:00',1),(200,18,'2016-03-06 11:55:00',1),(201,11,'2016-03-07 17:35:00',1),(202,19,'2016-03-07 17:40:00',2),(203,19,'2016-03-07 19:35:00',1),(204,18,'2016-03-08 13:20:00',1),(205,18,'2016-03-08 15:40:00',1),(206,18,'2016-03-11 16:20:00',1),(207,4,'2016-03-11 16:20:00',1),(208,5,'2016-03-11 16:30:00',1),(209,18,'2016-03-11 16:30:00',1),(210,18,'2016-03-11 16:45:00',1),(211,18,'2016-03-11 17:20:00',1),(212,18,'2016-09-29 17:10:00',1),(213,14,'2018-03-11 12:30:00',1),(214,9,'2018-03-11 14:30:00',1),(215,19,'2018-03-11 14:40:00',1),(216,20,'2018-03-13 10:35:00',1),(217,19,'2018-03-13 10:40:00',2),(218,20,'2018-03-13 10:50:00',1),(219,20,'2018-03-13 11:45:00',1),(220,11,'2018-03-27 13:45:00',1),(221,20,'2018-03-27 14:35:00',1),(222,20,'2018-03-27 14:40:00',1),(223,20,'2018-03-27 14:50:00',1),(224,20,'2018-03-27 15:05:00',1),(225,4,'2018-03-29 20:25:00',1),(226,19,'2018-03-29 20:40:00',1),(227,2,'2018-03-29 20:50:00',1),(228,11,'2018-03-29 20:55:00',1),(229,20,'2018-03-31 00:10:00',1),(230,18,'2018-04-03 12:15:00',2),(231,18,'2018-04-04 10:25:00',1),(232,9,'2018-04-04 12:05:00',1),(233,9,'2018-04-04 12:20:00',2),(234,11,'2018-04-04 12:55:00',1),(235,19,'2018-04-05 17:05:00',2),(236,12,'2018-04-05 17:10:00',1),(237,20,'2018-04-05 17:20:00',1),(238,9,'2018-04-05 17:25:00',1),(239,20,'2018-04-06 10:45:00',1),(240,11,'2018-04-06 19:15:00',1),(241,11,'2018-04-10 14:00:00',1),(242,20,'2018-04-10 14:05:00',1),(243,20,'2018-04-13 19:10:00',1),(244,18,'2018-04-13 19:15:00',1),(245,11,'2018-04-13 23:00:00',1),(246,20,'2018-04-14 20:30:00',1),(247,20,'2018-04-17 12:45:00',1),(248,20,'2018-04-27 23:15:00',1);

--
-- Table structure for table `stats_periods`
--

DROP TABLE IF EXISTS `stats_periods`;
/*!40101 SET @saved_cs_client     = @@character_set_client */;
/*!40101 SET character_set_client = utf8 */;
CREATE TABLE `stats_periods` (
  `id` int(11) NOT NULL AUTO_INCREMENT,
  `property_id` int(11) DEFAULT NULL,
  `period` varchar(45) COLLATE utf8_unicode_ci DEFAULT 'WEEK' COMMENT 'WEEK\nDAY\nMONTH',
  `views` int(11) DEFAULT '0',
  `date` datetime DEFAULT NULL,
  PRIMARY KEY (`id`)
) ENGINE=InnoDB AUTO_INCREMENT=264 DEFAULT CHARSET=utf8 COLLATE=utf8_unicode_ci;
/*!40101 SET character_set_client = @saved_cs_client */;

--
-- Dumping data for table `stats_periods`
--

INSERT INTO `stats_periods` VALUES (1,14,'WEEK',5,'2015-03-02 00:00:00'),(2,14,'DAY',3,'2015-03-05 00:00:00'),(3,14,'MONTH',232,'2015-03-01 00:00:00'),(4,14,'YEAR',338,'2015-01-01 00:00:00'),(5,14,'DAY',1,'2015-03-07 00:00:00'),(6,14,'DAY',1,'2015-03-08 00:00:00'),(7,14,'WEEK',1,'2015-03-09 00:00:00'),(8,14,'DAY',1,'2015-03-09 00:00:00'),(9,16,'WEEK',1,'2015-03-09 00:00:00'),(10,16,'DAY',1,'2015-03-13 00:00:00'),(11,16,'MONTH',1,'2015-03-01 00:00:00'),(12,16,'YEAR',1,'2015-01-01 00:00:00'),(13,30,'WEEK',1,'2015-03-09 00:00:00'),(14,30,'DAY',1,'2015-03-13 00:00:00'),(15,30,'MONTH',34,'2015-03-01 00:00:00'),(16,30,'YEAR',150,'2015-01-01 00:00:00'),(17,12,'WEEK',1,'2015-03-16 00:00:00'),(18,12,'DAY',1,'2015-03-17 00:00:00'),(19,12,'MONTH',1,'2015-03-01 00:00:00'),(20,12,'YEAR',71,'2015-01-01 00:00:00'),(21,8,'WEEK',1,'2015-03-16 00:00:00'),(22,8,'DAY',1,'2015-03-17 00:00:00'),(23,8,'MONTH',1,'2015-03-01 00:00:00'),(24,8,'YEAR',39,'2015-01-01 00:00:00'),(25,30,'WEEK',33,'2015-03-16 00:00:00'),(26,30,'DAY',1,'2015-03-17 00:00:00'),(27,14,'WEEK',1,'2015-03-16 00:00:00'),(28,14,'DAY',1,'2015-03-18 00:00:00'),(29,30,'DAY',32,'2015-03-19 00:00:00'),(30,14,'WEEK',225,'2015-03-23 00:00:00'),(31,14,'DAY',32,'2015-03-24 00:00:00'),(32,14,'DAY',4,'2015-03-27 00:00:00'),(33,14,'DAY',189,'2015-03-29 00:00:00'),(34,19,'WEEK',5,'2015-04-06 00:00:00'),(35,19,'DAY',2,'2015-04-07 00:00:00'),(36,19,'MONTH',5,'2015-04-01 00:00:00'),(37,19,'YEAR',17,'2015-01-01 00:00:00'),(38,19,'DAY',3,'2015-04-08 00:00:00'),(39,8,'WEEK',3,'2015-04-06 00:00:00'),(40,8,'DAY',3,'2015-04-10 00:00:00'),(41,8,'MONTH',3,'2015-04-01 00:00:00'),(42,14,'WEEK',3,'2015-04-06 00:00:00'),(43,14,'DAY',3,'2015-04-12 00:00:00'),(44,14,'MONTH',3,'2015-04-01 00:00:00'),(45,30,'WEEK',2,'2015-04-20 00:00:00'),(46,30,'DAY',2,'2015-04-26 00:00:00'),(47,30,'MONTH',2,'2015-04-01 00:00:00'),(48,8,'WEEK',3,'2015-05-25 00:00:00'),(49,8,'DAY',1,'2015-05-25 00:00:00'),(50,8,'MONTH',3,'2015-05-01 00:00:00'),(51,8,'DAY',2,'2015-05-29 00:00:00'),(52,14,'WEEK',21,'2015-06-01 00:00:00'),(53,14,'DAY',20,'2015-06-06 00:00:00'),(54,14,'MONTH',56,'2015-06-01 00:00:00'),(55,30,'WEEK',1,'2015-06-01 00:00:00'),(56,30,'DAY',1,'2015-06-07 00:00:00'),(57,30,'MONTH',101,'2015-06-01 00:00:00'),(58,14,'DAY',1,'2015-06-07 00:00:00'),(59,14,'WEEK',27,'2015-06-08 00:00:00'),(60,14,'DAY',2,'2015-06-08 00:00:00'),(61,8,'WEEK',16,'2015-06-08 00:00:00'),(62,8,'DAY',5,'2015-06-08 00:00:00'),(63,8,'MONTH',26,'2015-06-01 00:00:00'),(64,14,'DAY',25,'2015-06-09 00:00:00'),(65,12,'WEEK',55,'2015-06-08 00:00:00'),(66,12,'DAY',50,'2015-06-09 00:00:00'),(67,12,'MONTH',70,'2015-06-01 00:00:00'),(68,13,'WEEK',5,'2015-06-08 00:00:00'),(69,13,'DAY',5,'2015-06-09 00:00:00'),(70,13,'MONTH',5,'2015-06-01 00:00:00'),(71,13,'YEAR',10,'2015-01-01 00:00:00'),(72,30,'WEEK',66,'2015-06-08 00:00:00'),(73,30,'DAY',16,'2015-06-09 00:00:00'),(74,7,'WEEK',18,'2015-06-08 00:00:00'),(75,7,'DAY',8,'2015-06-09 00:00:00'),(76,7,'MONTH',29,'2015-06-01 00:00:00'),(77,7,'YEAR',32,'2015-01-01 00:00:00'),(78,8,'DAY',6,'2015-06-09 00:00:00'),(79,30,'DAY',30,'2015-06-10 00:00:00'),(80,12,'DAY',5,'2015-06-10 00:00:00'),(81,7,'DAY',10,'2015-06-13 00:00:00'),(82,30,'DAY',20,'2015-06-13 00:00:00'),(83,8,'DAY',5,'2015-06-13 00:00:00'),(84,7,'WEEK',9,'2015-06-15 00:00:00'),(85,7,'DAY',5,'2015-06-19 00:00:00'),(86,30,'WEEK',15,'2015-06-15 00:00:00'),(87,30,'DAY',5,'2015-06-19 00:00:00'),(88,14,'WEEK',5,'2015-06-15 00:00:00'),(89,14,'DAY',5,'2015-06-20 00:00:00'),(90,7,'DAY',4,'2015-06-20 00:00:00'),(91,30,'DAY',10,'2015-06-20 00:00:00'),(92,12,'WEEK',12,'2015-06-15 00:00:00'),(93,12,'DAY',12,'2015-06-20 00:00:00'),(94,30,'WEEK',19,'2015-06-22 00:00:00'),(95,30,'DAY',12,'2015-06-23 00:00:00'),(96,7,'WEEK',2,'2015-06-22 00:00:00'),(97,7,'DAY',2,'2015-06-23 00:00:00'),(98,8,'WEEK',10,'2015-06-22 00:00:00'),(99,8,'DAY',2,'2015-06-23 00:00:00'),(100,14,'WEEK',3,'2015-06-22 00:00:00'),(101,14,'DAY',3,'2015-06-24 00:00:00'),(102,12,'WEEK',3,'2015-06-22 00:00:00'),(103,12,'DAY',3,'2015-06-24 00:00:00'),(104,8,'DAY',8,'2015-06-24 00:00:00'),(105,30,'DAY',7,'2015-06-24 00:00:00'),(106,19,'WEEK',5,'2015-06-22 00:00:00'),(107,19,'DAY',5,'2015-06-24 00:00:00'),(108,19,'MONTH',5,'2015-06-01 00:00:00'),(109,18,'WEEK',5,'2015-06-22 00:00:00'),(110,18,'DAY',5,'2015-06-24 00:00:00'),(111,18,'MONTH',5,'2015-06-01 00:00:00'),(112,18,'YEAR',9,'2015-01-01 00:00:00'),(113,8,'WEEK',6,'2015-06-29 00:00:00'),(114,8,'DAY',6,'2015-07-05 00:00:00'),(115,8,'MONTH',6,'2015-07-01 00:00:00'),(116,30,'WEEK',6,'2015-06-29 00:00:00'),(117,30,'DAY',6,'2015-07-05 00:00:00'),(118,30,'MONTH',13,'2015-07-01 00:00:00'),(119,9,'WEEK',4,'2015-06-29 00:00:00'),(120,9,'DAY',4,'2015-07-05 00:00:00'),(121,9,'MONTH',4,'2015-07-01 00:00:00'),(122,9,'YEAR',4,'2015-01-01 00:00:00'),(123,14,'WEEK',9,'2015-07-06 00:00:00'),(124,14,'DAY',5,'2015-07-07 00:00:00'),(125,14,'MONTH',47,'2015-07-01 00:00:00'),(126,14,'DAY',4,'2015-07-09 00:00:00'),(127,19,'WEEK',5,'2015-07-13 00:00:00'),(128,19,'DAY',5,'2015-07-14 00:00:00'),(129,19,'MONTH',7,'2015-07-01 00:00:00'),(130,14,'WEEK',5,'2015-07-13 00:00:00'),(131,14,'DAY',5,'2015-07-18 00:00:00'),(132,14,'WEEK',10,'2015-07-20 00:00:00'),(133,14,'DAY',5,'2015-07-21 00:00:00'),(134,14,'DAY',5,'2015-07-23 00:00:00'),(135,13,'WEEK',5,'2015-07-20 00:00:00'),(136,13,'DAY',5,'2015-07-23 00:00:00'),(137,13,'MONTH',5,'2015-07-01 00:00:00'),(138,30,'WEEK',5,'2015-07-20 00:00:00'),(139,30,'DAY',5,'2015-07-23 00:00:00'),(140,14,'WEEK',23,'2015-07-27 00:00:00'),(141,14,'DAY',4,'2015-07-27 00:00:00'),(142,18,'WEEK',4,'2015-07-27 00:00:00'),(143,18,'DAY',4,'2015-07-27 00:00:00'),(144,18,'MONTH',4,'2015-07-01 00:00:00'),(145,14,'DAY',19,'2015-07-28 00:00:00'),(146,30,'WEEK',2,'2015-07-27 00:00:00'),(147,30,'DAY',2,'2015-07-30 00:00:00'),(148,19,'WEEK',2,'2015-07-27 00:00:00'),(149,19,'DAY',2,'2015-07-30 00:00:00'),(150,7,'WEEK',3,'2015-07-27 00:00:00'),(151,7,'DAY',3,'2015-07-30 00:00:00'),(152,7,'MONTH',3,'2015-07-01 00:00:00'),(153,2,'WEEK',2,'2016-02-29 00:00:00'),(154,2,'DAY',2,'2016-03-04 00:00:00'),(155,2,'MONTH',2,'2016-03-01 00:00:00'),(156,2,'YEAR',2,'2016-01-01 00:00:00'),(157,1,'WEEK',4,'2016-02-29 00:00:00'),(158,1,'DAY',4,'2016-03-04 00:00:00'),(159,1,'MONTH',4,'2016-03-01 00:00:00'),(160,1,'YEAR',4,'2016-01-01 00:00:00'),(161,21,'WEEK',2,'2016-02-29 00:00:00'),(162,21,'DAY',2,'2016-03-04 00:00:00'),(163,21,'MONTH',2,'2016-03-01 00:00:00'),(164,21,'YEAR',2,'2016-01-01 00:00:00'),(165,18,'WEEK',1,'2016-02-29 00:00:00'),(166,18,'DAY',1,'2016-03-06 00:00:00'),(167,18,'MONTH',7,'2016-03-01 00:00:00'),(168,18,'YEAR',8,'2016-01-01 00:00:00'),(169,11,'WEEK',1,'2016-03-07 00:00:00'),(170,11,'DAY',1,'2016-03-07 00:00:00'),(171,11,'MONTH',1,'2016-03-01 00:00:00'),(172,11,'YEAR',1,'2016-01-01 00:00:00'),(173,19,'WEEK',3,'2016-03-07 00:00:00'),(174,19,'DAY',3,'2016-03-07 00:00:00'),(175,19,'MONTH',3,'2016-03-01 00:00:00'),(176,19,'YEAR',3,'2016-01-01 00:00:00'),(177,18,'WEEK',6,'2016-03-07 00:00:00'),(178,18,'DAY',2,'2016-03-08 00:00:00'),(179,18,'DAY',4,'2016-03-11 00:00:00'),(180,4,'WEEK',1,'2016-03-07 00:00:00'),(181,4,'DAY',1,'2016-03-11 00:00:00'),(182,4,'MONTH',1,'2016-03-01 00:00:00'),(183,4,'YEAR',1,'2016-01-01 00:00:00'),(184,5,'WEEK',1,'2016-03-07 00:00:00'),(185,5,'DAY',1,'2016-03-11 00:00:00'),(186,5,'MONTH',1,'2016-03-01 00:00:00'),(187,5,'YEAR',1,'2016-01-01 00:00:00'),(188,18,'WEEK',1,'2016-09-26 00:00:00'),(189,18,'DAY',1,'2016-09-29 00:00:00'),(190,18,'MONTH',1,'2016-09-01 00:00:00'),(191,14,'WEEK',1,'2018-03-05 00:00:00'),(192,14,'DAY',1,'2018-03-11 00:00:00'),(193,14,'MONTH',1,'2018-03-01 00:00:00'),(194,14,'YEAR',1,'2018-01-01 00:00:00'),(195,9,'WEEK',1,'2018-03-05 00:00:00'),(196,9,'DAY',1,'2018-03-11 00:00:00'),(197,9,'MONTH',1,'2018-03-01 00:00:00'),(198,9,'YEAR',5,'2018-01-01 00:00:00'),(199,19,'WEEK',1,'2018-03-05 00:00:00'),(200,19,'DAY',1,'2018-03-11 00:00:00'),(201,19,'MONTH',4,'2018-03-01 00:00:00'),(202,19,'YEAR',6,'2018-01-01 00:00:00'),(203,20,'WEEK',3,'2018-03-12 00:00:00'),(204,20,'DAY',3,'2018-03-13 00:00:00'),(205,20,'MONTH',8,'2018-03-01 00:00:00'),(206,20,'YEAR',15,'2018-01-01 00:00:00'),(207,19,'WEEK',2,'2018-03-12 00:00:00'),(208,19,'DAY',2,'2018-03-13 00:00:00'),(209,11,'WEEK',2,'2018-03-26 00:00:00'),(210,11,'DAY',1,'2018-03-27 00:00:00'),(211,11,'MONTH',2,'2018-03-01 00:00:00'),(212,11,'YEAR',6,'2018-01-01 00:00:00'),(213,20,'WEEK',5,'2018-03-26 00:00:00'),(214,20,'DAY',4,'2018-03-27 00:00:00'),(215,4,'WEEK',1,'2018-03-26 00:00:00'),(216,4,'DAY',1,'2018-03-29 00:00:00'),(217,4,'MONTH',1,'2018-03-01 00:00:00'),(218,4,'YEAR',1,'2018-01-01 00:00:00'),(219,19,'WEEK',1,'2018-03-26 00:00:00'),(220,19,'DAY',1,'2018-03-29 00:00:00'),(221,2,'WEEK',1,'2018-03-26 00:00:00'),(222,2,'DAY',1,'2018-03-29 00:00:00'),(223,2,'MONTH',1,'2018-03-01 00:00:00'),(224,2,'YEAR',1,'2018-01-01 00:00:00'),(225,11,'DAY',1,'2018-03-29 00:00:00'),(226,20,'DAY',1,'2018-03-31 00:00:00'),(227,18,'WEEK',3,'2018-04-02 00:00:00'),(228,18,'DAY',2,'2018-04-03 00:00:00'),(229,18,'MONTH',4,'2018-04-01 00:00:00'),(230,18,'YEAR',4,'2018-01-01 00:00:00'),(231,18,'DAY',1,'2018-04-04 00:00:00'),(232,9,'WEEK',4,'2018-04-02 00:00:00'),(233,9,'DAY',3,'2018-04-04 00:00:00'),(234,9,'MONTH',4,'2018-04-01 00:00:00'),(235,11,'WEEK',2,'2018-04-02 00:00:00'),(236,11,'DAY',1,'2018-04-04 00:00:00'),(237,11,'MONTH',4,'2018-04-01 00:00:00'),(238,19,'WEEK',2,'2018-04-02 00:00:00'),(239,19,'DAY',2,'2018-04-05 00:00:00'),(240,19,'MONTH',2,'2018-04-01 00:00:00'),(241,12,'WEEK',1,'2018-04-02 00:00:00'),(242,12,'DAY',1,'2018-04-05 00:00:00'),(243,12,'MONTH',1,'2018-04-01 00:00:00'),(244,12,'YEAR',1,'2018-01-01 00:00:00'),(245,20,'WEEK',2,'2018-04-02 00:00:00'),(246,20,'DAY',1,'2018-04-05 00:00:00'),(247,20,'MONTH',7,'2018-04-01 00:00:00'),(248,9,'DAY',1,'2018-04-05 00:00:00'),(249,20,'DAY',1,'2018-04-06 00:00:00'),(250,11,'DAY',1,'2018-04-06 00:00:00'),(251,11,'WEEK',2,'2018-04-09 00:00:00'),(252,11,'DAY',1,'2018-04-10 00:00:00'),(253,20,'WEEK',3,'2018-04-09 00:00:00'),(254,20,'DAY',1,'2018-04-10 00:00:00'),(255,20,'DAY',1,'2018-04-13 00:00:00'),(256,18,'WEEK',1,'2018-04-09 00:00:00'),(257,18,'DAY',1,'2018-04-13 00:00:00'),(258,11,'DAY',1,'2018-04-13 00:00:00'),(259,20,'DAY',1,'2018-04-14 00:00:00'),(260,20,'WEEK',1,'2018-04-16 00:00:00'),(261,20,'DAY',1,'2018-04-17 00:00:00'),(262,20,'WEEK',1,'2018-04-23 00:00:00'),(263,20,'DAY',1,'2018-04-27 00:00:00');

--
-- Table structure for table `token_api`
--

DROP TABLE IF EXISTS `token_api`;
/*!40101 SET @saved_cs_client     = @@character_set_client */;
/*!40101 SET character_set_client = utf8 */;
CREATE TABLE `token_api` (
  `id` int(11) NOT NULL AUTO_INCREMENT,
  `date_last_access` datetime NOT NULL,
  `ip` varchar(50) COLLATE utf8_unicode_ci NOT NULL,
  `username` varchar(50) COLLATE utf8_unicode_ci NOT NULL,
  `user_id` int(11) NOT NULL,
  `token` varchar(50) COLLATE utf8_unicode_ci NOT NULL,
  `other` text COLLATE utf8_unicode_ci NOT NULL,
  PRIMARY KEY (`id`)
) ENGINE=InnoDB DEFAULT CHARSET=utf8 COLLATE=utf8_unicode_ci;
/*!40101 SET character_set_client = @saved_cs_client */;

--
-- Dumping data for table `token_api`
--


--
-- Table structure for table `trates`
--

DROP TABLE IF EXISTS `trates`;
/*!40101 SET @saved_cs_client     = @@character_set_client */;
/*!40101 SET character_set_client = utf8 */;
CREATE TABLE `trates` (
  `id` int(11) NOT NULL AUTO_INCREMENT,
  `property_id` int(11) NOT NULL,
  `date_from` datetime DEFAULT NULL,
  `date_to` datetime DEFAULT NULL,
  `min_stay` int(11) DEFAULT '1',
  `changeover_day` int(11) DEFAULT '6',
  `table_row_index` int(11) DEFAULT NULL,
  `dates` text COLLATE utf8_unicode_ci,
  `rates` text COLLATE utf8_unicode_ci,
  PRIMARY KEY (`id`)
) ENGINE=InnoDB DEFAULT CHARSET=utf8 COLLATE=utf8_unicode_ci;
/*!40101 SET character_set_client = @saved_cs_client */;

--
-- Dumping data for table `trates`
--


--
-- Table structure for table `treefield`
--

DROP TABLE IF EXISTS `treefield`;
/*!40101 SET @saved_cs_client     = @@character_set_client */;
/*!40101 SET character_set_client = utf8 */;
CREATE TABLE `treefield` (
  `id` int(11) NOT NULL AUTO_INCREMENT,
  `field_id` int(11) DEFAULT NULL,
  `root_id` int(11) DEFAULT NULL,
  `parent_id` int(11) DEFAULT NULL,
  `order` int(11) DEFAULT NULL,
  `level` int(11) DEFAULT NULL,
  `field_name` varchar(100) COLLATE utf8_unicode_ci DEFAULT NULL,
  `template` varchar(100) COLLATE utf8_unicode_ci DEFAULT 'treefield',
  `repository_id` int(11) DEFAULT NULL,
  `image_filename` varchar(200) COLLATE utf8_unicode_ci DEFAULT NULL,
  `affilate_price` decimal(10,2) DEFAULT NULL,
  `notifications_sent` tinyint(1) DEFAULT '1',
  `font_icon_code` varchar(64) COLLATE utf8_unicode_ci NOT NULL,
  PRIMARY KEY (`id`)
) ENGINE=InnoDB AUTO_INCREMENT=105 DEFAULT CHARSET=utf8 COLLATE=utf8_unicode_ci;
/*!40101 SET character_set_client = @saved_cs_client */;

--
-- Dumping data for table `treefield`
--

INSERT INTO `treefield` VALUES (36,64,NULL,0,0,0,NULL,'0',311,'treefield_albania.jpg',NULL,1,''),(37,64,NULL,0,0,0,NULL,'0',312,'treefield_austria.jpg',NULL,1,''),(38,64,NULL,0,0,0,NULL,'0',314,'treefield_belgium.jpg',NULL,1,''),(39,64,NULL,0,0,0,NULL,'0',316,'treefield_bulgaria.jpg',NULL,1,''),(40,64,NULL,0,0,0,NULL,'0',315,'treefield_bosnia_herz.jpg',NULL,1,''),(41,64,NULL,0,0,0,NULL,'0',313,'treefield_belarus.jpg',NULL,1,''),(42,64,NULL,0,0,0,NULL,'0',345,'treefield_switzerland.jpg',NULL,1,''),(43,64,NULL,0,0,0,NULL,'0',318,'treefield_czech.jpg',NULL,1,''),(44,64,NULL,0,0,0,NULL,'0',323,'treefield_germany.jpg',NULL,1,''),(45,64,NULL,0,0,0,NULL,'0',319,'treefield_denmark.jpg',NULL,1,''),(46,64,NULL,0,0,0,NULL,'0',320,'treefield_estonia.jpg',NULL,1,''),(47,64,NULL,0,0,0,NULL,'0',321,'treefield_finland.jpg',NULL,1,''),(48,64,NULL,0,0,0,NULL,'0',347,'treefield_united_kingdom.jpg',NULL,1,''),(49,64,NULL,0,0,0,NULL,'0',324,'treefield_greece.jpg',NULL,1,''),(50,64,NULL,0,0,0,NULL,'0',317,'treefield_croatia.jpg',NULL,1,''),(51,64,NULL,0,0,0,NULL,'0',325,'treefield_hungary.jpg',NULL,1,''),(52,64,NULL,0,0,0,NULL,'0',327,'treefield_ireland.jpg',NULL,1,''),(53,64,NULL,0,0,0,NULL,'0',326,'treefield_iceland.jpg',NULL,1,''),(54,64,NULL,0,0,0,NULL,'0',328,'treefield_italy.jpg',NULL,1,''),(55,64,NULL,0,0,0,NULL,'0',330,'treefield_lithuania.jpg',NULL,1,''),(56,64,NULL,0,0,0,NULL,'0',331,'treefield_luxembourg.jpg',NULL,1,''),(57,64,NULL,0,0,0,NULL,'0',329,'treefield_latvia.jpg',NULL,1,''),(58,64,NULL,0,0,0,NULL,'0',333,'treefield_moldova.jpg',NULL,1,''),(59,64,NULL,0,0,0,NULL,'0',332,'treefield_macedonia.jpg',NULL,1,''),(60,64,NULL,0,0,0,NULL,'0',334,'treefield_montenegro.jpg',NULL,1,''),(61,64,NULL,0,0,0,NULL,'0',335,'treefield_netherlands.jpg',NULL,1,''),(62,64,NULL,0,0,0,NULL,'0',336,'treefield_norway.jpg',NULL,1,''),(63,64,NULL,0,0,0,NULL,'0',337,'treefield_poland.jpg',NULL,1,''),(64,64,NULL,0,0,0,NULL,'0',338,'treefield_portugal.jpg',NULL,1,''),(65,64,NULL,0,0,0,NULL,'0',339,'treefield_romania.jpg',NULL,1,''),(66,64,NULL,0,0,0,NULL,'0',340,'treefield_serbia.jpg',NULL,1,''),(67,64,NULL,0,0,0,NULL,'0',341,'treefield_slovakia.jpg',NULL,1,''),(68,64,NULL,0,0,0,NULL,'0',342,'treefield_slovenia.jpg',NULL,1,''),(69,64,NULL,0,0,0,NULL,'0',344,'treefield_sweden.jpg',NULL,1,''),(70,64,NULL,0,0,0,NULL,'0',346,'treefield_ukraine.jpg',NULL,1,''),(71,64,NULL,0,0,0,NULL,'0',322,'treefield_france.jpg',NULL,1,''),(72,64,NULL,0,0,0,NULL,'0',343,'treefield_spain.jpg',NULL,1,''),(73,64,NULL,50,0,1,NULL,'0',0,NULL,NULL,1,''),(74,64,NULL,50,0,1,NULL,'0',0,NULL,NULL,1,''),(75,64,NULL,50,0,1,NULL,'0',0,NULL,NULL,1,''),(76,64,NULL,50,0,1,NULL,'0',0,NULL,NULL,1,''),(77,64,NULL,50,0,1,NULL,'0',0,NULL,NULL,1,''),(78,64,NULL,50,0,1,NULL,'0',0,NULL,NULL,1,''),(79,64,NULL,50,0,1,NULL,'0',0,NULL,NULL,1,''),(80,64,NULL,36,0,1,NULL,'0',0,NULL,NULL,1,''),(81,64,NULL,36,0,1,NULL,'0',413,NULL,NULL,1,''),(82,64,NULL,36,0,1,NULL,'0',0,NULL,NULL,1,''),(83,64,NULL,36,0,1,NULL,'0',0,NULL,NULL,1,''),(84,64,NULL,36,0,1,NULL,'0',0,NULL,NULL,1,''),(85,64,NULL,36,0,1,NULL,'0',0,NULL,NULL,1,''),(86,64,NULL,38,0,1,NULL,'0',0,NULL,NULL,1,''),(87,64,NULL,38,0,1,NULL,'0',0,NULL,NULL,1,''),(88,64,NULL,38,0,1,NULL,'0',0,NULL,NULL,1,''),(89,64,NULL,38,0,1,NULL,'0',0,NULL,NULL,1,''),(90,64,NULL,38,0,1,NULL,'0',0,NULL,NULL,1,''),(98,79,NULL,0,1,0,NULL,'treefield_treefield',391,'type_image_2.jpg',NULL,1,'fa fa-cutlery'),(99,79,NULL,0,1,0,NULL,'treefield_treefield',390,'type_image_3.jpg',NULL,1,'fa fa-shopping-basket'),(100,79,NULL,0,2,0,NULL,'treefield_treefield',389,'type_image_4.jpg',NULL,1,'fa fa-coffee'),(101,79,NULL,0,5,0,NULL,'treefield_treefield',394,'type_image_8.jpg',NULL,1,'fa fa-glass'),(102,79,NULL,0,3,0,NULL,'treefield_treefield',392,'type_image_11.jpg',NULL,1,'fa fa-building'),(103,79,NULL,0,4,0,NULL,'treefield_treefield',393,'type_image_6.jpg',NULL,1,'fa fa-graduation-cap'),(104,79,NULL,0,7,0,NULL,'treefield_treefield',395,'type_image_7.jpg',NULL,1,'fa fa-shopping-cart');

--
-- Table structure for table `treefield_lang`
--

DROP TABLE IF EXISTS `treefield_lang`;
/*!40101 SET @saved_cs_client     = @@character_set_client */;
/*!40101 SET character_set_client = utf8 */;
CREATE TABLE `treefield_lang` (
  `id` int(11) NOT NULL AUTO_INCREMENT,
  `treefield_id` int(11) DEFAULT NULL,
  `language_id` int(11) DEFAULT NULL,
  `value` text COLLATE utf8_unicode_ci,
  `value_path` text COLLATE utf8_unicode_ci,
  `title` varchar(160) COLLATE utf8_unicode_ci DEFAULT NULL,
  `path_title` varchar(160) COLLATE utf8_unicode_ci DEFAULT NULL,
  `address` varchar(160) COLLATE utf8_unicode_ci DEFAULT NULL,
  `body` text COLLATE utf8_unicode_ci,
  `keywords` varchar(160) COLLATE utf8_unicode_ci DEFAULT NULL,
  `description` varchar(160) COLLATE utf8_unicode_ci DEFAULT NULL,
  `slug` varchar(100) COLLATE utf8_unicode_ci DEFAULT NULL,
  `adcode1` text COLLATE utf8_unicode_ci,
  `adcode2` text COLLATE utf8_unicode_ci,
  `adcode3` text COLLATE utf8_unicode_ci,
  `adcode4` text COLLATE utf8_unicode_ci,
  `adcode5` text COLLATE utf8_unicode_ci,
  `adcode6` text COLLATE utf8_unicode_ci,
  PRIMARY KEY (`id`)
) ENGINE=InnoDB AUTO_INCREMENT=583 DEFAULT CHARSET=utf8 COLLATE=utf8_unicode_ci;
/*!40101 SET character_set_client = @saved_cs_client */;

--
-- Dumping data for table `treefield_lang`
--

INSERT INTO `treefield_lang` VALUES (387,73,1,'Zagreb','Croatia - Zagreb','0','0','0','0','0','0','0','0','0','0','0','0','0'),(388,73,2,'Zagreb','Croatia - Zagreb','0','0','0','0','0','0','0','0','0','0','0','0','0'),(389,74,1,'Istria','Croatia - Istria','0','0','0','0','0','0','0','0','0','0','0','0','0'),(390,74,2,'Istria','Croatia - Istria','0','0','0','0','0','0','0','0','0','0','0','0','0'),(391,75,1,'Međimurje','Croatia - Međimurje','0','0','0','0','0','0','0','0','0','0','0','0','0'),(392,75,2,'Međimurje','Croatia - Međimurje','0','0','0','0','0','0','0','0','0','0','0','0','0'),(393,76,1,'Varaždin','Croatia - Varaždin','0','0','0','0','0','0','0','0','0','0','0','0','0'),(394,76,2,'Varaždin','Croatia - Varaždin','0','0','0','0','0','0','0','0','0','0','0','0','0'),(395,77,1,'Zadar','Croatia - Zadar','0','0','0','0','0','0','0','0','0','0','0','0','0'),(396,77,2,'Zadar','Croatia - Zadar','0','0','0','0','0','0','0','0','0','0','0','0','0'),(397,78,1,'Osijek','Croatia - Osijek','0','0','0','0','0','0','0','0','0','0','0','0','0'),(398,78,2,'Osijek','Croatia - Osijek','0','0','0','0','0','0','0','0','0','0','0','0','0'),(399,79,1,'Sisak','Croatia - Sisak','0','0','0','0','0','0','0','0','0','0','0','0','0'),(400,79,2,'Sisak','Croatia - Sisak','0','0','0','0','0','0','0','0','0','0','0','0','0'),(401,80,1,'Tirana','Albania - Tirana','0','0','0','0','0','0','0','0','0','0','0','0','0'),(402,80,2,'Tirana','Albania - Tirana','0','0','0','0','0','0','0','0','0','0','0','0','0'),(403,81,1,'Durres','Albania - Durres','0','0','0','0','0','0','0','0','0','0','0','0','0'),(404,81,2,'Durres','Albania - Durres','0','0','0','0','0','0','0','0','0','0','0','0','0'),(405,82,1,'Sarande','Albania - Sarande','0','0','0','0','0','0','0','0','0','0','0','0','0'),(406,82,2,'Sarande','Albania - Sarande','0','0','0','0','0','0','0','0','0','0','0','0','0'),(407,83,1,'Fier','Albania - Fier','0','0','0','0','0','0','0','0','0','0','0','0','0'),(408,83,2,'Fier','Albania - Fier','0','0','0','0','0','0','0','0','0','0','0','0','0'),(409,84,1,'Berat','Albania - Berat','0','0','0','0','0','0','0','0','0','0','0','0','0'),(410,84,2,'Berat','Albania - Berat','0','0','0','0','0','0','0','0','0','0','0','0','0'),(411,85,1,'Patos','Albania - Patos','0','0','0','0','0','0','0','0','0','0','0','0','0'),(412,85,2,'Patos','Albania - Patos','0','0','0','0','0','0','0','0','0','0','0','0','0'),(413,86,1,'Antwerp','Belgium - Antwerp','0','0','0','0','0','0','0','0','0','0','0','0','0'),(414,86,2,'Antwerp','Belgium - Antwerp','0','0','0','0','0','0','0','0','0','0','0','0','0'),(415,87,1,'Hainaut','Belgium - Hainaut','0','0','0','0','0','0','0','0','0','0','0','0','0'),(416,87,2,'Hainaut','Belgium - Hainaut','0','0','0','0','0','0','0','0','0','0','0','0','0'),(417,88,1,'Namur','Belgium - Namur','0','0','0','0','0','0','0','0','0','0','0','0','0'),(418,88,2,'Namur','Belgium - Namur','0','0','0','0','0','0','0','0','0','0','0','0','0'),(419,89,1,'Luxembourg','Belgium - Luxembourg','0','0','0','0','0','0','0','0','0','0','0','0','0'),(420,89,2,'Luxembourg','Belgium - Luxembourg','0','0','0','0','0','0','0','0','0','0','0','0','0'),(421,90,1,'Limburg','Belgium - Limburg','0','0','0','0','0','0','0','0','0','0','0','0','0'),(422,90,2,'Limburg','Belgium - Limburg','0','0','0','0','0','0','0','0','0','0','0','0','0'),(423,36,1,'Albania','Albania','','','','','','','0','','','','','',''),(424,36,2,'Albania','Albania','','','','','','','0','','','','','',''),(425,37,1,'Austria','Austria','','','','','','','0','','','','','',''),(426,37,2,'Austria','Austria','','','','','','','0','','','','','',''),(427,41,1,'Belarus','Belarus','','','','','','','0','','','','','',''),(428,41,2,'Belarus','Belarus','','','','','','','0','','','','','',''),(429,38,1,'Belgium','Belgium','','','','','','','0','','','','','',''),(430,38,2,'Belgium','Belgium','','','','','','','0','','','','','',''),(431,40,1,'Bosnia and Herz.','Bosnia and Herz.','','','','','','','0','','','','','',''),(432,40,2,'Bosnia and Herz.','Bosnia and Herz.','','','','','','','0','','','','','',''),(433,39,1,'Bulgaria','Bulgaria','','','','','','','0','','','','','',''),(434,39,2,'Bulgaria','Bulgaria','','','','','','','0','','','','','',''),(435,50,1,'Croatia','Croatia','','','','','','','0','','','','','',''),(436,50,2,'Croatia','Croatia','','','','','','','0','','','','','',''),(437,43,1,'Czech Rep.','Czech Rep.','','','','','','','0','','','','','',''),(438,43,2,'Czech Rep.','Czech Rep.','','','','','','','0','','','','','',''),(439,45,1,'Denmark','Denmark','','','','','','','0','','','','','',''),(440,45,2,'Denmark','Denmark','','','','','','','0','','','','','',''),(441,46,1,'Estonia','Estonia','','','','','','','0','','','','','',''),(442,46,2,'Estonia','Estonia','','','','','','','0','','','','','',''),(443,47,1,'Finland','Finland','','','','','','','0','','','','','',''),(444,47,2,'Finland','Finland','','','','','','','0','','','','','',''),(445,71,1,'France','France','','','','','','','0','','','','','',''),(446,71,2,'France','France','','','','','','','0','','','','','',''),(447,44,1,'Germany','Germany','','','','','','','0','','','','','',''),(448,44,2,'Germany','Germany','','','','','','','0','','','','','',''),(449,49,1,'Greece','Greece','','','','','','','0','','','','','',''),(450,49,2,'Greece','Greece','','','','','','','0','','','','','',''),(451,51,1,'Hungary','Hungary','','','','','','','0','','','','','',''),(452,51,2,'Hungary','Hungary','','','','','','','0','','','','','',''),(453,53,1,'Iceland','Iceland','','','','','','','0','','','','','',''),(454,53,2,'Iceland','Iceland','','','','','','','0','','','','','',''),(455,52,1,'Ireland','Ireland','','','','','','','0','','','','','',''),(456,52,2,'Ireland','Ireland','','','','','','','0','','','','','',''),(457,54,1,'Italy','Italy','','','','','','','0','','','','','',''),(458,54,2,'Italy','Italy','','','','','','','0','','','','','',''),(459,57,1,'Latvia','Latvia','','','','','','','0','','','','','',''),(460,57,2,'Latvia','Latvia','','','','','','','0','','','','','',''),(461,55,1,'Lithuania','Lithuania','','','','','','','0','','','','','',''),(462,55,2,'Lithuania','Lithuania','','','','','','','0','','','','','',''),(463,56,1,'Luxembourg','Luxembourg','','','','','','','0','','','','','',''),(464,56,2,'Luxembourg','Luxembourg','','','','','','','0','','','','','',''),(465,59,1,'Macedonia','Macedonia','','','','','','','0','','','','','',''),(466,59,2,'Macedonia','Macedonia','','','','','','','0','','','','','',''),(467,58,1,'Moldova','Moldova','','','','','','','0','','','','','',''),(468,58,2,'Moldova','Moldova','','','','','','','0','','','','','',''),(469,60,1,'Montenegro','Montenegro','','','','','','','0','','','','','',''),(470,60,2,'Montenegro','Montenegro','','','','','','','0','','','','','',''),(471,61,1,'Netherlands','Netherlands','','','','','','','0','','','','','',''),(472,61,2,'Netherlands','Netherlands','','','','','','','0','','','','','',''),(473,62,1,'Norway','Norway','','','','','','','0','','','','','',''),(474,62,2,'Norway','Norway','','','','','','','0','','','','','',''),(475,63,1,'Poland','Poland','','','','','','','0','','','','','',''),(476,63,2,'Poland','Poland','','','','','','','0','','','','','',''),(477,64,1,'Portugal','Portugal','','','','','','','0','','','','','',''),(478,64,2,'Portugal','Portugal','','','','','','','0','','','','','',''),(479,65,1,'Romania','Romania','','','','','','','0','','','','','',''),(480,65,2,'Romania','Romania','','','','','','','0','','','','','',''),(481,66,1,'Serbia','Serbia','','','','','','','0','','','','','',''),(482,66,2,'Serbia','Serbia','','','','','','','0','','','','','',''),(483,67,1,'Slovakia','Slovakia','','','','','','','0','','','','','',''),(484,67,2,'Slovakia','Slovakia','','','','','','','0','','','','','',''),(485,68,1,'Slovenia','Slovenia','','','','','','','0','','','','','',''),(486,68,2,'Slovenia','Slovenia','','','','','','','0','','','','','',''),(487,72,1,'Spain','Spain','','','','','','','0','','','','','',''),(488,72,2,'Spain','Spain','','','','','','','0','','','','','',''),(489,69,1,'Sweden','Sweden','','','','','','','0','','','','','',''),(490,69,2,'Sweden','Sweden','','','','','','','0','','','','','',''),(491,42,1,'Switzerland','Switzerland','','','','','','','0','','','','','',''),(492,42,2,'Switzerland','Switzerland','','','','','','','0','','','','','',''),(493,70,1,'Ukraine','Ukraine','','','','','','','0','','','','','',''),(494,70,2,'Ukraine','Ukraine','','','','','','','0','','','','','',''),(495,48,1,'United Kingdom','United Kingdom','','','','','','','0','','','','','',''),(496,48,2,'United Kingdom','United Kingdom','','','','','','','0','','','','','',''),(565,100,1,'Coffee bar','Coffee bar','','','','','','','0','','','','','',''),(566,100,2,'Caffe bar','Caffe bar','','','','','','','0','','','','','',''),(567,102,1,'Hotel','Hotel','','','','','','','0','','','','','',''),(568,102,2,'Hotel','Hotel','','','','','','','0','','','','','',''),(569,103,1,'Library','Library','','','','','','','0','','','','','',''),(570,103,2,'Knjižnica','Knjižnica','','','','','','','0','','','','','',''),(571,101,1,'Night Club','Night Club','','','','','','','0','','','','','',''),(572,101,2,'Noćni Klub','Noćni Klub','','','','','','','0','','','','','',''),(573,98,1,'Restaurant','Restaurant','','','','','','Restourant in nice area','0','','','','','',''),(574,98,2,'Restoran','Restoran','','','','','','','0','','','','','',''),(575,104,1,'Store','Store','','','','','','','0','','','','','',''),(576,104,2,'Trgovina','Trgovina','','','','','','','0','','','','','',''),(581,99,1,'Bakery','Bakery','','','','','','','0','','','','','',''),(582,99,2,'Pekara','Pekara','','','','','','','0','','','','','','');

--
-- Table structure for table `treelevel`
--

DROP TABLE IF EXISTS `treelevel`;
/*!40101 SET @saved_cs_client     = @@character_set_client */;
/*!40101 SET character_set_client = utf8 */;
CREATE TABLE `treelevel` (
  `id` int(11) NOT NULL AUTO_INCREMENT,
  `root_id` int(11) DEFAULT NULL,
  `level` int(11) DEFAULT NULL,
  `language_id` int(11) DEFAULT NULL,
  `level_name` text COLLATE utf8_unicode_ci,
  PRIMARY KEY (`id`)
) ENGINE=InnoDB DEFAULT CHARSET=utf8 COLLATE=utf8_unicode_ci;
/*!40101 SET character_set_client = @saved_cs_client */;

--
-- Dumping data for table `treelevel`
--


--
-- Table structure for table `update_debug`
--

DROP TABLE IF EXISTS `update_debug`;
/*!40101 SET @saved_cs_client     = @@character_set_client */;
/*!40101 SET character_set_client = utf8 */;
CREATE TABLE `update_debug` (
  `id` int(11) NOT NULL AUTO_INCREMENT,
  `version` varchar(45) COLLATE utf8_unicode_ci DEFAULT NULL,
  `message` text COLLATE utf8_unicode_ci,
  PRIMARY KEY (`id`)
) ENGINE=InnoDB AUTO_INCREMENT=4 DEFAULT CHARSET=utf8 COLLATE=utf8_unicode_ci;
/*!40101 SET character_set_client = @saved_cs_client */;

--
-- Dumping data for table `update_debug`
--

INSERT INTO `update_debug` VALUES (1,'1.5.1','initial update_debug message'),(2,'1.5.1','initial update_debug message'),(3,'1.5.1','initial update_debug message');

--
-- Table structure for table `user`
--

DROP TABLE IF EXISTS `user`;
/*!40101 SET @saved_cs_client     = @@character_set_client */;
/*!40101 SET character_set_client = utf8 */;
CREATE TABLE `user` (
  `id` int(11) NOT NULL AUTO_INCREMENT,
  `username` varchar(45) COLLATE utf8_unicode_ci DEFAULT NULL,
  `password` varchar(45) COLLATE utf8_unicode_ci DEFAULT NULL,
  `name_surname` varchar(100) COLLATE utf8_unicode_ci DEFAULT NULL,
  `address` text COLLATE utf8_unicode_ci,
  `description` text COLLATE utf8_unicode_ci,
  `phone` varchar(45) COLLATE utf8_unicode_ci DEFAULT NULL,
  `phone2` varchar(45) COLLATE utf8_unicode_ci DEFAULT NULL,
  `mail` varchar(100) COLLATE utf8_unicode_ci DEFAULT NULL,
  `last_login` datetime DEFAULT NULL,
  `registration_date` datetime DEFAULT NULL,
  `type` varchar(30) COLLATE utf8_unicode_ci DEFAULT NULL COMMENT 'ADMIN\nAGENT\nUSER',
  `language` varchar(20) COLLATE utf8_unicode_ci DEFAULT NULL,
  `repository_id` int(11) DEFAULT NULL,
  `activated` tinyint(1) DEFAULT '0',
  `qa_id` int(11) DEFAULT NULL,
  `package_id` int(11) DEFAULT '0',
  `package_last_payment` datetime DEFAULT NULL,
  `facebook_id` varchar(160) COLLATE utf8_unicode_ci DEFAULT NULL,
  `mail_verified` tinyint(1) DEFAULT '0',
  `phone_verified` tinyint(1) DEFAULT '0',
  `image_user_filename` varchar(200) COLLATE utf8_unicode_ci DEFAULT NULL,
  `image_agency_filename` varchar(200) COLLATE utf8_unicode_ci DEFAULT NULL,
  `company_name` varchar(200) COLLATE utf8_unicode_ci DEFAULT NULL,
  `zip_city` varchar(100) COLLATE utf8_unicode_ci DEFAULT NULL,
  `prename_name` varchar(100) COLLATE utf8_unicode_ci DEFAULT NULL,
  `vat_number` varchar(100) COLLATE utf8_unicode_ci DEFAULT NULL,
  `facebook_link` varchar(150) COLLATE utf8_unicode_ci DEFAULT NULL,
  `gplus_link` varchar(150) COLLATE utf8_unicode_ci DEFAULT NULL,
  `youtube_link` varchar(150) COLLATE utf8_unicode_ci DEFAULT NULL,
  `twitter_link` varchar(150) COLLATE utf8_unicode_ci DEFAULT NULL,
  `linkedin_link` varchar(150) COLLATE utf8_unicode_ci DEFAULT NULL,
  `county_affiliate_values` text COLLATE utf8_unicode_ci,
  `embed_video_code` text COLLATE utf8_unicode_ci,
  `payment_details` text COLLATE utf8_unicode_ci,
  `custom_fields` text COLLATE utf8_unicode_ci,
  `research_sms_notifications` tinyint(1) DEFAULT '0',
  `research_mail_notifications` tinyint(1) DEFAULT '1',
  `agency_id` int(11) DEFAULT NULL,
  `last_edit_ip` varchar(32) COLLATE utf8_unicode_ci DEFAULT NULL,
  PRIMARY KEY (`id`)
) ENGINE=InnoDB AUTO_INCREMENT=29 DEFAULT CHARSET=utf8 COLLATE=utf8_unicode_ci;
/*!40101 SET character_set_client = @saved_cs_client */;

--
-- Dumping data for table `user`
--

INSERT INTO `user` VALUES (1,'sandi.winter','b9bbe','Sandi Winter','Vinogradska 15','','+385 (0)98 734 513',NULL,'sandi@winter.hr','2014-06-14 16:44:09','2013-11-21 11:17:27','ADMIN','english',6,1,0,0,NULL,'',0,0,'sandi.winter.jpg',NULL,NULL,NULL,NULL,NULL,NULL,NULL,NULL,NULL,NULL,NULL,NULL,NULL,NULL,0,1,NULL,NULL),(8,'admin','a114285c9e','Admin','','','+385 (0)91 234 654',NULL,'admin@admin.admin','2018-07-02 20:51:54','2013-12-29 11:39:04','ADMIN','english',186,1,0,0,NULL,'',0,0,NULL,NULL,NULL,NULL,NULL,NULL,NULL,NULL,NULL,NULL,NULL,NULL,NULL,NULL,NULL,0,1,NULL,NULL),(9,'agent','782c9a0f0c','Kety Springs','Vinogradska 14','Lorem ipsum dolor sit amet, consectetur adipiscing elit. Donec auctor diam in quam molestie ullamcorper. Praesent a tellus massa. Nulla laoreet tempus congue. Praesent ut ultrices nunc. Etiam at libero sed turpis tempor placerat in eget lectus. Curabitur pretium, ante vel aliquam lacinia, ipsum felis hendrerit leo, ut aliquet neque odio at nisl.','+385 (0)91 123 321',NULL,'kety@estatepoint.com','2015-07-27 19:03:07','2013-12-29 11:40:16','AGENT','english',21,1,0,0,NULL,'',0,0,'agent.jpg','remax.png',NULL,NULL,NULL,NULL,'#','#','#','#','#',NULL,NULL,NULL,NULL,0,1,NULL,NULL),(10,'lazobiskup','b9bbe','Lazo Biškup','Ilica 234, Zagreb','Lorem ipsum dolor sit amet, consectetur adipiscing elit. Donec auctor diam in quam molestie ullamcorper. Praesent a tellus massa. Nulla laoreet tempus congue. Praesent ut ultrices nunc. Etiam at libero sed turpis tempor placerat in eget lectus. Curabitur pretium, ante vel aliquam lacinia, ipsum felis hendrerit leo, ut aliquet neque odio at nisl.','+385 (0)98 676 565',NULL,'lazo@estatepoint.com',NULL,'2014-01-05 14:44:11','AGENT','english',184,1,0,0,NULL,'',0,0,'agent-lazo.jpg','alogo4.png',NULL,NULL,NULL,NULL,NULL,NULL,NULL,NULL,NULL,NULL,NULL,NULL,NULL,0,1,NULL,NULL),(11,'peropetric','b9bbe','Pero Petrić','Varaždinska 34, Varaždin','Lorem ipsum dolor sit amet, consectetur adipiscing elit. Donec auctor diam in quam molestie ullamcorper. Praesent a tellus massa. Nulla laoreet tempus congue. Praesent ut ultrices nunc. Etiam at libero sed turpis tempor placerat in eget lectus. Curabitur pretium, ante vel aliquam lacinia, ipsum felis hendrerit leo, ut aliquet neque odio at nisl.','+385 (0)92 123 321',NULL,'pero@estatepoint.com',NULL,'2014-01-05 14:47:58','AGENT','english',185,1,1,0,NULL,'',0,0,'pero-agent.jpg','alogo3.png',NULL,NULL,NULL,NULL,NULL,NULL,NULL,NULL,NULL,NULL,NULL,NULL,NULL,0,1,NULL,NULL),(18,'user','f341be9a30','Test user','Cyro trento 23','My description 2','+385959055516','0','sanljiljan@geniuscript.com','2015-10-12 15:40:50','2014-01-26 12:23:26','USER','english',196,1,0,3,'2017-11-02 15:15:55','0',0,0,'zoom.jpg',NULL,'My real estate ltd','21000','Prename','0945621378','','','','','','0','','','[]',0,1,NULL,'::1'),(21,'user007','b9bbe','Imenko Gubić','','','',NULL,'user007@gemail.com','2014-06-03 18:45:48','2014-06-03 18:45:48','USER','croatian',247,1,0,0,NULL,NULL,0,0,'cute-baby-wallpapers-4.jpg',NULL,NULL,NULL,NULL,NULL,NULL,NULL,NULL,NULL,NULL,NULL,NULL,NULL,NULL,0,1,NULL,NULL),(22,'tagent2','b9bbe','test agent 2','Vinogradska 567','Lorem ipsum dolor sit amet, consectetur adipiscing elit. Donec auctor diam in quam molestie ullamcorper. Praesent a tellus massa. Nulla laoreet tempus congue. Praesent ut ultrices nunc. Etiam at libero sed turpis tempor placerat in eget lectus. Curabitur pretium, ante vel aliquam lacinia, ipsum felis hendrerit leo, ut aliquet neque odio at nisl.','','0','agent@ppoint.com',NULL,'2014-07-11 20:52:32','AGENT','croatian',254,0,1,0,NULL,'',0,0,'blonde_retro.jpg',NULL,NULL,NULL,NULL,NULL,'','','','','','0','','','[]',0,1,0,'::1'),(24,'sandi@winter.hr','b9bbe','Sandi Winter',NULL,'',NULL,NULL,'info@winter.hr','2014-08-12 15:23:53','2014-08-12 15:23:53','USER','',NULL,1,NULL,1,NULL,'https://www.facebook.com/app_scoped_user_id/1',0,0,NULL,NULL,NULL,NULL,NULL,NULL,NULL,NULL,NULL,NULL,NULL,NULL,NULL,NULL,NULL,0,1,NULL,NULL),(28,'sandi@geniuscript.com','b9bbe','sandi@geniuscript.com','0','','0',NULL,'sandi@geniuscript.com','2014-12-17 12:16:26','2014-12-17 12:14:15','USER','',282,1,NULL,1,NULL,NULL,0,0,NULL,NULL,NULL,NULL,NULL,NULL,NULL,NULL,NULL,NULL,NULL,NULL,NULL,NULL,NULL,0,1,NULL,NULL);

--
-- Table structure for table `user_attend_listing`
--

DROP TABLE IF EXISTS `user_attend_listing`;
/*!40101 SET @saved_cs_client     = @@character_set_client */;
/*!40101 SET character_set_client = utf8 */;
CREATE TABLE `user_attend_listing` (
  `id` int(11) NOT NULL AUTO_INCREMENT,
  `user_id` int(11) DEFAULT NULL,
  `listing_id` int(11) DEFAULT NULL,
  `date` datetime DEFAULT NULL,
  `ip` varchar(45) COLLATE utf8_unicode_ci DEFAULT NULL,
  PRIMARY KEY (`id`)
) ENGINE=InnoDB DEFAULT CHARSET=utf8 COLLATE=utf8_unicode_ci;
/*!40101 SET character_set_client = @saved_cs_client */;

--
-- Dumping data for table `user_attend_listing`
--


--
-- Table structure for table `visits`
--

DROP TABLE IF EXISTS `visits`;
/*!40101 SET @saved_cs_client     = @@character_set_client */;
/*!40101 SET character_set_client = utf8 */;
CREATE TABLE `visits` (
  `id` int(11) NOT NULL AUTO_INCREMENT,
  `date_visit` datetime DEFAULT NULL,
  `date_created` datetime DEFAULT NULL,
  `date_confirmed` datetime DEFAULT NULL,
  `date_canceled` datetime DEFAULT NULL,
  `property_id` int(11) NOT NULL,
  `message` text NOT NULL,
  `client_id` int(11) NOT NULL,
  PRIMARY KEY (`id`)
) ENGINE=InnoDB DEFAULT CHARSET=utf8;
/*!40101 SET character_set_client = @saved_cs_client */;

--
-- Dumping data for table `visits`
--


--
-- Table structure for table `weather_cacher`
--

DROP TABLE IF EXISTS `weather_cacher`;
/*!40101 SET @saved_cs_client     = @@character_set_client */;
/*!40101 SET character_set_client = utf8 */;
CREATE TABLE `weather_cacher` (
  `id` int(11) NOT NULL AUTO_INCREMENT,
  `property_id` int(11) DEFAULT NULL,
  `lang_id` int(11) DEFAULT NULL,
  `weather_api` varchar(32) DEFAULT NULL,
  `value` text,
  `expire_date` datetime DEFAULT NULL,
  PRIMARY KEY (`id`)
) ENGINE=InnoDB AUTO_INCREMENT=2 DEFAULT CHARSET=utf8;
/*!40101 SET character_set_client = @saved_cs_client */;

--
-- Dumping data for table `weather_cacher`
--

INSERT INTO `weather_cacher` VALUES (1,18,1,'openweathermap','{\"city\":{\"id\":3188383,\"name\":\"Varazdin\",\"coord\":{\"lon\":16.33778,\"lat\":46.30444},\"country\":\"HR\",\"population\":0},\"cod\":\"200\",\"message\":0.0335,\"cnt\":8,\"list\":[{\"dt\":1475143200,\"temp\":{\"day\":27.71,\"min\":16.02,\"max\":27.71,\"night\":16.02,\"eve\":25.95,\"morn\":27.71},\"pressure\":1009.57,\"humidity\":57,\"weather\":[{\"id\":800,\"main\":\"Clear\",\"description\":\"clear sky\",\"icon\":\"01d\"}],\"speed\":3.01,\"deg\":213,\"clouds\":0},{\"dt\":1475229600,\"temp\":{\"day\":20.7,\"min\":14.44,\"max\":23.39,\"night\":17.89,\"eve\":22.52,\"morn\":14.44},\"pressure\":1005,\"humidity\":66,\"weather\":[{\"id\":801,\"main\":\"Clouds\",\"description\":\"few clouds\",\"icon\":\"02d\"}],\"speed\":2.79,\"deg\":250,\"clouds\":20},{\"dt\":1475316000,\"temp\":{\"day\":21.78,\"min\":17.33,\"max\":23.24,\"night\":18.22,\"eve\":22.59,\"morn\":17.33},\"pressure\":1000.93,\"humidity\":60,\"weather\":[{\"id\":800,\"main\":\"Clear\",\"description\":\"clear sky\",\"icon\":\"01d\"}],\"speed\":4.93,\"deg\":236,\"clouds\":0},{\"dt\":1475402400,\"temp\":{\"day\":15.8,\"min\":11.65,\"max\":17.45,\"night\":11.65,\"eve\":17.22,\"morn\":17.45},\"pressure\":1000.33,\"humidity\":100,\"weather\":[{\"id\":501,\"main\":\"Rain\",\"description\":\"moderate rain\",\"icon\":\"10d\"}],\"speed\":0.27,\"deg\":335,\"clouds\":92,\"rain\":5.26},{\"dt\":1475488800,\"temp\":{\"day\":21.16,\"min\":11.6,\"max\":21.16,\"night\":11.6,\"eve\":15.77,\"morn\":13.51},\"pressure\":1006.62,\"humidity\":0,\"weather\":[{\"id\":500,\"main\":\"Rain\",\"description\":\"light rain\",\"icon\":\"10d\"}],\"speed\":1.23,\"deg\":13,\"clouds\":14,\"rain\":0.22},{\"dt\":1475575200,\"temp\":{\"day\":19.4,\"min\":10.69,\"max\":19.4,\"night\":10.69,\"eve\":13.88,\"morn\":12.17},\"pressure\":1012.36,\"humidity\":0,\"weather\":[{\"id\":500,\"main\":\"Rain\",\"description\":\"light rain\",\"icon\":\"10d\"}],\"speed\":1.6,\"deg\":111,\"clouds\":50,\"rain\":0.64},{\"dt\":1475661600,\"temp\":{\"day\":15.68,\"min\":5.35,\"max\":15.68,\"night\":5.35,\"eve\":9.71,\"morn\":9.97},\"pressure\":1013.74,\"humidity\":0,\"weather\":[{\"id\":500,\"main\":\"Rain\",\"description\":\"light rain\",\"icon\":\"10d\"}],\"speed\":1.68,\"deg\":133,\"clouds\":4,\"rain\":0.35},{\"dt\":1475748000,\"temp\":{\"day\":15.32,\"min\":4.95,\"max\":15.32,\"night\":6.36,\"eve\":9.96,\"morn\":4.95},\"pressure\":1011.99,\"humidity\":0,\"weather\":[{\"id\":800,\"main\":\"Clear\",\"description\":\"clear sky\",\"icon\":\"01d\"}],\"speed\":0.48,\"deg\":119,\"clouds\":4}]}','2016-09-29 21:10:44');

--
-- Table structure for table `widget_options`
--

DROP TABLE IF EXISTS `widget_options`;
/*!40101 SET @saved_cs_client     = @@character_set_client */;
/*!40101 SET character_set_client = utf8 */;
CREATE TABLE `widget_options` (
  `id` int(11) NOT NULL AUTO_INCREMENT,
  `template` varchar(64) COLLATE utf8_unicode_ci NOT NULL DEFAULT '',
  `page_id` int(11) DEFAULT NULL,
  `widget_name` varchar(256) COLLATE utf8_unicode_ci NOT NULL DEFAULT '',
  `option_name` varchar(256) COLLATE utf8_unicode_ci NOT NULL DEFAULT '',
  PRIMARY KEY (`id`)
) ENGINE=InnoDB DEFAULT CHARSET=utf8 COLLATE=utf8_unicode_ci;
/*!40101 SET character_set_client = @saved_cs_client */;

--
-- Dumping data for table `widget_options`
--


--
-- Table structure for table `widget_options_lang`
--

DROP TABLE IF EXISTS `widget_options_lang`;
/*!40101 SET @saved_cs_client     = @@character_set_client */;
/*!40101 SET character_set_client = utf8 */;
CREATE TABLE `widget_options_lang` (
  `id` int(11) NOT NULL AUTO_INCREMENT,
  `widget_options_id` int(11) DEFAULT NULL,
  `language_id` int(11) DEFAULT NULL,
  `value` text COLLATE utf8_unicode_ci NOT NULL,
  PRIMARY KEY (`id`)
) ENGINE=InnoDB DEFAULT CHARSET=utf8 COLLATE=utf8_unicode_ci;
/*!40101 SET character_set_client = @saved_cs_client */;

--
-- Dumping data for table `widget_options_lang`
--


--
-- Table structure for table `withdrawal`
--

DROP TABLE IF EXISTS `withdrawal`;
/*!40101 SET @saved_cs_client     = @@character_set_client */;
/*!40101 SET character_set_client = utf8 */;
CREATE TABLE `withdrawal` (
  `id_withdrawal` int(11) NOT NULL AUTO_INCREMENT,
  `user_id` int(11) DEFAULT NULL,
  `amount` decimal(10,2) DEFAULT NULL,
  `currency` varchar(45) COLLATE utf8_unicode_ci DEFAULT NULL,
  `completed` tinyint(1) DEFAULT '0',
  `date_requested` datetime DEFAULT NULL,
  `date_completed` datetime DEFAULT NULL,
  `withdrawal_email` varchar(160) COLLATE utf8_unicode_ci DEFAULT NULL,
  PRIMARY KEY (`id_withdrawal`)
) ENGINE=InnoDB AUTO_INCREMENT=5 DEFAULT CHARSET=utf8 COLLATE=utf8_unicode_ci;
/*!40101 SET character_set_client = @saved_cs_client */;

--
-- Dumping data for table `withdrawal`
--

INSERT INTO `withdrawal` VALUES (3,18,10.00,'USD',0,'2015-03-11 16:20:47',NULL,'sandi.winter@gmail.com'),(4,18,8.00,'USD',0,'2015-03-13 18:12:13',NULL,'sandi.winter@gmail.com');
/*!40103 SET TIME_ZONE=@OLD_TIME_ZONE */;

/*!40101 SET SQL_MODE=@OLD_SQL_MODE */;
/*!40014 SET FOREIGN_KEY_CHECKS=@OLD_FOREIGN_KEY_CHECKS */;
/*!40014 SET UNIQUE_CHECKS=@OLD_UNIQUE_CHECKS */;
/*!40101 SET CHARACTER_SET_CLIENT=@OLD_CHARACTER_SET_CLIENT */;
/*!40101 SET CHARACTER_SET_RESULTS=@OLD_CHARACTER_SET_RESULTS */;
/*!40101 SET COLLATION_CONNECTION=@OLD_COLLATION_CONNECTION */;
/*!40111 SET SQL_NOTES=@OLD_SQL_NOTES */;

-- Dump completed on 2018-07-04 16:52:53
